path	bytes	sha256	artifact_class	redistribution_status	sensitive_data_status	disposition
.gitattributes	244	0be1fb3edb5fdddfc77bbbaef56e97977ab173e84eb2aea36cec66a27cbfadc9	repo-root	approved	none	keep_public
.github/workflows/ci.yml	1368	0f6edd03ac9ba6daddc40283359d8968ef1ab05dacda5a98a8c379bf26c45697	ci-config	approved	none	keep_public
.github/workflows/reproducibility.yml	1291	499aa11ec5281e680e653581c19652e79aba2600692abb8e29eb931df10bad68	ci-config	approved	none	keep_public
.gitignore	2860	88bcb5918c9e82f1637b223331b7749995edf49bc4f0a0a4db9757c3a8548e35	repo-root	approved	none	keep_public
00_plan/annotation_and_leakage_policy.md	5552	ae82e223bbf2bf62dbe5076a4a029b34837435fe42547655360fca43aae125dc	project-plan	approved	none	keep_public
00_plan/experiments_and_evaluation.md	7885	b5cac2df3b098da6dca109754a82222884310dd77833b13f61e96610f9df429e	project-plan	approved	none	keep_public
00_plan/literature_synthesis.md	17550	e7b95d18f5a1c8108ca663cd7e66fc9551153d54e4d82c284ecafba23f0821b1	project-plan	approved	none	keep_public
00_plan/project_proposal.md	7289	568041fff300d99edd5b88e915e80224b32e7f54ad907d9edfef50071c226455	project-plan	approved	none	keep_public
00_plan/remaining-work.md	2979	dd4026b0257db5e5337b554b4c0b89ab8ee5c068872047597fcda17067f5e5c7	project-plan	approved	none	keep_public
00_plan/timeline_and_scope.md	3623	6144b26b3ed326399f623acabb0bdafe4c97c17d1e65945941911edd80aaa05a	project-plan	approved	none	keep_public
01_papers/catalog.jsonl	1257673	4e8d15ba44762ab50f4dd6cdee7c185433be7accd2a7c8720de6e4028c7ddb57	paper-metadata	approved	public_metadata_approved	keep_public
01_papers/catalog.tsv	426032	aa9f9c7ad1a43ea16c2fdba0ca44964ed4cf738bd4f21450c53be15e270f669e	paper-metadata	approved	public_metadata_approved	keep_public
01_papers/confirmed_primary.jsonl	952012	e2c81b98f8f0059b8fa2f4f7b905491b04b1de959daa5156686d15ef226ce011	paper-metadata	approved	public_metadata_approved	keep_public
01_papers/core-literature.md	1935	8c0b0d6f5c5d5a9f6048a8c85dc4387328531cdb596371566f946c7d2050206f	paper-metadata	approved	public_metadata_approved	keep_public
01_papers/core-literature.tsv	11480	8e27e417cdd2c1a77edce978e2c96dd30af9375f51c168c4b61d047b8c3034c9	paper-metadata	approved	public_metadata_approved	keep_public
01_papers/enriched/README.md	9665	19a15b916f6a6db85dafc19b483d6d5e012aab646bf1cf3a5f91741cf1a7c1bf	paper-metadata	approved	public_metadata_approved	keep_public
01_papers/enriched/acquire-metadata.py	9099	a7ef2a8d60d2895c4f39cc018c3c7495166c8b4c0f698181d3818cbe0f8f6972	paper-metadata	approved	public_metadata_approved	keep_public
01_papers/enriched/acquire-priority-publications.py	2208	3606f93ac9d2e4c1e7044d4c96168cc38a46d446794f24f41c95275816f6095a	paper-metadata	approved	public_metadata_approved	keep_public
01_papers/enriched/acquire-priority-text.py	2845	3d1b3e465a70a4e963851b8fd721af47b60766e959e2244486efa8493e66a292	paper-metadata	approved	public_metadata_approved	keep_public
01_papers/enriched/acquisition-log.jsonl	205067	0fd7b785f3d87bc560455bc538d8e842ebc5e1cb6bed6c80e4cd0426c76fd746	paper-metadata	approved	public_metadata_approved	keep_public
01_papers/enriched/alias-version-map.tsv	218317	79147a1237742004ee3b22b555933bb402c9d372b458ad9ed6bd6c938c4a0a0a	paper-metadata	approved	public_metadata_approved	keep_public
01_papers/enriched/canonical-work-candidates.tsv	55	5a3af594d62ec8d819b4a6295bdf8eb97c738e2f8b6d32d3e3123849f58a4835	paper-metadata	approved	public_metadata_approved	keep_public
01_papers/enriched/catalog-enriched.jsonl	4463621	3afd1a6c086638d1c1509f4d2cf0e7d04c7f4fc653f5971cb4526a68e9f1b821	paper-metadata	approved	public_metadata_approved	keep_public
01_papers/enriched/catalog-enriched.tsv	492901	0c1b06f7cb096ee67db6d65ee2b84c10fb1d5830a97323b16735588394ff8ad6	paper-metadata	approved	public_metadata_approved	keep_public
01_papers/enriched/divlog-publication-metadata.json	821	b342f01b40f2844cb93287feda086e6494eae9eb500358d8a46e8b5b2839a019	paper-metadata	approved	public_metadata_approved	keep_public
01_papers/enriched/finalize-research.py	18783	0c84aa75883b297720a80381233ba20c8605fdc9deaefe8b8165bf043fd79511	paper-metadata	approved	public_metadata_approved	keep_public
01_papers/enriched/freshness-additions.jsonl	17359	f1914ddb8c90206cba06d29adcdf5b226ce04cc883bd3c32fae47fb8de3ecfe1	paper-metadata	approved	public_metadata_approved	keep_public
01_papers/enriched/freshness-screening.md	4111	2ad9f4beb9459589d7248fdb20cb79a21ac564651394510e3ab230e7b393c989	paper-metadata	approved	public_metadata_approved	keep_public
01_papers/enriched/gap-candidates-evidence.jsonl	3547	ca44ae2a18eaa8e0131b290322762f50946f7c5972e913215854a7742c44126e	paper-metadata	approved	public_metadata_approved	keep_public
01_papers/enriched/gap-candidates.bib	2416	57482eff08456fe58695d260bc7de5eb101c065e23bcfab6a28fbbaf95de9bfa	paper-metadata	approved	public_metadata_approved	keep_public
01_papers/enriched/gap-candidates.jsonl	4319	433a4c902b0ec4de27d452ba9326df09616069140ef12915f105be2858216c92	paper-metadata	approved	public_metadata_approved	keep_public
01_papers/enriched/gap-candidates.tsv	2885	32bbfae5ab071ac0a343d364c8ee78a74fdba6022bf4bad607b91cc77928d005	paper-metadata	approved	public_metadata_approved	keep_public
01_papers/enriched/handoff-checksums.json	1683	4b45d8096b9ab7d1c73ea0da153d5c76652318de5f78a70606336573a80c6b2e	paper-metadata	approved	public_metadata_approved	keep_public
01_papers/enriched/official-acl-bibtex/2021.acl-long.477.bib	1820	c9826d68f378d0ab7d1bb7467370fd76ef461b0096e723c1952118ce765bf799	paper-metadata	approved	public_metadata_approved	keep_public
01_papers/enriched/official-acl-bibtex/2021.eacl-main.74.bib	1457	9b182d7c1cadaf57390afebca16b95758c3f1d774174e9b272cc2316860d77aa	paper-metadata	approved	public_metadata_approved	keep_public
01_papers/enriched/official-acl-bibtex/2021.emnlp-main.224.bib	1925	20d23cbdb31f61c09620bd38b5a8786172c6d41ba902590edecda5107f21d358	paper-metadata	approved	public_metadata_approved	keep_public
01_papers/enriched/official-acl-bibtex/2021.emnlp-main.227.bib	1870	4e3607d0ee375d3d3841ac2b7670cb05fbd7952d44f51f6331761f0e9a501c48	paper-metadata	approved	public_metadata_approved	keep_public
01_papers/enriched/official-acl-bibtex/2021.emnlp-main.492.bib	1974	c9a0faf73805f3e423d94574ba06f0e1a6c8e7bfb15436a285d10373f5251184	paper-metadata	approved	public_metadata_approved	keep_public
01_papers/enriched/official-acl-bibtex/2021.findings-acl.191.bib	833	7f0783b170d81ac14135715f1c10bf905b8348b535374bb50e89a0102d7b0bdc	paper-metadata	approved	public_metadata_approved	keep_public
01_papers/enriched/official-acl-bibtex/2021.findings-emnlp.198.bib	2072	a6991c348c41182be9504dba005a9e003a33f34c274b723177bc9d2bca6a12da	paper-metadata	approved	public_metadata_approved	keep_public
01_papers/enriched/official-acl-bibtex/2021.naacl-main.43.bib	1657	bef325cafd27cf704ae3427e9fdae939e5011e13b81c08cd0beac740382ee133	paper-metadata	approved	public_metadata_approved	keep_public
01_papers/enriched/official-acl-bibtex/2021.naacl-main.46.bib	2215	ddb933c082981bcb079745663f432a2f5aa0dc816385e9793c6cda9deceea482	paper-metadata	approved	public_metadata_approved	keep_public
01_papers/enriched/official-acl-bibtex/2021.repl4nlp-1.17.bib	1725	9541e4eb5d3015de3bcfc9c32a0c188a165cfdbe9db7cca09c9d9bc5e7f96e94	paper-metadata	approved	public_metadata_approved	keep_public
01_papers/enriched/official-acl-bibtex/2021.tacl-1.22.bib	1370	9ad62af79831b6281637ff939644aa9f46d5406c4c2cb0867f43cdbfbcdb288f	paper-metadata	approved	public_metadata_approved	keep_public
01_papers/enriched/official-acl-bibtex/2022.acl-long.76.bib	1796	6f35ca5b6a5788f109e141ce4f273b58ebcfd5d85b8efdda1561f017f64c4f63	paper-metadata	approved	public_metadata_approved	keep_public
01_papers/enriched/official-acl-bibtex/2022.coling-1.86.bib	2426	b5be241e7eece1d355628c043bb0850127d89ee824d3dd4e386e6d82f36ea9fb	paper-metadata	approved	public_metadata_approved	keep_public
01_papers/enriched/official-acl-bibtex/2022.emnlp-industry.50.bib	2088	43406999cc18b17b897e3e430a479001c024da0e9e0e4334d2d500522b8997f1	paper-metadata	approved	public_metadata_approved	keep_public
01_papers/enriched/official-acl-bibtex/2023.acl-long.147.bib	2413	390fa4aff4c7d7f71fe0675156e20a740306b4bd7ccb7ffcbd50d31aaa83aa4f	paper-metadata	approved	public_metadata_approved	keep_public
01_papers/enriched/official-acl-bibtex/2023.emnlp-demo.4.bib	1729	5dd7fd4e3cda642520a7465467223a52ad66255715bd36903eefcf9257d62d43	paper-metadata	approved	public_metadata_approved	keep_public
01_papers/enriched/official-acl-bibtex/2023.emnlp-main.151.bib	2163	2fcd70ccc034d732719b77bb7883ae12fed68d07b34ff9ff35bf31ad8839ccbf	paper-metadata	approved	public_metadata_approved	keep_public
01_papers/enriched/official-acl-bibtex/2023.emnlp-main.322.bib	1938	84ce1a3d9e9f529654b4b7312ce78c3a17708a207f01b36d3b12be22763abca9	paper-metadata	approved	public_metadata_approved	keep_public
01_papers/enriched/official-acl-bibtex/2023.emnlp-main.398.bib	1987	c8d621efb3725b13a194e23f25e87d334b726d256c34a5d9fe5db944b997d5a6	paper-metadata	approved	public_metadata_approved	keep_public
01_papers/enriched/official-acl-bibtex/2023.emnlp-main.585.bib	1490	5303323eda2adcb649061df032d34eddb5a2f040e715fde8e40221088016ec48	paper-metadata	approved	public_metadata_approved	keep_public
01_papers/enriched/official-acl-bibtex/2023.emnlp-main.623.bib	2093	4da1e8622f78c5af482c4b400c53e8165629893c6b7c70088e0f69a24a85c8d1	paper-metadata	approved	public_metadata_approved	keep_public
01_papers/enriched/official-acl-bibtex/2023.emnlp-main.825.bib	1746	e525feaa74b0eba06aa92966e57b888a2a9f674de7cf9bd9ea83685c39a67925	paper-metadata	approved	public_metadata_approved	keep_public
01_papers/enriched/official-acl-bibtex/2023.emnlp-main.923.bib	2114	0a9b667e93d093889d4ad98ccf8b3ce09633ed7b8a676ef4ebfcff9d2bf98972	paper-metadata	approved	public_metadata_approved	keep_public
01_papers/enriched/official-acl-bibtex/2023.findings-acl.167.bib	2045	b09ca91dcdb7fcb6eda8e4bc1ef746f21f56ee1c380eed8a310aaa04abc337c7	paper-metadata	approved	public_metadata_approved	keep_public
01_papers/enriched/official-acl-bibtex/2023.findings-acl.225.bib	1817	dc3a6c9383df39a23e39771904453790280162a14ebc7de19d4fccb1fa67eee6	paper-metadata	approved	public_metadata_approved	keep_public
01_papers/enriched/official-acl-bibtex/2023.findings-acl.275.bib	2038	174d6670049178f341cefef733b3119c17a7eb558dfb1ed2cd1c0e7f822afb47	paper-metadata	approved	public_metadata_approved	keep_public
01_papers/enriched/official-acl-bibtex/2023.findings-acl.528.bib	1734	97a413c915839f15eef8ed7f28af833b147cf0f9bcb013535a4a6ad16a73ae29	paper-metadata	approved	public_metadata_approved	keep_public
01_papers/enriched/official-acl-bibtex/2023.findings-acl.61.bib	1747	71cd3e43f51f475052a417b6b712506fcc147b8882f0b07304358839fce6145e	paper-metadata	approved	public_metadata_approved	keep_public
01_papers/enriched/official-acl-bibtex/2023.findings-emnlp.398.bib	1820	52883396fb0431bd0bd8f44e95827e42c074b131c4895a6e5328c13c1346fe2d	paper-metadata	approved	public_metadata_approved	keep_public
01_papers/enriched/official-acl-bibtex/2023.findings-emnlp.590.bib	1726	612294772611a5a7bcd3153775960163217e4cdbd4e02aeacb09b922a568e894	paper-metadata	approved	public_metadata_approved	keep_public
01_papers/enriched/official-acl-bibtex/2023.findings-emnlp.655.bib	2203	25c6cd11b4f2c2bdadfa8d4b332892f90b38d190ebc0742220b4c528138db9f3	paper-metadata	approved	public_metadata_approved	keep_public
01_papers/enriched/official-acl-bibtex/2023.findings-emnlp.691.bib	1842	f443354db8414dcc3afc5f62a95a07f722086985246cd1faaa696a199e229574	paper-metadata	approved	public_metadata_approved	keep_public
01_papers/enriched/official-acl-bibtex/2023.findings-emnlp.86.bib	2050	31c77d877d55cbdbb684c701574b1f805a6b85f1642c7537c60ae15f1f269232	paper-metadata	approved	public_metadata_approved	keep_public
01_papers/enriched/official-acl-bibtex/2023.findings-emnlp.90.bib	1715	235eb46d704b1eda549ae258758fea56cf213f4db1139ca37598c3f340c90722	paper-metadata	approved	public_metadata_approved	keep_public
01_papers/enriched/official-acl-bibtex/2023.findings-emnlp.950.bib	1712	0e78e1d97adc81e093acb439e3870d0a3b0a47b24b70213d6b699be7fbe496c1	paper-metadata	approved	public_metadata_approved	keep_public
01_papers/enriched/official-acl-bibtex/2023.ijcnlp-main.65.bib	949	af8d18638a3c9c2e451589e8f4c447f41970a560f678c0a1c216b85d1f0499f2	paper-metadata	approved	public_metadata_approved	keep_public
01_papers/enriched/official-acl-bibtex/2023.sigdial-1.34.bib	1927	d919866f0393b3bde6c8a7a04db38263a00b7e57ffbd294868ffb21ea58d4c78	paper-metadata	approved	public_metadata_approved	keep_public
01_papers/enriched/official-acl-bibtex/2024.acl-demos.35.bib	1850	057f57e405a5467ddab72f8ea427b97dd6540ce8f301645be4fb3649d0402154	paper-metadata	approved	public_metadata_approved	keep_public
01_papers/enriched/official-acl-bibtex/2024.acl-long.125.bib	1587	5c8431f758201e4fe6d2d4005fa74d486d8747c5614747fcec678902a4bdf2cb	paper-metadata	approved	public_metadata_approved	keep_public
01_papers/enriched/official-acl-bibtex/2024.acl-long.313.bib	1909	eb495be7e6cec332943275c00d05ad41ed20de28742ecd88d17466b9fcba6e0f	paper-metadata	approved	public_metadata_approved	keep_public
01_papers/enriched/official-acl-bibtex/2024.acl-long.642.bib	1824	b12239f8241aed190a411eb570e25d70c2e0a7d2a771f26cf3b5ec8e43c45fb4	paper-metadata	approved	public_metadata_approved	keep_public
01_papers/enriched/official-acl-bibtex/2024.eacl-short.34.bib	1828	75848c2293d2d4a8f5608eb40da1dbf11c8394657aebec9b1ee361778adcaae4	paper-metadata	approved	public_metadata_approved	keep_public
01_papers/enriched/official-acl-bibtex/2024.emnlp-main.25.bib	2041	e6e72e8578e1ff4994a90af2b23b11b1902f7c0d91b992ad93fb39c77ce89727	paper-metadata	approved	public_metadata_approved	keep_public
01_papers/enriched/official-acl-bibtex/2024.emnlp-main.528.bib	2269	95d686eb930d66e93d8b1923c189539c3b0c3179ef6f6314744dd0e245541ecd	paper-metadata	approved	public_metadata_approved	keep_public
01_papers/enriched/official-acl-bibtex/2024.findings-acl.376.bib	2053	254c4adc2a4c536d404b476953a0ebb7e84584078788f67d3acbf56572bfe9e3	paper-metadata	approved	public_metadata_approved	keep_public
01_papers/enriched/official-acl-bibtex/2024.findings-acl.706.bib	1772	b8e8c108d1d4c6bd7057b085b9c78c4203832608485d6aa8b0a63c26fb3bc709	paper-metadata	approved	public_metadata_approved	keep_public
01_papers/enriched/official-acl-bibtex/2024.findings-eacl.132.bib	2063	caf407971996898e62999c8600b1ca912b9fc8e073bb1f4da82fa8b3762523b5	paper-metadata	approved	public_metadata_approved	keep_public
01_papers/enriched/official-acl-bibtex/2024.findings-naacl.97.bib	2398	d6e6746e366fb99b4dcda0348b938f7962bcbe344a5701c710e6d0a3a408ffa3	paper-metadata	approved	public_metadata_approved	keep_public
01_papers/enriched/official-acl-bibtex/2024.scichat-1.5.bib	1999	f96b03aa90df8375486141a4ef1fba4b659d5943497723c897ecd88574cb90cc	paper-metadata	approved	public_metadata_approved	keep_public
01_papers/enriched/official-acl-bibtex/2025.acl-long.8.bib	2301	9763e4ef99a0548860720299d38a1a1175f3737694bdcc78b65c887b8cdee047	paper-metadata	approved	public_metadata_approved	keep_public
01_papers/enriched/official-acl-bibtex/2025.findings-emnlp.279.bib	2095	3cf1144b32473f445dc38592037392c491a78c56e3a4f2cde1036924ab82c1cf	paper-metadata	approved	public_metadata_approved	keep_public
01_papers/enriched/official-acl-bibtex/D13-1160.bib	696	5e3998aaeafefa524fb4131ba7537e45ce37507178e0354747705dd3ccb17d7a	paper-metadata	approved	public_metadata_approved	keep_public
01_papers/enriched/official-acl-bibtex/D19-1428.bib	1596	90a2aad25d2819fd81f326d6d339f37fc6250b8be45281b2b394a8cba03f57bd	paper-metadata	approved	public_metadata_approved	keep_public
01_papers/enriched/official-acl-bibtex/K19-1049.bib	1598	19f368fde3a3e9ccc1445f50311902f28616ede5cb1dfa915fe6e7e051670f81	paper-metadata	approved	public_metadata_approved	keep_public
01_papers/enriched/priority-publication-resolution.jsonl	152668	07dbb53ebf51ef886bb019a21189433cc293c5a35324b7b5380cff6805629587	paper-metadata	approved	public_metadata_approved	keep_public
01_papers/enriched/priority-publication-unresolved.tsv	8025	e68600ab45ca49c69bc6a6da443a1a62e1e77c25c1e0a61142240fd53b28a829	paper-metadata	approved	public_metadata_approved	keep_public
01_papers/enriched/priority-source-index.jsonl	302150	480b6ac1f8fe6afd64064f1818b6fd0079f9857c48161b3d705fb6e91ddce7e7	paper-metadata	approved	public_metadata_approved	keep_public
01_papers/enriched/publication-class.tsv	163590	e436b335f672197005baaf5fb41ee021c7247b83388a951781322210d7a72417	paper-metadata	approved	public_metadata_approved	keep_public
01_papers/enriched/publication_overlay.py	17915	b13f98718a17919be2c7774c21400c89e9ea1c5ad975bdee8dd70851885f408b	paper-metadata	approved	public_metadata_approved	keep_public
01_papers/enriched/q1-recount.md	14637	3f03f2b53381ac198ecbfd17e6a8519fcfb4dbfc063d3a7e134e5b10844fe0a5	paper-metadata	approved	public_metadata_approved	keep_public
01_papers/enriched/query-rewriting-publication-metadata.json	1976	3d4acdbe61107e6c49fc8777d7dae3f7a62c7ffe46b7377845dee8c738a7b1b7	paper-metadata	approved	public_metadata_approved	keep_public
01_papers/enriched/rank-evidence.jsonl	8242	b5570008389d0e920a7248a84fe4e1be8443c7ece2f50cf1a95aa4d78a415b89	paper-metadata	approved	public_metadata_approved	keep_public
01_papers/enriched/reading-extraction-matrix.jsonl	35401	8d379d9f01bba180f4bb97571269a4238b32f70890d1ab44f1db6ac5d80c0987	paper-metadata	approved	public_metadata_approved	keep_public
01_papers/enriched/reading-extraction-matrix.tsv	28931	cd97e9a449be336dcd1063995d05daeb3c5770179eaa5066dad1daf92144487e	paper-metadata	approved	public_metadata_approved	keep_public
01_papers/enriched/reading-extractions.json	33782	e60530fe227dcc874c7fd573ab107222c61f30abc5dcae40d19db4a08f2b53ce	paper-metadata	approved	public_metadata_approved	keep_public
01_papers/enriched/references-freshness.bib	2862	9b4c3f1297e6fed810698ec37976dc5880be3b01dc5926f76e62a36ad270592d	paper-metadata	approved	public_metadata_approved	keep_public
01_papers/enriched/references-priority50.bib	31207	5ee6302a14536c405c5dc030ec899168658b6e3b4175c9e66716c7cf4ad6e841	paper-metadata	approved	public_metadata_approved	keep_public
01_papers/enriched/references-verified.bib	557024	e3b358af0f4be58c39c974f04954862445b6321707f1800bd23a9671eb5eb52a	paper-metadata	approved	public_metadata_approved	keep_public
01_papers/enriched/rescue-acquisition-log.jsonl	134095	5873a6d70c8fb6050930eca1d34b724d2c1e51f84cca7170185a01ac8343e97d	paper-metadata	approved	public_metadata_approved	keep_public
01_papers/enriched/rescue-extra-metadata.jsonl	16147	f4af469b22fa94bef23c9309d7118758b7f619fd8cb456c5b71d2892d2adcf55	paper-metadata	approved	public_metadata_approved	keep_public
01_papers/enriched/rescue-metadata.jsonl	469873	83070979bb1f15052ccf5531111f47694446250b0dd3f6b8458154e684d645fe	paper-metadata	approved	public_metadata_approved	keep_public
01_papers/enriched/rescue-metadata.py	13075	335ae1dc0595c54031f859283cc3e6651707e6a3aa4ea96c720fdb7bf0bedaf9	paper-metadata	approved	public_metadata_approved	keep_public
01_papers/enriched/rescue-publication-additions.jsonl	47168	aa29090ec6449f4e2ba7950dc6acc10c9af7929bd333176e671e58ebbc62c102	paper-metadata	approved	public_metadata_approved	keep_public
01_papers/enriched/rescue-report.md	2670	c4fc0c7386b19b29e5b557c245a3c9462b79c25de82412073ce7183dc062fb6b	paper-metadata	approved	public_metadata_approved	keep_public
01_papers/enriched/rescue-summary.json	959	f956a159128ce7f355dc60f8f712c0b83d08d6e0494956a8c9f2d2b9ab9d70e4	paper-metadata	approved	public_metadata_approved	keep_public
01_papers/enriched/research-statistics.json	661	0d803099bbfa3a931e9ae2e7ecfc8e3d4889c78b25af46cd923ea6de84f7dcaf	paper-metadata	approved	public_metadata_approved	keep_public
01_papers/enriched/selective-pdf-source-index.jsonl	1575	b4451d3eae769d744dc03d49a3f68453d5ab5db9c78da0ce914aa8dd982da3f3	paper-metadata	approved	public_metadata_approved	keep_public
01_papers/enriched/unresolved.tsv	2018	08ee467b310417f12525df68a4efc545acfbdc1ce5e4e886964740af47249950	paper-metadata	approved	public_metadata_approved	keep_public
01_papers/enriched/work-relations.tsv	345	59e9205d48c900ef838b19aae032c8f1b12d940ff38ebd247c8227aec6995ed7	paper-metadata	approved	public_metadata_approved	keep_public
01_papers/links.txt	39460	da9e2c73ebb0d0879c6fba22289029693a4d370b805ff4ff588715fedeeb98f4	paper-metadata	approved	public_metadata_approved	keep_public
01_papers/priority_reading.md	21930	2fceb6ffa33cd7f731027df6651a35c14da8d3acd8d60da2887841272cda8080	paper-metadata	approved	public_metadata_approved	keep_public
01_papers/publication-ranking-policy.md	3108	fd90129108ae773aa33aebea54cc9d07dddf569d8c484db5b45bad12be20ac5e	paper-metadata	approved	public_metadata_approved	keep_public
01_papers/reading-notes/P0001.md	1978	d101ddedd2999ef3e7dd18bd6604628d77d02a8f000a30df5e98cdcc96121c8e	paper-metadata	approved	public_metadata_approved	keep_public
01_papers/reading-notes/P0003.md	1959	c87665661c71e53281898fb113f56ceec7bf7120914ce415982de5287840878c	paper-metadata	approved	public_metadata_approved	keep_public
01_papers/reading-notes/P0005.md	2229	e2591f35969fcf6619a0166974862c90a07ec0b518602fe08d50d95caeda7711	paper-metadata	approved	public_metadata_approved	keep_public
01_papers/reading-notes/P0007.md	2057	3e8e1fa17cc6deb5a3198b38702a2e44e62972819996ae9aafe4c49818da7ecb	paper-metadata	approved	public_metadata_approved	keep_public
01_papers/reading-notes/P0009.md	2004	e926b0253249338cd4c22fe3cc12e13b556e08b569482caf2fa5461dcd6a0b4f	paper-metadata	approved	public_metadata_approved	keep_public
01_papers/reading-notes/P0011.md	1946	27f750956825b811e850a5af8bdc2cf1e3f5006d55c19bc489ee0a9d1f32e8b5	paper-metadata	approved	public_metadata_approved	keep_public
01_papers/reading-notes/P0013.md	1942	2951ab9f58c5e104c02008b3d1e0644591cf7b445a70ddd4cbb0f72d800897a9	paper-metadata	approved	public_metadata_approved	keep_public
01_papers/reading-notes/P0035.md	1877	a9dfcbef3eb962a20e600fc7e7ddd886e0e147ac3d6b791a2bfb1f7bb0f36858	paper-metadata	approved	public_metadata_approved	keep_public
01_papers/reading-notes/P0052.md	1874	ffa362d65615bf223ff73c5fe85b4664ed7ed47ef25469d1bcef64704fa0d4f0	paper-metadata	approved	public_metadata_approved	keep_public
01_papers/reading-notes/P0054.md	1921	8aaead7c8c8a55a3b02a67e216536293241a0bea42366273fd993a159bbe31d2	paper-metadata	approved	public_metadata_approved	keep_public
01_papers/reading-notes/P0055.md	2386	81a016a41beb6b4f23db3274dc89c8e030c3bcb5f91b8825abca9b1457689842	paper-metadata	approved	public_metadata_approved	keep_public
01_papers/reading-notes/P0069.md	2101	c3dabc51d858820413611becf5050614fc1abb3b69a1feeb486557df5d1d45a7	paper-metadata	approved	public_metadata_approved	keep_public
01_papers/reading-notes/P0071.md	2100	4705e4ea26bb92b003e65e44e007ba58029ec3722d6d9f9d83d7af83a80a5c8c	paper-metadata	approved	public_metadata_approved	keep_public
01_papers/reading-notes/P0075.md	1823	760d12bc3dbbd261a71a2ba35874f1c166dc3faf70c1bf47bf67b32371448ee0	paper-metadata	approved	public_metadata_approved	keep_public
01_papers/reading-notes/P0107.md	1981	b51210aaca5a88e2fd0bdcf973de2d57ce4217d6a013c185b1dc83daff9ff67e	paper-metadata	approved	public_metadata_approved	keep_public
01_papers/reading-notes/P0108.md	1888	92331a7478f5eeb931f34ac84c1e2ded709e66f94809ebdffb156e87c8acd7e2	paper-metadata	approved	public_metadata_approved	keep_public
01_papers/reading-notes/P0109.md	1876	0cb0885ffdbe72da911f46e9645dbd414180036a02e79d63f0506d0846654750	paper-metadata	approved	public_metadata_approved	keep_public
01_papers/reading-notes/P0111.md	1574	290025bcd380e620a425bf5b7ffe50767b9c3a5c04d421e2664f805bb7e1454b	paper-metadata	approved	public_metadata_approved	keep_public
01_papers/reading-notes/P0114.md	1829	207c2f3f0325dc006357b74f4482411e8ba88a99df1b5cb0e00b71384de2d65f	paper-metadata	approved	public_metadata_approved	keep_public
01_papers/reading-notes/P0115.md	1597	934ed41c91cc9cc345451c2c22fabbfb2d46141e75d6eb5bcf136c3f01158db7	paper-metadata	approved	public_metadata_approved	keep_public
01_papers/reading-notes/P0120.md	1712	c769ad86053f84e66c0a988e0b2ac362a8e737ecb8112b46d718c4488c3fd43c	paper-metadata	approved	public_metadata_approved	keep_public
01_papers/reading-notes/P0121.md	1749	18b7c1545ab7e31cc7cba8003c2a3229b740be190240aaa5e0ad6905569f53cd	paper-metadata	approved	public_metadata_approved	keep_public
01_papers/reading-notes/P0199.md	1694	ea0ad819ad42ef39aef2d613f727160f7d656fabb588ac74fee48f4db4a20d82	paper-metadata	approved	public_metadata_approved	keep_public
01_papers/reading-notes/P0214.md	1801	03196a19929a572866006ef4a2e29ef6de21973477acc800d6f23144aeab5e9e	paper-metadata	approved	public_metadata_approved	keep_public
01_papers/reading-notes/P0230.md	1646	ad66c9c8aa7cdb4d4e3bdb6afd0d5e7d6badf135267698e0657f7d6b1fafd37b	paper-metadata	approved	public_metadata_approved	keep_public
01_papers/reading-notes/P0245.md	1680	c2816c4e1821b702ef6d3586d3ca248b50609fe190200f5aa2b9ee768bb14a66	paper-metadata	approved	public_metadata_approved	keep_public
01_papers/reading-notes/P0291.md	1706	3f2f7682dc2421f13cd59c45aed3919df30de2134cc96e34586f57a9f54ec220	paper-metadata	approved	public_metadata_approved	keep_public
01_papers/reading-notes/P0325.md	1455	e9e09a0fd8acb0cad8365e413590984f2f663c5a248717b13fd5413625037139	paper-metadata	approved	public_metadata_approved	keep_public
01_papers/reading-notes/P0331.md	1790	9a4418048d70e79315ec315e9cb49cbd6c1ee09da907bad6088deca5607b5926	paper-metadata	approved	public_metadata_approved	keep_public
01_papers/reading-notes/P0338.md	1871	47210f4b6d00c1a7017625f0def04e12f680bac12534cf67b9cdbd8cdfd4d159	paper-metadata	approved	public_metadata_approved	keep_public
01_papers/reading-notes/P0342.md	1700	0b81b18b06cc4c12214973f6f1c1dca0e3fc3a2d7391d898abdb7666d46ba831	paper-metadata	approved	public_metadata_approved	keep_public
01_papers/reading-notes/P0376.md	1857	4ad0363c5aa5e06705a16154f17039ce33f1b1b03a89037338b8bc1b4569f016	paper-metadata	approved	public_metadata_approved	keep_public
01_papers/reading-notes/P0410.md	1832	a8036363480150efac1ae3acc26c120a40cf7ea52f3d9a812f4e9aa4d77afa20	paper-metadata	approved	public_metadata_approved	keep_public
01_papers/reading-notes/P0481.md	1650	fa25f6bb76b48544807daf6609ea7093c575ed1fb4b5165564d779e644728d60	paper-metadata	approved	public_metadata_approved	keep_public
01_papers/reading-notes/P0560.md	1652	4395df0b0d07dc3d5afde5cc6322d27ea5d290d6d22838c85161660896d85ba6	paper-metadata	approved	public_metadata_approved	keep_public
01_papers/reading-notes/P0561.md	1803	4e84fc1869c0ceb6228c97d2a18d7540ac2b5b0f7a7d8d7479f247350e7fe48d	paper-metadata	approved	public_metadata_approved	keep_public
01_papers/reading-notes/P0574.md	1604	521a6c494e1c5a1157531043d35f42d0c8bd8c1e105f3964ea79326799b3ce9e	paper-metadata	approved	public_metadata_approved	keep_public
01_papers/reading-notes/P0578.md	1622	1d465306c8a6b95164238c05a73653d8197bf3e6d8fa3a58cd26b6643c3163f2	paper-metadata	approved	public_metadata_approved	keep_public
01_papers/reading-notes/P0634.md	1724	98d8db7f4c3899fca46c931fe2c53bff72eb69ec6059cd7b2f4e2ebb4dc395fd	paper-metadata	approved	public_metadata_approved	keep_public
01_papers/reading-notes/P0645.md	1786	c92306f245587c0f4a5d61b87e2e678ee923d0ff64bbfb41fbc383f3f6c907f8	paper-metadata	approved	public_metadata_approved	keep_public
01_papers/reading-notes/P0647.md	1790	c9291c6607e33697ac9fe05ddf2d8bfa4377da813ad376896d5bd92843c7fb50	paper-metadata	approved	public_metadata_approved	keep_public
01_papers/reading-notes/P0678.md	1770	494da63f85eafc8343ab4f0e30dcbd67378b9501c278646ed228159679c09a84	paper-metadata	approved	public_metadata_approved	keep_public
01_papers/reading-notes/P0740.md	1646	2b1ef7f69db6e9196449356646a8bddbc33336f016b70f46186bc8e885c5f281	paper-metadata	approved	public_metadata_approved	keep_public
01_papers/reading-notes/P0757.md	2144	a516fd6b6677ffe3c236f12d21796a385eebff5a622909c5a8fc396f2646def3	paper-metadata	approved	public_metadata_approved	keep_public
01_papers/reading-notes/P0758.md	2064	136f8997b4dbe78285bbf4d9ed6e261b7866c0d4f4e5e362eebc22e971aadee2	paper-metadata	approved	public_metadata_approved	keep_public
01_papers/reading-notes/P0761.md	2056	7bedb90e5cfa02d70e71015755012120ae6d5e4ec4c46f08d6d4a5a6bac97b15	paper-metadata	approved	public_metadata_approved	keep_public
01_papers/reading-notes/P0762.md	1687	a75e1c8a2bad0d0c251f21e6f53c8f85d1746f034df8d68f549d16c6e3cbe8db	paper-metadata	approved	public_metadata_approved	keep_public
01_papers/reading-notes/P0763.md	1733	9bd24281190bd4b051beba5a5d73f1f70cbbef6981c17d2b8aab68e91c84f903	paper-metadata	approved	public_metadata_approved	keep_public
01_papers/reading-notes/P0826.md	1845	50ef98beab6b0f190a68686397a76589e02670469e8680cd93549fd8f05a97cd	paper-metadata	approved	public_metadata_approved	keep_public
01_papers/reading-notes/P0905.md	1714	478e1f547b4a24c850f72910f90ca1de3750e14a9929abada14068894e2fdcf0	paper-metadata	approved	public_metadata_approved	keep_public
01_papers/reading-notes/README.md	4725	c277e0100762c1abf9cbe50d672c631e4032d40c7dde95ba2887fc77e50269d6	paper-metadata	approved	public_metadata_approved	keep_public
01_papers/references_minimal.bib	282939	db1980c04217b709e670a44d0a2a39786a183b7b1978d5e0408ab0367e0bf462	paper-metadata	approved	public_metadata_approved	keep_public
01_papers/topics/AIOPS_RCA.md	24444	1e3978500a4dfffbe442a8c9637f50c213d2b70425b1b0e5464e9c58a02ee351	paper-metadata	approved	public_metadata_approved	keep_public
01_papers/topics/GRAPH_RAG.md	20718	3480d5dd8a721b19396297d25aa1c35e98b5d1fc5bf271868f06164ada2987d3	paper-metadata	approved	public_metadata_approved	keep_public
01_papers/topics/IR_DENSE_SPARSE.md	32910	38889021a4f7f1559088b38a8102db80958aca5f22d729e8a9e296a11d92cbaa	paper-metadata	approved	public_metadata_approved	keep_public
01_papers/topics/IR_RERANKING.md	7579	ffbaa3ca118d62a219bf6cb5745a246fb93592f7d0cb126bb1552df2ca01cb0d	paper-metadata	approved	public_metadata_approved	keep_public
01_papers/topics/LLM_AIOPS_RCA.md	10150	72e3c00f9c69d85964109bba2ad2d4a2b44aba9a1af50a7bf82e7b3f0fca61cc	paper-metadata	approved	public_metadata_approved	keep_public
01_papers/topics/LOG_NLP.md	24705	90c2eaad92f784c8ab8fa92160cf85277bd04bcc6124923fe9a3646308596443	paper-metadata	approved	public_metadata_approved	keep_public
01_papers/topics/LOG_TRACE_METRIC.md	5886	75abf5df69b43d94c7436cc32bea3b0999cf4a2ac52f0912801f9a2fea673147	paper-metadata	approved	public_metadata_approved	keep_public
01_papers/topics/RAG_EVALUATION.md	834	39312e421da71a3b87798c11683931f72ae774cc283cccf3b2d31f8b05712458	paper-metadata	approved	public_metadata_approved	keep_public
01_papers/topics/RAG_QA.md	47704	f2abb7b28bf158e38de50dace99a31c14425c88d2f60e14d467d3fe73921a210	paper-metadata	approved	public_metadata_approved	keep_public
01_papers/unresolved.tsv	107780	5b6a95960757d94efdb1146ad06497d98f911355e29d30a780b72758547c24c0	paper-metadata	approved	public_metadata_approved	keep_public
02_datasets/acquired/inventory.tsv	62501	e2899a6a602795389a9414c045d8fd673992acd20d8aed1f4f87facb621bc695	dataset-metadata	approved	none	keep_public
02_datasets/acquired/labels/RE2-TT-metadata.json	59302	085af0cfe65a632c92bb155bf24eb6f3fbe77cfe2ba26765f37db84ad330172f	dataset-metadata	approved	none	keep_public
02_datasets/acquired/labels/acquisition-manifest.jsonl	248707	4fe6fe1f1e43b0c32344edfa04b36ae9c3658a0aa8bf7999eec69cf3bbc48584	dataset-metadata	approved	none	keep_public
02_datasets/acquired/labels/acquisition-manifest.tsv	176306	cbf2d8374fd388c3374c75db521505d23b210f09803781f5604b1b5ff6a30a65	dataset-metadata	approved	none	keep_public
02_datasets/acquired/labels/cases-index.json	473992	466b6a8094117fc2847d3c5bc5f8ffda04353c6bb53661bbdd84235d3794d661	dataset-metadata	approved	none	keep_public
02_datasets/acquired/labels/cases.parquet	29500	c49a288920dbba2e8e724679a14636d5c7eb2b45426bba14007ef79a6c0ab1bb	dataset-metadata	approved	none	keep_public
02_datasets/acquired/labels/injection/inc_00f82e5883a2163d/inject_time.txt	10	224008c0f64abc12792eb74d78f7edfadff3c9f1229dd5b10184506bc7f020a4	dataset-metadata	approved	none	keep_public
02_datasets/acquired/labels/injection/inc_08457c0fbff4700e/inject_time.txt	10	782bc0e87781a862bb07cf32b73a6759db30f338c203a7c6feb5fc265794a75a	dataset-metadata	approved	none	keep_public
02_datasets/acquired/labels/injection/inc_0991de462f9a6c05/inject_time.txt	10	c6ac93a51c0878d99a746010802d943ad4114aab2250b5cc3c63a18a2f3ed7d6	dataset-metadata	approved	none	keep_public
02_datasets/acquired/labels/injection/inc_0f782051d78bc07a/inject_time.txt	10	b27b53e8222205f4c6c50f19fa18ec8aaffffa4c5f12224cae0b9a13c0b3e753	dataset-metadata	approved	none	keep_public
02_datasets/acquired/labels/injection/inc_1340494405aa1c58/inject_time.txt	10	7e422aee2ed582ab2639ae9d703ad947f35ac8a87e7f752cde57f593b3836313	dataset-metadata	approved	none	keep_public
02_datasets/acquired/labels/injection/inc_15361b2d5df6a488/inject_time.txt	10	4cf4aebd3f677bc6a963fc38700f8fe7077d9b9d204c3390779ef28b24141d39	dataset-metadata	approved	none	keep_public
02_datasets/acquired/labels/injection/inc_1bd0f85d1967890c/inject_time.txt	10	f9b81dd59dde96ee541de8ff7df7dfd79ca262d1d9c5c67b3f75ba18887412e1	dataset-metadata	approved	none	keep_public
02_datasets/acquired/labels/injection/inc_1c35829e1a5668b7/inject_time.txt	10	bdcf06ace5882acbf895da1eda2b64990f2a60360489963f8ded4528575d1e6a	dataset-metadata	approved	none	keep_public
02_datasets/acquired/labels/injection/inc_1ceb6e079b0f93ee/inject_time.txt	10	8d712c7f18a63f31196144232e9d1ce1e370992bf37638f7f3893343ec75a203	dataset-metadata	approved	none	keep_public
02_datasets/acquired/labels/injection/inc_1fa5a9117fca9344/inject_time.txt	10	a0de26a5d08864950d6e84cc4fc8311088eb0011d1f47b4a3c51e9f2aa0660a0	dataset-metadata	approved	none	keep_public
02_datasets/acquired/labels/injection/inc_25067c4b053b5763/inject_time.txt	10	b6d6a179b9a7b8908c3644cb60cf4466ed6b94bb6c2836bc4901b30812173195	dataset-metadata	approved	none	keep_public
02_datasets/acquired/labels/injection/inc_27b7f4b5f15eddcc/inject_time.txt	10	7fcad484ebe9abce9be73317a87892ba5fa3e759d5a1c7ca818294968464f04c	dataset-metadata	approved	none	keep_public
02_datasets/acquired/labels/injection/inc_28c54291b6ec0364/inject_time.txt	10	389956a869c59f76a88abdbe65d5ba2b033248a0d4562e66edd37d6e9ec4ea39	dataset-metadata	approved	none	keep_public
02_datasets/acquired/labels/injection/inc_28de536b28e1a888/inject_time.txt	10	8b68d557a2c05456352b26b33504c36cd97f2edec40894837e2d645460cd21c1	dataset-metadata	approved	none	keep_public
02_datasets/acquired/labels/injection/inc_2adbb3fd7fbcb7b3/inject_time.txt	10	237551aa1715ac61218b262e11f793e2baa1e29570478d14ecb9754915f7774f	dataset-metadata	approved	none	keep_public
02_datasets/acquired/labels/injection/inc_32ac1eca40134b1f/inject_time.txt	10	b39e25ae53d5db2c108c58d418a1db2ba2715d0f3b2bc8dbb9380eb81aa83b62	dataset-metadata	approved	none	keep_public
02_datasets/acquired/labels/injection/inc_3ca96f4fd6ec63a3/inject_time.txt	10	0a3c2dbbd507f52deb6d313f818037c133b192401e94441230fb8145c0391ca4	dataset-metadata	approved	none	keep_public
02_datasets/acquired/labels/injection/inc_41b29f4527655ffa/inject_time.txt	10	ec4ace7e7fadb585f5cfcc967da1e4ab95a38490c813d6df8b922541afdf8856	dataset-metadata	approved	none	keep_public
02_datasets/acquired/labels/injection/inc_41d11c8c51f185b7/inject_time.txt	10	c15efcdbecb239ceb83324d7c48b741e0352766a2068847009deabc9da59b2ed	dataset-metadata	approved	none	keep_public
02_datasets/acquired/labels/injection/inc_42d05a5a96453d5d/inject_time.txt	10	e96bdf0ef3810862c5c2fffa2babb5834db4ebd8351bb7a5f7ff103b150ecdf0	dataset-metadata	approved	none	keep_public
02_datasets/acquired/labels/injection/inc_430574ac0b58cf27/inject_time.txt	10	8798d9bb40c198063203f9e909b6f78af3ad864acfadf4e44cab1e2ce8083ba6	dataset-metadata	approved	none	keep_public
02_datasets/acquired/labels/injection/inc_440b5aa2334e385c/inject_time.txt	10	1d3384826a795d9533cd0cc40673999550a14c9a05e6a3b3842a0f3f3c93c03c	dataset-metadata	approved	none	keep_public
02_datasets/acquired/labels/injection/inc_447fc19738a290b6/inject_time.txt	10	eccb168df7472b75c89a6b4295e127e62f78fbad5b3a09527ba7e4c51c9bc7a7	dataset-metadata	approved	none	keep_public
02_datasets/acquired/labels/injection/inc_44cd59b13484c8ff/inject_time.txt	10	3898497514b3806617131b4d92f4d15898e006d7c0a5ec8abde5b8c121051565	dataset-metadata	approved	none	keep_public
02_datasets/acquired/labels/injection/inc_485a27d825269561/inject_time.txt	10	ba736210fb5432101885b0b37bea27f591654c6205ffd7b7e3463a1145b11ba4	dataset-metadata	approved	none	keep_public
02_datasets/acquired/labels/injection/inc_4a55280ad595ec8d/inject_time.txt	10	cc5a467814b0f6759a5d8da7744a2b8cd531712c643d411fddfc166d4ac8b6cd	dataset-metadata	approved	none	keep_public
02_datasets/acquired/labels/injection/inc_4b5a7b23f4b63679/inject_time.txt	10	397053a4744aad571ff72fbaccb305e3e1093691201a4a5faf67450185af350e	dataset-metadata	approved	none	keep_public
02_datasets/acquired/labels/injection/inc_4c41c0fdada72699/inject_time.txt	10	6ded0d3b6a7ed6b0f2a4e350b00e9e15235c6e3e56a4c3a2da76acb8cf122fff	dataset-metadata	approved	none	keep_public
02_datasets/acquired/labels/injection/inc_50a3a0186cfb926a/inject_time.txt	10	2745afe55b2cfe52e0a948eb055db460d59f7ce24952f3b250fae3fcb4ba8bc5	dataset-metadata	approved	none	keep_public
02_datasets/acquired/labels/injection/inc_575674712ab891b4/inject_time.txt	10	c412fb79e310b259c67dd0fbf9f57b7030a052254f0434756cc1680460b4f18e	dataset-metadata	approved	none	keep_public
02_datasets/acquired/labels/injection/inc_57f6ede7e94d009b/inject_time.txt	10	b61d74dcb1885c3499afbae97bc4224134b837d40ef17654458f68ac3c63a424	dataset-metadata	approved	none	keep_public
02_datasets/acquired/labels/injection/inc_5aec36653e1ae8e1/inject_time.txt	10	e075b67b22a06f8eac9c7e78233b933d81df5b37faadde73722a484f1af485b7	dataset-metadata	approved	none	keep_public
02_datasets/acquired/labels/injection/inc_5b4214f9c0e50d81/inject_time.txt	10	0fd57d169b53ed2ad31d229ada9d9a85fbe92db4225ea138246b5945bde09f4b	dataset-metadata	approved	none	keep_public
02_datasets/acquired/labels/injection/inc_608c758f0e4c3f7c/inject_time.txt	10	2eea62172576543bb1d64edaec13f3bcb619241264cd83ea7058720f154eb425	dataset-metadata	approved	none	keep_public
02_datasets/acquired/labels/injection/inc_618f73faa4a01c2c/inject_time.txt	10	b46ba552f10d493ed20980a402c3ee7a5d436d1ec442f1534343bc964f3bd0b8	dataset-metadata	approved	none	keep_public
02_datasets/acquired/labels/injection/inc_666f8c5628760ebf/inject_time.txt	10	afd71197c23b67e0ee30123f51a6b52549f1db01fd537bdc39f3ddb813d225ed	dataset-metadata	approved	none	keep_public
02_datasets/acquired/labels/injection/inc_66efae16cc927faf/inject_time.txt	10	f03a914b07fdc89cfc8b8c18bc5791375463efe37ac761167295c233b3a73976	dataset-metadata	approved	none	keep_public
02_datasets/acquired/labels/injection/inc_77ceaec9d84d6e25/inject_time.txt	10	63633f50483f5cc1b43eec581aa6a35c19dfcaf1eadfc189c299b7050b035fe5	dataset-metadata	approved	none	keep_public
02_datasets/acquired/labels/injection/inc_792aba678ac59ed6/inject_time.txt	10	803eeaffc6fbcc9e320ed9dfb73f1cd52a7375756f8fac8478f1d4a0ce999164	dataset-metadata	approved	none	keep_public
02_datasets/acquired/labels/injection/inc_7a5cc77f7867a66f/inject_time.txt	10	412547acf7656dc3fc494c0ee46e93177ecf7f665c376cff4ab8a8de3b536a72	dataset-metadata	approved	none	keep_public
02_datasets/acquired/labels/injection/inc_7b4b399e7c81a552/inject_time.txt	10	266a28375e6f0120e296387329f9a093104e6aa76d0ecaecf81b65c3f45b67ee	dataset-metadata	approved	none	keep_public
02_datasets/acquired/labels/injection/inc_8130066a520a5fda/inject_time.txt	10	add38087b4414942f62d47bff8e07a144417c939eefe5f8f5bd5d3220edb3d8a	dataset-metadata	approved	none	keep_public
02_datasets/acquired/labels/injection/inc_83a340a96d2c2698/inject_time.txt	10	5a78500bb0108d2db64d932ff4688aae3a031ee571dc879cb41430559c825dbd	dataset-metadata	approved	none	keep_public
02_datasets/acquired/labels/injection/inc_8540cb108d4f274a/inject_time.txt	10	0e684c18d36b88cb764c93cc9a334de057a166fefcd79787a25d295129c36995	dataset-metadata	approved	none	keep_public
02_datasets/acquired/labels/injection/inc_85da4b2224175866/inject_time.txt	10	4abb2fa5f140d5f6c5f1cd5421174ab2ad0fd20ff2a5428ff6a5c37db244dc96	dataset-metadata	approved	none	keep_public
02_datasets/acquired/labels/injection/inc_87e54e05272da43e/inject_time.txt	10	eff4e19e1d2ceae5232f4a589a18a7289f63acd46894b0ab68a58622d771035f	dataset-metadata	approved	none	keep_public
02_datasets/acquired/labels/injection/inc_90a870236431d8c2/inject_time.txt	10	c89645a1c53ef2511973b4d7aa0d4fc73b4fe802b55cc67944a358a6e0f2ea80	dataset-metadata	approved	none	keep_public
02_datasets/acquired/labels/injection/inc_90e5302a86a23a8e/inject_time.txt	10	e9f05c88ae5ce0764180449ba3accf48773611f8e861944cc4c536eb2a02b7ff	dataset-metadata	approved	none	keep_public
02_datasets/acquired/labels/injection/inc_992fcfd045820f03/inject_time.txt	10	a4dcf67714a77a0378fdea43716db5b659d2283d1f64bd5e24f3a0204b731e76	dataset-metadata	approved	none	keep_public
02_datasets/acquired/labels/injection/inc_9cb53216929f92e8/inject_time.txt	10	7b1543cae6c4c16baf7d85fb35e5a008d1522d18b0a49ea903e27732401c1fa0	dataset-metadata	approved	none	keep_public
02_datasets/acquired/labels/injection/inc_9f1ea2bb590b03b0/inject_time.txt	10	636b08395c76ca662e9ecdcbc399efbcbf4bfea7f452ce4cc0aca14d67b4b7a8	dataset-metadata	approved	none	keep_public
02_datasets/acquired/labels/injection/inc_9fd3139546e98ac3/inject_time.txt	10	7b948d20df7751e5ea0f42a42b3ca0c5820b00a5be40216e4080f574454f9008	dataset-metadata	approved	none	keep_public
02_datasets/acquired/labels/injection/inc_a03afc5462052d9f/inject_time.txt	10	2596c6e6d51db97eb81580ba22772da5d87e3428545400c9374d10ad26094dc6	dataset-metadata	approved	none	keep_public
02_datasets/acquired/labels/injection/inc_a2887d6c9ebacc44/inject_time.txt	10	8aee6eb87e4d18da3c541623d2f092b33480c2b235efda360f441d8f415b6b30	dataset-metadata	approved	none	keep_public
02_datasets/acquired/labels/injection/inc_a5147fba2d0d1f50/inject_time.txt	10	0e5bb508de30ac752cb1c2b726dbdc99698989ada19c3db7f92a78fde2c0615a	dataset-metadata	approved	none	keep_public
02_datasets/acquired/labels/injection/inc_a7c4ff1c43ab561f/inject_time.txt	10	f46e708203ce226e22800227bd5455f0635173f2864abb82543ad299b0e22dcb	dataset-metadata	approved	none	keep_public
02_datasets/acquired/labels/injection/inc_a90410596ea7234e/inject_time.txt	10	85864d3190cccf2c148a411b9f95048c87bde5e85890844c990552910fca0249	dataset-metadata	approved	none	keep_public
02_datasets/acquired/labels/injection/inc_a9c5f4078ddde5fb/inject_time.txt	10	e99822a74ce4b3ddc30b528c502ff3fa8a9b6cc53ce730ca3b0dd2e66b0158af	dataset-metadata	approved	none	keep_public
02_datasets/acquired/labels/injection/inc_ac67c10adc4fe094/inject_time.txt	10	93bb936b7f1fb8cb800006d7cc12a77dd0e829bdaab152768d5748cf6fdaaaf8	dataset-metadata	approved	none	keep_public
02_datasets/acquired/labels/injection/inc_b65b223fe2861ce9/inject_time.txt	10	38a03d2cffa1bb4f8da75315f566ab7ca484b7c25e8b2547ce135f9a3ab7bffa	dataset-metadata	approved	none	keep_public
02_datasets/acquired/labels/injection/inc_b6893051f6d2b73e/inject_time.txt	10	05b5b0fcf7eb0b83e316b776a4f60feb7013af050243929d3741cccc56da9191	dataset-metadata	approved	none	keep_public
02_datasets/acquired/labels/injection/inc_b6c8b8329c2790cb/inject_time.txt	10	c170d6d7744cee5b4838dc5ccf4799b117b68ffd32cefbd6dc33106b1787f4b6	dataset-metadata	approved	none	keep_public
02_datasets/acquired/labels/injection/inc_b8f2fc204d33911b/inject_time.txt	10	c17fcaa1047c07738176849000c1b88e1f0ddda57a2a73a42ab0c8c58c83e0a3	dataset-metadata	approved	none	keep_public
02_datasets/acquired/labels/injection/inc_b9439b0dc3a8b3c3/inject_time.txt	10	08b66b99669f95e114f47a013a2a74db14b52f4015e4183b8f756294f00a076f	dataset-metadata	approved	none	keep_public
02_datasets/acquired/labels/injection/inc_bb6f30a02ec2c05c/inject_time.txt	10	9898468c4a5d558a67ba9fd49257722ca6fa11708568edb9e418c7279531bc02	dataset-metadata	approved	none	keep_public
02_datasets/acquired/labels/injection/inc_c008d0981392ffbc/inject_time.txt	10	495d83ea17c997d3f279535195d63f2b3e0b576ea40d40fb1cebeea2646f8ffa	dataset-metadata	approved	none	keep_public
02_datasets/acquired/labels/injection/inc_c34729bda2a676bd/inject_time.txt	10	f174f8bbe484e6506b2fc986044c10dbef2f5719f42dd1064a042362f291f59a	dataset-metadata	approved	none	keep_public
02_datasets/acquired/labels/injection/inc_c3bf40c257e90fe0/inject_time.txt	10	ffd7fbfa3e6bf6a7f849d351097d17533e474b8f118cb8263997588970e4b0c8	dataset-metadata	approved	none	keep_public
02_datasets/acquired/labels/injection/inc_c75fa18cc6e553d8/inject_time.txt	10	64580d7dca6090e1fd36fd68df6be12806f6fe262c5b82dad0976fbc064d6ec8	dataset-metadata	approved	none	keep_public
02_datasets/acquired/labels/injection/inc_c7fb3974f7c1745e/inject_time.txt	10	ff597adbcb262a8133a4af8d573db8718ea81dc1c5b76b355755f7851be5e909	dataset-metadata	approved	none	keep_public
02_datasets/acquired/labels/injection/inc_c9f0d2d384af68cf/inject_time.txt	10	21f2ea97b996ebaf0edf1b3c11e85e38b89c69abfd0b0c4618f38e74d4056186	dataset-metadata	approved	none	keep_public
02_datasets/acquired/labels/injection/inc_cd11a2a781c49c77/inject_time.txt	10	758476a2189ee7f2ba1400bb9922125d1828dbea33ff6f900350be7367e54d84	dataset-metadata	approved	none	keep_public
02_datasets/acquired/labels/injection/inc_d1821966fc7791fc/inject_time.txt	10	87a24c90d82e973adc4df3a1216a85141e2caac93a982cc78e99999b0e80dec7	dataset-metadata	approved	none	keep_public
02_datasets/acquired/labels/injection/inc_d5425e4d7b13f348/inject_time.txt	10	bf9a57ae33bb5c17ee2b91fd07d2237c8137563c4d9e6a30e0e6b315ff968ef8	dataset-metadata	approved	none	keep_public
02_datasets/acquired/labels/injection/inc_ddb222a8702276b2/inject_time.txt	10	08a32723f185307cdbc4a563e185986579659c60af53adc65312c77228bc2626	dataset-metadata	approved	none	keep_public
02_datasets/acquired/labels/injection/inc_defb07756e152786/inject_time.txt	10	d05e05abdb0a0c4c3054da7de07363438c9654dba713f945f9176b5c20170ead	dataset-metadata	approved	none	keep_public
02_datasets/acquired/labels/injection/inc_defe171a8ac63131/inject_time.txt	10	164a230d4f38c344e03868e235dd471d71a3acc6b3353b308d3841243d2d083b	dataset-metadata	approved	none	keep_public
02_datasets/acquired/labels/injection/inc_e35ff7db68655611/inject_time.txt	10	bd920b1bc479620445963c03b5a512cfe1a4f90d43ed2f8a5e500509f9b89c55	dataset-metadata	approved	none	keep_public
02_datasets/acquired/labels/injection/inc_e5991ba8d859360d/inject_time.txt	10	ed79a2203ec0ce69dd9e0481e12b1a263d895eda521b9c011df14d5fb51b01cd	dataset-metadata	approved	none	keep_public
02_datasets/acquired/labels/injection/inc_e8c939b906ef2c9e/inject_time.txt	10	a6533a760eaff52ec5092c25add46ec8aa95a4744e9af16a7a94f230bd8bfc38	dataset-metadata	approved	none	keep_public
02_datasets/acquired/labels/injection/inc_e8eb4aabf3538114/inject_time.txt	10	74826033bc742446202dd5d53a0c3e8bd63bbdd6311bc22d6d76fda8308d11bc	dataset-metadata	approved	none	keep_public
02_datasets/acquired/labels/injection/inc_ed76f6a4a2ccbe29/inject_time.txt	10	375c288779a77bb96ce878b3fbec82b2caefacea89ef59fd2aaa038bf9ae7372	dataset-metadata	approved	none	keep_public
02_datasets/acquired/labels/injection/inc_ee53782e9c264b25/inject_time.txt	10	5645e0d0842f4d538ee756bac26ef55228c5ec26ef5e4b0d24d55706bcde9177	dataset-metadata	approved	none	keep_public
02_datasets/acquired/labels/injection/inc_f8708eba53ac81da/inject_time.txt	10	fa5b8cd7433275e0f98a593aefcd91c133da96f7a6cd2d40284124bfca82e5a1	dataset-metadata	approved	none	keep_public
02_datasets/acquired/labels/injection/inc_f9db5049cf8d0a46/inject_time.txt	10	7a37199f1341fdbc722fef2e4e7d3969b777578b23fe5be72cbdb74831a55b7c	dataset-metadata	approved	none	keep_public
02_datasets/acquired/labels/injection/inc_fa20fe298b9410ea/inject_time.txt	10	36cb3ef8f17433ff63e1f325e1ac436b1864174a5ff9af2dce8afa5abc1e048d	dataset-metadata	approved	none	keep_public
02_datasets/acquired/labels/injection/inc_fb17a1c06d15f08d/inject_time.txt	10	939e7b2a0b2d465dc22075f479b38548c47759c612cf0c5b6e72dbc954c9553a	dataset-metadata	approved	none	keep_public
02_datasets/acquired/labels/injection/inc_fdf63d2b6452d14b/inject_time.txt	10	8d70cc624e381f2d1ffe35a29c68928038cd6e1bb0c17e694c833355598f3ffb	dataset-metadata	approved	none	keep_public
02_datasets/acquired/labels/injection/inc_fea0b6870c17feac/inject_time.txt	10	e235854dec09d738024021b17feff34c647f3610d3e669e08f027bbb9b7bd3df	dataset-metadata	approved	none	keep_public
02_datasets/acquired/labels/injection/inc_ff7d20c7a66ce259/inject_time.txt	10	5b8132d68105c187d8aad124f7af4a8bdee399082a1fbf35f2f58aa9d1229d55	dataset-metadata	approved	none	keep_public
02_datasets/acquired/meta/RCAEval-GitHub-LICENSE	1066	9f2c6bb71f29569d5547e52b207bdf10743fbc1943fbe3b5ae200041f3d787e6	dataset-metadata	approved	none	keep_public
02_datasets/acquired/meta/RCAEval-GitHub-README.md	21343	3feb2831b49fef48364338a3202141b4206154b3bf59873263faf5f08ef9a1b0	dataset-metadata	approved	none	keep_public
02_datasets/acquired/meta/RCAEval-HF-README.md	7887	c2990bbe2e040a8d2f55fdd47c4f47f02223d8ea098e5d6e8851585a64956a0f	dataset-metadata	approved	none	keep_public
02_datasets/acquired/meta/acquisition-status.json	243	f86502c58f3f03549b82f339f229f7f699364ea4ed05c0d474d7de2265a6f88a	dataset-metadata	approved	none	keep_public
02_datasets/acquired/meta/catalog-review/D002-LICENSE	1141	c2cfccb812fe482101a8f04597dfc5a9991a6b2748266c47ac91b6a5aae15383	dataset-metadata	approved	none	keep_public
02_datasets/acquired/meta/catalog-review/D002-README.md	9152	c08d18bd45b1dbb0ce06964095b91da4b55457fa04ae134c4920256ed04a3e3d	dataset-metadata	approved	none	keep_public
02_datasets/acquired/meta/catalog-review/D002-commit.json	16221	4c52bbfc927fd5f3d3aaccdba9d6788555438c21d692fd4442b824e4eb6ba6e2	dataset-metadata	approved	none	keep_public
02_datasets/acquired/meta/catalog-review/D004-website.html	8006	08e1dd58055b80a5f4266ab6f6e5b5d4660e2f2733635d4d77e7882fd3fe7f40	dataset-metadata	approved	none	keep_public
02_datasets/acquired/meta/catalog-review/D005-LICENSE	553	57cdeac076f845ff03adfa6f5d5f00b3a131ca67b3b1ee258def962fb5a6b39f	dataset-metadata	approved	none	keep_public
02_datasets/acquired/meta/catalog-review/D005-README.md	6954	b9819b1e12d959a0c046a9a4213b4e4d7bd0647fe474dba0137af5770bc004fd	dataset-metadata	approved	none	keep_public
02_datasets/acquired/meta/catalog-review/D005-commit.json	21256	82339a0d3bb8f72e728689f8502a534a30fe8351aca4d18ba28b742821793178	dataset-metadata	approved	none	keep_public
02_datasets/acquired/meta/catalog-review/D006-LICENSE	776	79048d5a0ce9ee78072f020271823e0d8153a181106a9cba0c4ebfaaad0aa399	dataset-metadata	approved	none	keep_public
02_datasets/acquired/meta/catalog-review/D006-README.md	6697	f4a4c4423a0671d71a0093dab9f08b61d7b70696f7c97f92ddaa3c846f191bfb	dataset-metadata	approved	none	keep_public
02_datasets/acquired/meta/catalog-review/D006-commit.json	44959	589dfa0be1e79e6f15b2a51fd18fbd10eb61bf23847ddd0c552e38c5fd8aa2e7	dataset-metadata	approved	none	keep_public
02_datasets/acquired/meta/catalog-review/D024-README.md	2091	05c2fd7fc24d7c2698cb2381232f213416327871fbd30e04a1493e1bcaa7ed42	dataset-metadata	approved	none	keep_public
02_datasets/acquired/meta/catalog-review/D024-commit.json	136544	d6df2929f9a758d6478fabd6bd242e80507d6e0f52c39100997256d5979a2a36	dataset-metadata	approved	none	keep_public
02_datasets/acquired/meta/catalog-review/D043-LICENSE	1071	b7fd7d6bdfe0cbba63c63a310914beb4a4acb8bf08da73849219f45385f5b244	dataset-metadata	approved	none	keep_public
02_datasets/acquired/meta/catalog-review/D043-README.md	21234	3686178d505a38cb20a94827917369bcb9d0aa44cf5154d7ddbac740ee06628d	dataset-metadata	approved	none	keep_public
02_datasets/acquired/meta/catalog-review/D043-commit.json	5549	d4bbe32ad740398256a9306ff28be3a4a28afa20292d2c13b029e0ea6eafe603	dataset-metadata	approved	none	keep_public
02_datasets/acquired/meta/catalog-review/audit-summary.json	1228	6ea003fa066abd0adb36e0353648eda7b48c490393c416997598cd865acfeb03	dataset-metadata	approved	none	keep_public
02_datasets/acquired/meta/catalog-review/primary-review.json	5151	093a747cae9fa812ac1ed06da9f2995b548928f1207127cfa0617528e248125d	dataset-metadata	approved	none	keep_public
02_datasets/acquired/meta/github-main-commit.json	7562	28fe9aa2b8658b594fe01db3013aa86e617cd71011a0735f29a25258e805ffc4	dataset-metadata	approved	none	keep_public
02_datasets/acquired/meta/hf-api-discovery.json	121623	cac5e6a3e6fe3a0c0a7ac04acc126265b37d32de9ba23edf83b545895dd3af4a	dataset-metadata	approved	none	keep_public
02_datasets/acquired/meta/hf-api-pinned.json	411774	c7dba0c224d6aeb246655b4ae4a3da1df0d0530f37053b445f8f17fec0a66705	dataset-metadata	approved	none	keep_public
02_datasets/acquired/meta/metadata-manifest.jsonl	5773	48c33eb7796f32a750d876be2e639de11985b414811cbafc3b5b455d99d3db5f	dataset-metadata	approved	none	keep_public
02_datasets/acquired/meta/pilot-schema.json	19057	4adf5837f3386f747f2713ed9729338dd6c6dba29681c7f5144ead78f91acfc5	dataset-metadata	approved	none	keep_public
02_datasets/acquired/meta/source-registry.json	1062	1610096a12a338985908d1fd462cefd108e1800be030c6ebb4becfec2fa515bf	dataset-metadata	approved	none	keep_public
02_datasets/acquired/meta/zenodo-14590730.json	9282	1737a4d070c3d1b10e9a79478a7adebb11017c94d87e1eb47b66ff0df1f24736	dataset-metadata	approved	none	keep_public
02_datasets/cards/D001.md	2349	17d290f2a9bdb2534f76110b25b8690ba7eff4dc1043ee0bf4ca224c483ad6f4	dataset-metadata	approved	none	keep_public
02_datasets/cards/D002.md	2223	52f5c7b28a50eef17d7aa4cdb38898e008a6e42218b28a14432a862522dd4694	dataset-metadata	approved	none	keep_public
02_datasets/cards/D003.md	2091	6359b55d019d9122c1c06b41a1a9fbd001a126992b32adb4a44d40084d0a798e	dataset-metadata	approved	none	keep_public
02_datasets/cards/D004.md	2443	aeff36c898366437d358786c3d20e3165087846c43873ad2384456aab4fb155c	dataset-metadata	approved	none	keep_public
02_datasets/cards/D005.md	2181	bde18a9e4aad3d8659d1e7e735547fbb7c37bb096654d149b3cd154cd325dfd8	dataset-metadata	approved	none	keep_public
02_datasets/cards/D006.md	2085	fc137d9fd69d5d945eaaf3e9fd5feb60b2993ae4e739bc4d03b7d838264e8e27	dataset-metadata	approved	none	keep_public
02_datasets/cards/D007.md	2367	0c6365ea7f52a1c50988328e93215be88e1a1f1a035dd52ce61eeeb69c58d977	dataset-metadata	approved	none	keep_public
02_datasets/cards/D008.md	2066	01c08173fb267283f4e6e79ef5aac7f1bc523f436bc8b4343b8e5fb3377fee61	dataset-metadata	approved	none	keep_public
02_datasets/cards/D009.md	2057	e1ddbcd4b8f0a3b83761b10a38127a243694a74c418eca1059b1ec0ebf35e81a	dataset-metadata	approved	none	keep_public
02_datasets/cards/D010.md	2091	558c4de67544363c0dc520cd8d29bdeee670ea2182f409dd99698019530d6d53	dataset-metadata	approved	none	keep_public
02_datasets/cards/D011.md	2130	ac7709fc17f22b32b4b89f681c30d769107fc3e51bb275390ca3baf250300e09	dataset-metadata	approved	none	keep_public
02_datasets/cards/D012.md	1981	368c42e6176f9d06e6f70ec78639cea162cfbae4032f4dfc8f13ae77baaf7cb3	dataset-metadata	approved	none	keep_public
02_datasets/cards/D013.md	2080	db6f1db8bd6badf1ac2b8bba7a56a4a2ad3f710c79a84c82ac369d511dec77df	dataset-metadata	approved	none	keep_public
02_datasets/cards/D014.md	1972	d3cb987dd968b2952fa3c8899ca2bdfef9df72eeb0a947d00c02ef170bf67bd6	dataset-metadata	approved	none	keep_public
02_datasets/cards/D015.md	2197	150650b0a11697e39ce86fab80823ed507771f8a326e52ca5eb2da5c0fce70f9	dataset-metadata	approved	none	keep_public
02_datasets/cards/D016.md	2069	b587cbc603b95b871e6356d19f38f01f7a0a35bfa47073a5de9f2a66a24ea417	dataset-metadata	approved	none	keep_public
02_datasets/cards/D017.md	1982	2e48dbc9604c4c9f87e75538a9220e79099450608a335aa54786e9a86a81bdb5	dataset-metadata	approved	none	keep_public
02_datasets/cards/D018.md	1996	02f370b7f7fca8f42971a580d4047ee897566267ce36953bc68508dcc9b0881a	dataset-metadata	approved	none	keep_public
02_datasets/cards/D019.md	2104	cce6fafe56101f80eeaadbdb11feb1bec597365a71786922cc18d1d47fe4354e	dataset-metadata	approved	none	keep_public
02_datasets/cards/D020.md	2093	bfdc436545174ee7920d67424c9a6f11f1dc1cb97b9eca56ad659466875e44dd	dataset-metadata	approved	none	keep_public
02_datasets/cards/D021.md	2172	b5275ac84b521201cd2e6eefe8f59def55bd15984b29dc436c95e7d7b69a537c	dataset-metadata	approved	none	keep_public
02_datasets/cards/D022.md	2060	410ebde3d612c5be1dbcf344f01502f84518489e5fd1f338815a893a6eafbcec	dataset-metadata	approved	none	keep_public
02_datasets/cards/D023.md	1949	0ee23af3bac97e0a0823fdd4f78e075e5836a545a896f5cd2a46cd12e00dfba7	dataset-metadata	approved	none	keep_public
02_datasets/cards/D024.md	2122	32252f2fc33ebc64916fc58587a098a198db44cf8df4b27d649ffda3420fdb60	dataset-metadata	approved	none	keep_public
02_datasets/cards/D025.md	1987	b648a38704a98f67f9180cc172351b0625736f175c49d3255e2b1cd669ae6bbd	dataset-metadata	approved	none	keep_public
02_datasets/cards/D026.md	1994	e256570e7e4085dc84fe969fcd3e8bdb558942ef76a4354804cda9156f5bcf44	dataset-metadata	approved	none	keep_public
02_datasets/cards/D027.md	2171	95b6f3d279eb1d596b7af81552c4648cfa45144b3f6833e79431de5f01ab78eb	dataset-metadata	approved	none	keep_public
02_datasets/cards/D028.md	2035	a7b0f26de918c69971195ce72369766b0020d3f0d9c1715cdde2c6566c2b2dd5	dataset-metadata	approved	none	keep_public
02_datasets/cards/D029.md	1992	c15186d3bfad90cb803ed3c94d5739218c5389bbcbecbe590478c129a68c255e	dataset-metadata	approved	none	keep_public
02_datasets/cards/D030.md	2179	4b0f14b09348d3c7298bb59f07f0c2a37b7cdeda9c72bdf726952b1f5d693c8b	dataset-metadata	approved	none	keep_public
02_datasets/cards/D031.md	2199	e1e1954b1452295246cfd68f516fc0d6a9de7fbd123df3003c3a8e3cf0d2fec7	dataset-metadata	approved	none	keep_public
02_datasets/cards/D032.md	2288	781f3d9bd0a71c044d7b99d7bc547144df8a08dd5636ab1f7855126d89650f00	dataset-metadata	approved	none	keep_public
02_datasets/cards/D033.md	2100	88e60add6e82ab3d2c246cedfa4371f8fb532851c54273c2156f3a48a2ea9207	dataset-metadata	approved	none	keep_public
02_datasets/cards/D034.md	1954	90152036b80ce37e7598d3bd87d908873db3081abc45a68d2e857548ec7c1aed	dataset-metadata	approved	none	keep_public
02_datasets/cards/D035.md	2034	3893a3fed0ff0d3001ac63957eb0fcf446679778b8b06351ce84be8101116b6a	dataset-metadata	approved	none	keep_public
02_datasets/cards/D036.md	2038	96aa71bef843048c07106b9ba41ce7fe2b3846e5ea0bf8a3ed4c2d3f6a7fad7f	dataset-metadata	approved	none	keep_public
02_datasets/cards/D037.md	1924	692aac9fca98f0ee6385b6441e5d558be8a100eefdeb3426d69fc774c78699ed	dataset-metadata	approved	none	keep_public
02_datasets/cards/D038.md	2121	1d7aeddfb728beb31be538001b8449538b758e26976c811ef0c2bfde85adcac2	dataset-metadata	approved	none	keep_public
02_datasets/cards/D039.md	2256	34df7b174b0eafd8f2eaaa0fd88d8a8e051246f8a7cc5b71d06c78dda08db4b1	dataset-metadata	approved	none	keep_public
02_datasets/cards/D040.md	1933	80a1c1f1a0af159bcd48ae19bc003c98976ccd56e2427d4141e621615668bcfe	dataset-metadata	approved	none	keep_public
02_datasets/cards/D041.md	1891	68051b3ccd1a5dc8ed46b14e93ca35cb54960e3ea93c5459b5e935f2b711f2bf	dataset-metadata	approved	none	keep_public
02_datasets/cards/D042.md	1992	493d8582cb3e69b8919d0378960b99febb902d75a18bae55c4a95b36251eabd6	dataset-metadata	approved	none	keep_public
02_datasets/cards/D043.md	2132	54648db6e7f47640988355ce27c3828528ba1b414b34ebd59323e7c01a4545af	dataset-metadata	approved	none	keep_public
02_datasets/cards/D044.md	1933	d5b2d217961afc4c29e60c4cb6a33430b166614c1408d32ad72815ae8125f43f	dataset-metadata	approved	none	keep_public
02_datasets/cards/D045.md	1953	677ec8126e9783b70cf446ac47c40a4e939153972f6bb56a1869e751b7c56c20	dataset-metadata	approved	none	keep_public
02_datasets/cards/D046.md	2021	5ef5c33851079bcf4fae2e8b945fa537b5fe63795b862365ab7a508f8300f40c	dataset-metadata	approved	none	keep_public
02_datasets/cards/D047.md	2006	173c034a89117ff8fa1b2bce90638f6bd176667fc6ca575cb84d09e6c9100469	dataset-metadata	approved	none	keep_public
02_datasets/cards/D048.md	2033	7faa6d9040a70845e305e2af687fcaefb6134b4b2bee868ce13dcf0402c9bd91	dataset-metadata	approved	none	keep_public
02_datasets/cards/D049.md	2064	a5d1dd1eaca69bb656432d31db97eef61dd7b0890cbe268ed006ece75d4313ee	dataset-metadata	approved	none	keep_public
02_datasets/cards/D050.md	2233	814c829be824cb0e4b890e29c5e637d1e85cbf94e8d758a6b8dbe53873be1173	dataset-metadata	approved	none	keep_public
02_datasets/cards/D051.md	2135	b46e2b1a72f37dbf16ef4d4eeb23384fdc463d1ec09d48bb69ec4ad5ce88088a	dataset-metadata	approved	none	keep_public
02_datasets/cards/D052.md	2009	edc43d73153072583f0d94c87d9e422b7193da37c7e4f2ebd8aed179247d25d6	dataset-metadata	approved	none	keep_public
02_datasets/cards/D053.md	2024	a0c24c1dd71d0cc418fc740acb0b837b2c628ae3a9eda5c9d9c7a169df6526bc	dataset-metadata	approved	none	keep_public
02_datasets/cards/D054.md	2036	84dc225eb65d6118632aa7ad9fd1dc457f65ede6b19c080f668c59fe428f3ecd	dataset-metadata	approved	none	keep_public
02_datasets/cards/D055.md	2240	321311d045c76dc3bb1a3df7923695eba573bf63cce0fc11f1a56ba2dcbf9255	dataset-metadata	approved	none	keep_public
02_datasets/cards/D056.md	1974	a64fa193f36c259eafb14b727a0b57fba8153de805f03021f721b425f3198787	dataset-metadata	approved	none	keep_public
02_datasets/cards/D057.md	2057	45b8c805bc60fc6ad2abe69b17c419ca08abace0886a491e9d5708668b993e56	dataset-metadata	approved	none	keep_public
02_datasets/cards/D058.md	2170	05f68619ceb89436d85f4f3d358162ee0ec1e51f7cab391a52205b13d996e35e	dataset-metadata	approved	none	keep_public
02_datasets/cards/D059.md	2055	6a54dd76ef4a15cd5f23d4e81cb3fe05524606c66612eca6c56c9b8df166f076	dataset-metadata	approved	none	keep_public
02_datasets/cards/D060.md	1855	fc0c65f773ce3adb5ead553b9732b27117249f7493fefeec8bf78de026c1508d	dataset-metadata	approved	none	keep_public
02_datasets/cards/D061.md	2028	97b5100c45783883c79152a48ffeba010dcce9ef9fa8cc399c5834ba106b8648	dataset-metadata	approved	none	keep_public
02_datasets/cards/D062.md	2083	0f0cdffa75b306e8c7fc4128679c5d1951be961cf04804f7914d14e1fe0c0c41	dataset-metadata	approved	none	keep_public
02_datasets/cards/D063.md	2016	7c38442435424c9ae8b991d3301a030eaf92c810d844cb9aeaace3f45f48cec3	dataset-metadata	approved	none	keep_public
02_datasets/cards/D064.md	1972	c3b6e858ab9a31bc26be9610e84defcb69720c928e0931c0cc12cfeedb997ebd	dataset-metadata	approved	none	keep_public
02_datasets/cards/D065.md	2144	a7b5a73294f0d584a76d45febde32e5cbe8298d350e44e79107e1cc370ca8493	dataset-metadata	approved	none	keep_public
02_datasets/cards/D066.md	2138	7fddfc8573e42699382914179623c05a6e4a9b18cd4e9fc795fe4576eb27278f	dataset-metadata	approved	none	keep_public
02_datasets/cards/D067.md	2141	0f7956d57d188850fd756df6accc43b8ac265efc661b241cafdee60bab84bef2	dataset-metadata	approved	none	keep_public
02_datasets/cards/D068.md	2171	7cc08b39aa27ead162bd2be0700f20e0f1c533f22a7b7068550321fb0930ca81	dataset-metadata	approved	none	keep_public
02_datasets/cards/D069.md	2149	57c1bbe932c6f992bfc2e4441be69c1a079112cf275e337a1e44060dc7a4d4bf	dataset-metadata	approved	none	keep_public
02_datasets/cards/D070.md	2168	7b4403cb2e015a7f7ff4e99bda64511f9218f9428f25a17a7c566b1ae0007f9c	dataset-metadata	approved	none	keep_public
02_datasets/cards/D071.md	2171	6332abd1f30b43d17c472f2d60f1602f05207ef3409f9114e773a2eed60b2ad5	dataset-metadata	approved	none	keep_public
02_datasets/cards/D072.md	2149	ec4df1e73cf48b9438744698d38cb0ce0b5bca0ee0e7b8dac8886644e24f2399	dataset-metadata	approved	none	keep_public
02_datasets/cards/D073.md	2168	2c671860237174a0ee951cc19984cb22d09941f1d9ed2d9accc994ddcbf76d98	dataset-metadata	approved	none	keep_public
02_datasets/cards/D074.md	1996	4f7ba7298d8c55118160dd23e0b9b76bd963ee960b332db96aba7cedaa896cef	dataset-metadata	approved	none	keep_public
02_datasets/cards/D075.md	1982	d3240eb3a4867e96a69814d19a3cd20cc0fd0ec6829855fcad174eedbb0da9e4	dataset-metadata	approved	none	keep_public
02_datasets/cards/D076.md	2007	b451c211cd72e76f903eeaa4cde17971906e80aa5bf58306641dc78b27ce6b5a	dataset-metadata	approved	none	keep_public
02_datasets/cards/D077.md	1995	1f9c388a24b08f3cad31196853c5b6217cd2981d58b92d890b3df8fbe24c76d1	dataset-metadata	approved	none	keep_public
02_datasets/cards/D078.md	1980	7e7b0a96b85d46102c08f157ce1444dc649de14d979a1d87e5db0ff61cd4382c	dataset-metadata	approved	none	keep_public
02_datasets/cards/D079.md	1984	8dfe5c9ca5781712d11607b46ad0abef76bf7580cec84e939f9843bad7c886ed	dataset-metadata	approved	none	keep_public
02_datasets/cards/D080.md	1998	3a699efb1a55c5a2c83ada47aa9025edf28dfe141451bfb485c8b5dd5511996f	dataset-metadata	approved	none	keep_public
02_datasets/cards/D081.md	1992	256aafce277d405a492e2ba477899b8c9d0aec0ee00ccb1ff9797e826b1d44b2	dataset-metadata	approved	none	keep_public
02_datasets/cards/D082.md	1978	f00435307fdc4860e2e27603a5f705ddaedcf7865fa538cf9bfd02e49c169f79	dataset-metadata	approved	none	keep_public
02_datasets/cards/D083.md	2000	f6b65239f34636c1cf6a164f609e0ac2b641a9c1c58e9d743f642c1e414e2542	dataset-metadata	approved	none	keep_public
02_datasets/cards/D084.md	1982	a974a743856d61136e2057ca44928881222e6e9ef9c9325678ebe300cbaab96e	dataset-metadata	approved	none	keep_public
02_datasets/cards/D085.md	1980	c93e17a9d022caccecff25ab3ef85eb8ca5291946a0e4640087edeac72900350	dataset-metadata	approved	none	keep_public
02_datasets/cards/D086.md	1978	b1573f45a98dc675ee480e6f35afe14e008da0a6afec1f2b2a0835a8c83aff43	dataset-metadata	approved	none	keep_public
02_datasets/cards/D087.md	1985	1efdc63506de9a308ff7629160b399a388c465ae42097fe06955489b717353e3	dataset-metadata	approved	none	keep_public
02_datasets/cards/D088.md	1985	34a8f8776b259ffbd2b9eaa48ab3aab977a920ecc00ed05613faafc51ff76734	dataset-metadata	approved	none	keep_public
02_datasets/cards/D089.md	1984	1511c8468359e791e8567233092e5a29c13fa5aa9a2d5e77cfd92837a0727389	dataset-metadata	approved	none	keep_public
02_datasets/cards/D090.md	1981	36d68a12a0829c8b0300a15af1e1acd68281598b5774e894350119f5573cd5ec	dataset-metadata	approved	none	keep_public
02_datasets/cards/D091.md	1982	767dae5a4dda3271cf26548d41ca758d38b04cac4a2510546518b76e4e7aefb4	dataset-metadata	approved	none	keep_public
02_datasets/cards/D092.md	1984	8ea90a21b0c58cf37c04a5e62f784474c130deeef5779bd032d33a22aed9c197	dataset-metadata	approved	none	keep_public
02_datasets/cards/D093.md	2286	3c7f0d084d78cf18e2ff3088ac522a6e4521985b1364b32d95a08c22362d54bf	dataset-metadata	approved	none	keep_public
02_datasets/cards/D094.md	2287	f52d671f2f972b54927e6827c1969aea21da09a62b3b9b0041bae4e4a0852215	dataset-metadata	approved	none	keep_public
02_datasets/cards/D095.md	2287	53cff9b59264a07d4ad11ca4d004f40aea21001d727611ee6a74f849a7ad5058	dataset-metadata	approved	none	keep_public
02_datasets/cards/D096.md	2290	680916769f5e7440c3a028e630bf8500b188f5ac23540723275ca0bfd697f8a5	dataset-metadata	approved	none	keep_public
02_datasets/cards/D097.md	2080	bb855042ca4c06e525f80c2a354224e69331413f05c50454b54928d2eeae1ed8	dataset-metadata	approved	none	keep_public
02_datasets/cards/D098.md	2077	285fe0c05b6bae51d7cd20bb8cfafc0b634aaa19f4c245acde25cf3977df0da7	dataset-metadata	approved	none	keep_public
02_datasets/cards/D099.md	2079	46ae1830c4467f02374fbb98e61f759c92abeddb0a76079bea559a6753fe1ab2	dataset-metadata	approved	none	keep_public
02_datasets/cards/D100.md	2030	b5f6b4776fc9c73397a541ff8019ae47874ddbf23a8177b3ac2de8ddb9e70e86	dataset-metadata	approved	none	keep_public
02_datasets/cards/D101.md	2068	ceaae805291e872061d1d31799c8b607f3efb2fb809cad901f22d60089b7ea32	dataset-metadata	approved	none	keep_public
02_datasets/cards/D102.md	2070	9398886d09a6cb6daf7d357c00625edd38f3320e2d930a2ebce2d24903f5854c	dataset-metadata	approved	none	keep_public
02_datasets/catalog-review.jsonl	89075	31bcfe9e47b00432bee0703c61d3a30d0cb530da44d82ca8dbd2bb662e98b0e6	dataset-metadata	approved	none	keep_public
02_datasets/catalog-review.tsv	50597	b141794ab914b6d15fe943acd19e45c08d3cdf901f9794e107459d4bf4e738a2	dataset-metadata	approved	none	keep_public
02_datasets/catalog.jsonl	157560	30979daa9e25adcf7e7e79a0bd322bd2ddda138e14aff35b378232bcd8e9e0ff	dataset-metadata	approved	none	keep_public
02_datasets/catalog.tsv	102587	aa237b3389673b37aeb15f4c23803cd2e27fe3bb74aa7ce8629a27462f826dfc	dataset-metadata	approved	none	keep_public
02_datasets/dataset_cards.md	10368	0cda0b60e5617a5f900471bf8f97d51a671607f5ba7039e35db8eee364bdb453	dataset-metadata	approved	none	keep_public
02_datasets/licenses_and_lineage.md	6209	47aa30524c1d00c919999a057e5dd819e349e3a2c80c28f382a88b631eec65d8	dataset-metadata	approved	none	keep_public
02_datasets/processed/dataset-validation.json	407	fc558097a94b2455ce9794d82414b57480cd4749d3ee477399018f00151439e1	processed-telemetry	approved	redacted_approved	keep_public
02_datasets/processed/incident-profiles.jsonl	170915	ed2313ed032724b7d4708ef3397f0bc0860e4578681156c301bd9908562a3403	processed-telemetry	approved	redacted_approved	keep_public
02_datasets/processed/logs-evidence.jsonl	713902	95b461277981cd5d8ae2ead44d5a32349197f4ddf825257d0875379435072068	processed-telemetry	approved	redacted_approved	keep_public
02_datasets/processed/metric-summaries.jsonl	5005937	9711090b4c3609991d89f155b2acb3101c6f5fa9742df9a7d3bcb0fc2ac1be51	processed-telemetry	approved	redacted_approved	keep_public
02_datasets/processed/observations.jsonl	362775	88228e42f2d8ed0d744e659e6119e46c576e29d0d79ac0e2c3c7764471f8a22e	processed-telemetry	approved	redacted_approved	keep_public
02_datasets/processed/profile-summary.json	1876	19c5eda6cd54d866c235a3ddd7ebda86a49c7aee92f5afbdf25c7ac36e595729	processed-telemetry	approved	redacted_approved	keep_public
02_datasets/processed/split-map.tsv	7198	38ded98051fa01dcf67548c2169208081831fe74e9fbca7103adce9e61f42415	processed-telemetry	approved	redacted_approved	keep_public
02_datasets/processed/trace-evidence.jsonl	1064447	d68e61e62f9ece8ea197f86fad00ffec1829bddb07db9b3d0c18e1eca8479106	processed-telemetry	approved	redacted_approved	keep_public
02_datasets/rcaeval-hf-api.json	121623	cac5e6a3e6fe3a0c0a7ac04acc126265b37d32de9ba23edf83b545895dd3af4a	dataset-metadata	approved	none	keep_public
02_datasets/readiness-matrix.md	3141	4599508ae669668b086eef368a849bebbf7decf4f0b78ae6b70ce05d886c6fe1	dataset-metadata	approved	none	keep_public
02_datasets/shortlist.md	3859	ddbc2b516a1163f986cef504a96a62bb8f0b426e31366b3c931feba2255f226e	dataset-metadata	approved	none	keep_public
03_collection_plan/annotation-kit/README.md	8488	29185656c9c260cec283f9b86932f61110fe87c881286c03bda92da2c67392be	collection-plan	approved	none	keep_public
03_collection_plan/annotation-kit/answerability-adjudication.tsv	9367	b133dad2243d7ca20ff612167c3db90a02cf69c995c39e5a8e12e25d35d1f9e8	collection-plan	approved	none	keep_public
03_collection_plan/annotation-kit/answerability-annotator-A.tsv	9442	6377e7c15f627bde3c770af305a1d22ba6215d214218d5ee2c7a00109eba59a7	collection-plan	approved	none	keep_public
03_collection_plan/annotation-kit/answerability-annotator-B.tsv	9442	6377e7c15f627bde3c770af305a1d22ba6215d214218d5ee2c7a00109eba59a7	collection-plan	approved	none	keep_public
03_collection_plan/annotation-kit/candidate-pool-template.tsv	89	78fba11a4991ccadaf2c41606bd2677fa0b2df2a8babe82615db9ee545ecdf6a	collection-plan	approved	none	keep_public
03_collection_plan/annotation-kit/claim-evaluation.tsv	169	2facd9228f500155391e1338b856d94c34bbba28bd931ba7d3ab9ac41bbbdaa1	collection-plan	approved	none	keep_public
03_collection_plan/annotation-kit/document-applicability-current.tsv	23716	e49ade9f4dc1580ceaf28707e40ae924e56e26624f46f69c65e0b56061647e6e	collection-plan	approved	none	keep_public
03_collection_plan/annotation-kit/document-applicability-historical.tsv	25510	3982be8563ccc217a74578001b86a9fe07bff23cbaa8384c5d66b2c7a1e1f016	collection-plan	approved	none	keep_public
03_collection_plan/annotation-kit/document-applicability.tsv	25510	3982be8563ccc217a74578001b86a9fe07bff23cbaa8384c5d66b2c7a1e1f016	collection-plan	approved	none	keep_public
03_collection_plan/annotation-kit/incident-document-candidates.tsv	43351	be49f9ea01e34ebb8432111e550e574f8a9189f0f7149151b2fe08b66843766c	collection-plan	approved	none	keep_public
03_collection_plan/annotation-kit/qrels-adjudication.tsv	9648	2aa3f82556eaefa888c0a434983d2a7cd219407ec383c35051df5a7f24923229	collection-plan	approved	none	keep_public
03_collection_plan/annotation-kit/qrels-annotator-A.tsv	9838	b476c387dca6ed4f86ba7a82792ca6965d2ac640600449fc7d729e5d7385102f	collection-plan	approved	none	keep_public
03_collection_plan/annotation-kit/qrels-annotator-B.tsv	9838	b476c387dca6ed4f86ba7a82792ca6965d2ac640600449fc7d729e5d7385102f	collection-plan	approved	none	keep_public
03_collection_plan/annotation-kit/reference-answers.tsv	9331	cfd50958b23e4d182a7b2a64ee6edd306446799464a21d2885ee659e50ffd5ba	collection-plan	approved	none	keep_public
03_collection_plan/annotation-kit/status.json	508	2f2e0a1ad110099a36c076b7e31295e2598f4b6bac37b553fb8c1c5935fb9aea	collection-plan	approved	none	keep_public
03_collection_plan/annotation-kit/task-index.tsv	17861	000fc88a9f509e39316329246c118acbfb117b7b024df77e2a6e1c12b8f95e17	collection-plan	approved	none	keep_public
03_collection_plan/collection_workflow.md	3573	ebf677070fdfa4064ae58c29c4c4a815405da6903a5261932d9d0894697a8ade	collection-plan	approved	none	keep_public
03_collection_plan/crawl_manifest.tsv	308433	85bc21d3a7f4fde094c6ad0ffbfcf61755d6fca56bc40e65d0f41d5b82fee6aa	collection-plan	approved	none	keep_public
03_collection_plan/data_schema.md	5211	e472f766dba18e471b95511a11801fd20bcebe77b43a97dfa01425f789176aed	collection-plan	approved	none	keep_public
03_collection_plan/knowledge-corpus-historical/README.md	3435	8f4e39fbc254570327bfe151407332afeaf5da9f51e034a293dfeaca93163962	knowledge-corpus	approved	none	keep_public
03_collection_plan/knowledge-corpus-historical/chunks.jsonl	791721	b7b6d08cf7fa77feaedeaddd7d279735f9f9aefbf81bc56d9a3062ac95acc9ee	knowledge-corpus	approved	none	keep_public
03_collection_plan/knowledge-corpus-historical/comparison-with-current.json	862	3a846fa7ed9275ab9bf1747c3e786aefd6557b70a13337194a009e8624f2224b	knowledge-corpus	approved	none	keep_public
03_collection_plan/knowledge-corpus-historical/documents.jsonl	450847	1d3557e9599eefc89fd64e07718e7b37b91ab6903a525fd74caf5745ca97b9d3	knowledge-corpus	approved	none	keep_public
03_collection_plan/knowledge-corpus-historical/proposed-mappings.jsonl	31067	9be609d256a1ed8a71c1117436a3133ac5e971a6fdba9364c3f7d10ac5830c1b	knowledge-corpus	approved	none	keep_public
03_collection_plan/knowledge-corpus-historical/proposed-mappings.tsv	14525	e6c9e757aa97558083478be6aed8a567bce71efe76e08dc67146e8879bbd8e21	knowledge-corpus	approved	none	keep_public
03_collection_plan/knowledge-corpus-historical/raw/source-snapshots/D057/LICENSE	11358	cfc7749b96f63bd31c3c42b5c471bf756814053e847c10f3eb003417bc523d30	license-snapshot	approved	none	keep_public
03_collection_plan/knowledge-corpus-historical/raw/source-snapshots/D058/LICENSE	18657	9ba9550ad48438d0836ddab3da480b3b69ffa0aac7b7878b5a0039e7ab429411	license-snapshot	approved	none	keep_public
03_collection_plan/knowledge-corpus-historical/raw/source-snapshots/D059/LICENSE	11325	cb5e8e7e5f4a3988e1063c142c60dc2df75605f4c46515e776e3aca6df976e14	license-snapshot	approved	none	keep_public
03_collection_plan/knowledge-corpus-historical/snapshot.json	1026	48a9616ddd1a4bafd049f4823285f7c2d4c0e8b72b130c7aee51b80d55520a77	knowledge-corpus	approved	none	keep_public
03_collection_plan/knowledge-corpus-historical/source-manifest.jsonl	9036	501a670ce521e10f955cdd5c5522a1cb5e0350d3f73367099ad898159c7a502c	knowledge-corpus	approved	none	keep_public
03_collection_plan/knowledge-corpus-historical/supporting-assets.jsonl	10513	3df812aa030ee96e4ff3ac91ee67545c396e5ee4edb764e1b3da6abf047b2171	knowledge-corpus	approved	none	keep_public
03_collection_plan/knowledge-corpus/README.md	3645	0d64785b1e7b7930d8dbf49ff5a20ed6e95acbcef4c83017cd1d0cecd07fe9d0	knowledge-corpus	approved	none	keep_public
03_collection_plan/knowledge-corpus/chunks.jsonl	839818	f0c409af96a8e9e52eb0b2e21e55a8e10ef0761f10dbff11a127de4467c766e8	knowledge-corpus	approved	none	keep_public
03_collection_plan/knowledge-corpus/documents.jsonl	482036	65fcbdaf6fb1e0ca1986e0c93adf15aa625421f19c8459d2bc739161532df515	knowledge-corpus	approved	none	keep_public
03_collection_plan/knowledge-corpus/proposed-mappings.jsonl	30609	4cfef4c6fe24643b4ae03311f350d6b0b7babecfea5200eadc1b0b6fb43f529b	knowledge-corpus	approved	none	keep_public
03_collection_plan/knowledge-corpus/proposed-mappings.tsv	14268	feb58d096efe2e51ecf494b3722992afb42a07fba968390257fc7d7e9299e354	knowledge-corpus	approved	none	keep_public
03_collection_plan/knowledge-corpus/raw/source-snapshots/D057/LICENSE	11358	cfc7749b96f63bd31c3c42b5c471bf756814053e847c10f3eb003417bc523d30	license-snapshot	approved	none	keep_public
03_collection_plan/knowledge-corpus/raw/source-snapshots/D058/LICENSE	18657	9ba9550ad48438d0836ddab3da480b3b69ffa0aac7b7878b5a0039e7ab429411	license-snapshot	approved	none	keep_public
03_collection_plan/knowledge-corpus/raw/source-snapshots/D059/LICENSE	11325	cb5e8e7e5f4a3988e1063c142c60dc2df75605f4c46515e776e3aca6df976e14	license-snapshot	approved	none	keep_public
03_collection_plan/knowledge-corpus/snapshot.json	1029	f71ebb6143e55829f354d2b3cb590719a78f805956e88633c4c43931fdbec77c	knowledge-corpus	approved	none	keep_public
03_collection_plan/knowledge-corpus/source-manifest.jsonl	8902	fb7e681561e0f4af1a9d5726171c0f66bfa0e934c3984f57c6fa4880f1bddad3	knowledge-corpus	approved	none	keep_public
03_collection_plan/knowledge-corpus/supporting-assets.jsonl	12951	1d676c2354207a641f6f5ba03fa929262d5e1449edeae5efa2b56e1307f6186c	knowledge-corpus	approved	none	keep_public
03_collection_plan/search_queries.txt	1506	bd62ce76cd0385d801bd798777abe21999beb4b145f291a98a438edbe8d25404	collection-plan	approved	none	keep_public
03_collection_plan/source_registry.tsv	11689	e636cf3535ea973931f88c9e26c4fd00ed55444e41a632bdb4d513d17e732a3c	collection-plan	approved	none	keep_public
04_audit/counts.json	1671	fb859442e6767ceb95fb96b05fef8d647e25bac3cffe009db8a1f1c70ed98575	audit-records	approved	none	keep_public
04_audit/data-runtime.json	199	7acc69e373156d278a18c718ba78b1805de54425011ea7cd40a5d25676198f6d	audit-records	approved	none	keep_public
04_audit/dedup_mapping.tsv	209650	a9a04d9bd805ab5a2e1cd1730e76d33f33452bd9eb27548efbfc107b5b3e645e	audit-records	approved	none	keep_public
04_audit/dedup_merges.tsv	720	48a8c7b833c5ba39f4f874faa38411f08171102321e543707789c097da730127	audit-records	approved	none	keep_public
04_audit/excluded.tsv	1037	e972d6dfde899632e54861f792442bd9c967511af77d9f35acd1531d3c65eacd	audit-records	approved	none	keep_public
04_audit/handoff-files-validation.json	801	bfff4ccd17a2afedf16690efd2244def6d19cf9f5309d2d5acd811d9f75e4933	audit-records	approved	none	keep_public
04_audit/limitations.md	3287	f5a9748c923ce1e4c2ab95d2cc8b525474d2345fb6c8d7566ddc70a15653dff3	audit-records	approved	none	keep_public
04_audit/metadata_corrections.tsv	24164	a43d9d0c129d18487ba04841c984fada258bffb1ce546602a7ca3ffbc3e80493	audit-records	approved	none	keep_public
04_audit/methodology.md	5465	442fb705ec6ed7a62c317bebf4a5920a473d8d21e607399afcbd983c9d5fb213	audit-records	approved	none	keep_public
04_audit/package_qa.md	1717	720c22c751ecfa44263f541e4f21805b5e2809650bdf237ac294d1562ff351d0	audit-records	approved	none	keep_public
04_audit/public-artifact-ledger.tsv	13518	e6457c41e7d24854f778d98eb3e0f4839b9dd414a28e989cdb588d92befc8a82	audit-records	approved	none	keep_public
04_audit/research-file-inventory.tsv	316221	03995967487580665f7195d679c623f6f44856e31d2b21dc414f91219acc77aa	audit-records	approved	none	keep_public
04_audit/research-pack-validation.json	5694	efae1a9d6969799a656f5dc916f118b1a0aecc0053c72865cd9438c84f972c72	audit-records	approved	none	keep_public
04_audit/verification_log.jsonl	526667	7f2d2ea87540a0660d3fbfc8ddd2a60751b6495abc97e95e4c72f746e80fe289	audit-records	approved	none	keep_public
05_research/completion-summary.json	849	ddab374a7729395f7dfa8a7342b5e16db0ac832857d765155b6e1fc552d51271	research-docs	approved	none	keep_public
05_research/dataset-research.md	6164	50d713f86f78777229f35134774fa2237e70dbee1bb9540180e2255a19680121	research-docs	approved	none	keep_public
05_research/execution-contract.md	4057	40f52d08cb0febe0b4597c835b431990cfea6314dfce40844129be17c76eb595	research-docs	approved	none	keep_public
05_research/experiment-proposal.json	2993	6fe931fae8384bc586b4d6675ba5fdaa629c1a7ad3b1843e88b187ee62287535	research-docs	approved	none	keep_public
05_research/experiment-results-template.tsv	609	b409fecb7c57d0bdfd141a5a58100c478b4d2ab090e1963aa447bf9a6197f4f5	research-docs	approved	none	keep_public
05_research/knowledge-and-annotation.md	10394	f7cd0c8d49245ffc2e7fe19dc3b7b98bafce40e0e3f3a55c4a4ccf9249ba7051	research-docs	approved	none	keep_public
05_research/method-and-experiment-design.md	22456	33bb0cdafbaa1bd12539c2843812575a305617cdbdf14e66ed49684dbd81bdb5	research-docs	approved	none	keep_public
05_research/paper-research.md	26913	19b38f3c954971bd7a3d13627bf3a34131004f580964d6c73c252a5c18c28213	research-docs	approved	none	keep_public
05_research/reproducibility-guide.md	5842	c778787547685afd6ddef15034ecf39c653eb2115a67784ba984a829d5d20f18	research-docs	approved	none	keep_public
05_research/research-report.md	15122	bbc31b3a59b1c3dbebd2685578557bad6546832fef8cb7d949386e32b5256b79	research-docs	approved	none	keep_public
05_research/retrieval-preview/README.md	1933	6d52634ba5459b3f05a393fcec925b2679ba71f45d1ab49bb62652bcbc54e9ce	research-docs	approved	none	keep_public
05_research/retrieval-preview/annotator-a.tsv	40917	f53cc7e9379fbddaa6601d58c6f012cc27b3431b7b95e60378d47dfa7e250998	research-docs	approved	none	keep_public
05_research/retrieval-preview/annotator-b.tsv	40917	f53cc7e9379fbddaa6601d58c6f012cc27b3431b7b95e60378d47dfa7e250998	research-docs	approved	none	keep_public
05_research/retrieval-preview/candidate-diagnostics.jsonl	927147	176ca1d21f673e63a37c633e3e3ae9858187197c6c6fe5b298a17254c5506230	research-docs	approved	none	keep_public
05_research/retrieval-preview/pilot-pool-status.json	1401	92ea189ff5f620bac9b1f200c5bee0dbd046b0c304b4adea7aea3d78c9ea089d	research-docs	approved	none	keep_public
06_implementation/README.md	3982	b291b2f9c393c55ea62af710918acab39d90002136e668a7fecc81f3bf344f36	implementation	approved	none	keep_public
06_implementation/annotations/assignments.tsv	257	1a19a88192771f33713c9e239032590e2d3c5a932a59974211ed36e296a80ac6	implementation	approved	none	keep_public
06_implementation/annotations/blinded/dev/.gitkeep	7	1f1aeeea426e55fde36e7df1bdaef4230d4a7a77275f626e999a7a940c55b5bd	implementation	approved	none	keep_public
06_implementation/annotations/blinded/dev/annotator-A.tsv	51004	8dd23ba67e32da9e8461e7cc7159a13259d2d1d12bcb8373e477758f32e2c569	implementation	approved	none	keep_public
06_implementation/annotations/blinded/dev/annotator-B.tsv	51004	13f8148b525ebe5011ba76d4677e57f6fb0a4d00e47f9ec155580e2a49b6f807	implementation	approved	none	keep_public
06_implementation/annotations/blinded/test/.gitkeep	7	1f1aeeea426e55fde36e7df1bdaef4230d4a7a77275f626e999a7a940c55b5bd	implementation	approved	none	keep_public
06_implementation/annotations/blinded/test/annotator-A.tsv	51130	58230948959db57af4b6c76e58c910b78b931cba74b9d7c67b90ab09541fd4a3	implementation	approved	none	keep_public
06_implementation/annotations/blinded/test/annotator-B.tsv	51130	34813348f5393f2ed436abd5db3ecf7e8d0b80cda142be8e74e5bc242ee25907	implementation	approved	none	keep_public
06_implementation/annotations/blinded/train/.gitkeep	7	1f1aeeea426e55fde36e7df1bdaef4230d4a7a77275f626e999a7a940c55b5bd	implementation	approved	none	keep_public
06_implementation/annotations/blinded/train/annotator-A.tsv	56992	790d02b319390e2b6e8b82704765dde160606fa8060e1126abb97a0b9a74c914	implementation	approved	none	keep_public
06_implementation/annotations/blinded/train/annotator-B.tsv	56992	73775fd1033473b700f59923a0f3a1f0d3c66b31b1e2f07215bffcfc1ccaa8c2	implementation	approved	none	keep_public
06_implementation/annotations/calibration/.gitkeep	7	1f1aeeea426e55fde36e7df1bdaef4230d4a7a77275f626e999a7a940c55b5bd	implementation	approved	none	keep_public
06_implementation/annotations/calibration/annotator-A.tsv	5704	d7bed3a52383e73289bdda2ef30c360ab09b8f2bfac94dacf3bd6cdedf0c5bc4	implementation	approved	none	keep_public
06_implementation/annotations/calibration/annotator-B.tsv	5704	d7bed3a52383e73289bdda2ef30c360ab09b8f2bfac94dacf3bd6cdedf0c5bc4	implementation	approved	none	keep_public
06_implementation/annotations/calibration/calibration-report.md	3329	957e5f0d6ad3ca58354c56f8daeb2381665799245d2463010cd844e7900c8a89	implementation	approved	none	keep_public
06_implementation/annotations/calibration/manager-pool.tsv	12802	4b6d3194270c3b6fe5809eb38aa60c47f2e217f9186e6fbab407c6758c519112	implementation	approved	none	keep_public
06_implementation/annotations/calibration/pool-manifest.json	27902	3dc174f74208c73b91d6147253ea0b2b11fe06c10b46cc5460b6dc9df84b8416	implementation	approved	none	keep_public
06_implementation/annotations/calibration/time-ledger.tsv	1119	3c687bc01fdc8219558b9a61990e1781f1e2ddca05aa8935f0f74db1a2397c43	implementation	approved	none	keep_public
06_implementation/annotations/coverage-pilot/candidate-ids.tsv	138	12dd8638951da302db8150f9abea6849cd3c4158b64d96dae06e7a9194474db0	implementation	approved	none	keep_public
06_implementation/annotations/coverage-pilot/judgments.tsv	233	c8536d9b7ee1ac888a4c1d75e2e5c4b3c58d2440dfb0d5b8400fbae36ec81202	implementation	approved	none	keep_public
06_implementation/annotations/coverage-pilot/manifest.json	1338	3f983b313744a12112614205ce393aa96503cf453fc7a11b969229358d0d24f6	implementation	approved	none	keep_public
06_implementation/annotations/dev-manifest.json	3	ca3d163bab055381827226140568f3bef7eaac187cebd76878e0b63e9e442356	implementation	approved	none	keep_public
06_implementation/annotations/pools/dev/.gitkeep	7	1f1aeeea426e55fde36e7df1bdaef4230d4a7a77275f626e999a7a940c55b5bd	implementation	approved	none	keep_public
06_implementation/annotations/pools/dev/dev-candidate-diagnostics.jsonl	49087	eaffebe6bb06ce11f1098f7c48095a203a5ae87224be48104d24ff15701c4fd5	implementation	approved	none	keep_public
06_implementation/annotations/pools/dev/manager-pool.tsv	39848	92f454111bceb2358301b77a2009ebec511d8355d3bab3f49fd34f8088a04598	implementation	approved	none	keep_public
06_implementation/annotations/pools/dev/pool-manifest.json	93669	9d048d508ba864a0f2740a88047e36a706390bf593de45041a8f3ed7c89be269	implementation	approved	none	keep_public
06_implementation/annotations/pools/real-fused-candidates.tsv	72508	dc487bd8535b0e7746a2fc4f7d7ac9e247b74cf7db6cbade3704f4b7f61b7fc9	implementation	approved	none	keep_public
06_implementation/annotations/pools/test/.gitkeep	7	1f1aeeea426e55fde36e7df1bdaef4230d4a7a77275f626e999a7a940c55b5bd	implementation	approved	none	keep_public
06_implementation/annotations/pools/test/manager-pool.tsv	46833	ed45218de33e939a1484526cabfb169b3b14faf2192cddd1492fc5e9aa978afa	implementation	approved	none	keep_public
06_implementation/annotations/pools/test/pool-manifest.json	112077	1156857d074c042b0a8ab5cec400180cf69e8eed16c1823dbb861aeec16515ce	implementation	approved	none	keep_public
06_implementation/annotations/pools/train/.gitkeep	7	1f1aeeea426e55fde36e7df1bdaef4230d4a7a77275f626e999a7a940c55b5bd	implementation	approved	none	keep_public
06_implementation/annotations/pools/train/manager-pool.tsv	51834	7859deec4577aa583a77355ea3c805ef58e28b4ecd5e4f895ba1d552d5f22ce5	implementation	approved	none	keep_public
06_implementation/annotations/pools/train/pool-manifest.json	124137	cf10f2467ebd74a2052cd0291ee0134cde264ba284f1ad1515b3d68441e2743c	implementation	approved	none	keep_public
06_implementation/annotations/qrels/PROVENANCE.md	763	e4aa57d9df00ca5ad78d4ff498b6505b3aed7f0fb423c50c30943e70891df841	implementation	approved	none	keep_public
06_implementation/annotations/qrels/dev/.gitkeep	7	1f1aeeea426e55fde36e7df1bdaef4230d4a7a77275f626e999a7a940c55b5bd	implementation	approved	none	keep_public
06_implementation/annotations/qrels/dev/qrels.tsv	36492	7997f6016eeb8fb0876eac35992d0af29a95e7cc33b119489c75741952429831	implementation	approved	none	keep_public
06_implementation/annotations/qrels/test/.gitkeep	7	1f1aeeea426e55fde36e7df1bdaef4230d4a7a77275f626e999a7a940c55b5bd	implementation	approved	none	keep_public
06_implementation/annotations/qrels/test/qrels.tsv	36392	f461e2196a1269f467d4c5e43952227972dc25c3280a5c444a41c3cfa152dd8e	implementation	approved	none	keep_public
06_implementation/annotations/qrels/train/.gitkeep	7	1f1aeeea426e55fde36e7df1bdaef4230d4a7a77275f626e999a7a940c55b5bd	implementation	approved	none	keep_public
06_implementation/annotations/qrels/train/qrels.tsv	40578	e4a992d32c1e4ba0e3dcaac60e375b66213e25952fed49b46c92ba926f798068	implementation	approved	none	keep_public
06_implementation/annotations/response-judgments.tsv	32	395b0b37d529bdb5de0145617e5adcc5b195ff6459238f63c9b987dd5fa0ac32	implementation	approved	none	keep_public
06_implementation/annotations/response-review-manifest.json	16	e2be31c9b1c81fac52040745b91f9a40e2f7f103d25dcd1e14e2c17fb61ba186	implementation	approved	none	keep_public
06_implementation/annotations/rubric-v1.md	2604	8eb2755eaaaa3466981bd35df25749bf04629bea8831a4c1789cd7e32ab48a42	implementation	approved	none	keep_public
06_implementation/annotations/test-answerability.tsv	42	ebfbbbcb624f1560f53686736cf88c510370c2e98905004a973083450b5918f6	implementation	approved	none	keep_public
06_implementation/annotations/test-reference-answers.jsonl	52	fb86f0cf803cd1a693fb6fb1497289f7b651c59c054276b5e62081a72117771c	implementation	approved	none	keep_public
06_implementation/artifacts/candidate-inference.zip	547544	39578f535818dc9e3e82bd1d20bcd34a79d5ac351aad2dadca190800ba91b016	implementation	approved	none	keep_public
06_implementation/artifacts/candidate-pre-review.zip	547542	eaec846bd8a24adf47eb0184ed1b982fd219d5cbcf6464d2c06334f38f358d16	implementation	approved	none	keep_public
06_implementation/artifacts/inference-package.zip	547541	332717caa25e78ff62cc29a53e675189e598f1e4d98c3e6887e87cb112327527	implementation	approved	none	keep_public
06_implementation/configs/acceptance-authorization.json	322	b0b6d15044346206d0b35034e6d5f7d2b356f6a10ef6f0a7baddc42a0ca34aaf	implementation	approved	none	keep_public
06_implementation/configs/corpus-execution-authorization.json	641	f36c34f0ea26ae0a42d133498d8c8e35938cfa410c58843358fc146f876f5d74	implementation	approved	none	keep_public
06_implementation/configs/corpus-requirements-lock.txt	408	73b2c56ccd5124a87267f080bc1dc327635ba18f9eaeb1e029da1382d565e13d	implementation	approved	none	keep_public
06_implementation/configs/corpus.yaml	3145	05b33be146a2732e5cf6ec4b5fb981d978b462f2501db6857a61dc09f1b810b4	implementation	approved	none	keep_public
06_implementation/configs/data.yaml	10891	cb18fc11a41624d49db1e067e5ff5fea7f7fb421b5c318e52abae46c00a4cf90	implementation	approved	none	keep_public
06_implementation/configs/decisions.json	8677	9cd27032eb94db4593106148404b2b0b722f332dc5037503df447a9660a66867	implementation	approved	none	keep_public
06_implementation/configs/demo-cases.yaml	4781	91ff02f6db47e64fda5ab94dca25ca7b8286c6f2462ed3791ba961f0f37ece09	implementation	approved	none	keep_public
06_implementation/configs/evaluation.yaml	399	8b60f98dcdb1a5c627ef5f2822867dfefdfcbfd8abb4181dc6c233726a909f01	implementation	approved	none	keep_public
06_implementation/configs/generation.yaml	420	f43bf86f17d81555f6d1212cca930dd77ccc7bb22211e5d19439cff532f7fd59	implementation	approved	none	keep_public
06_implementation/configs/methodology-lock.yaml	4814	f4453cdbf4388b131c9426efe368dbba8a9681c5e59e4b17dd963f0c96e12adb	implementation	approved	none	keep_public
06_implementation/configs/prompts/grounded-diagnosis.txt	982	73692110d7c170fa85cdd96f0c08db6091b3c3a9d0d183d6a616f2e3ee102938	implementation	approved	none	keep_public
06_implementation/configs/protocol.yaml	6124	0e50450d5156d3ba00e2301fb9e94ac7a77fe62c839f152afc7ba6f3ff9a2d21	implementation	approved	none	keep_public
06_implementation/configs/representation-execution-authorization.json	1640	514a41dde079c474827c32cfb273983d62ab1700c7ddcbe66f2361e02592af36	implementation	approved	none	keep_public
06_implementation/configs/representation-manager.json	3308	678d7bf39d29fda51fad21465569a49795cd0181160ab8960890930efda4a938	implementation	approved	none	keep_public
06_implementation/configs/representation.yaml	2508	1e6e502197abc17f65143a7240441125eb9a02dd2cb17fc591bc84bdff65115d	implementation	approved	none	keep_public
06_implementation/configs/requirements-lock.txt	503	94e3a9d8aaa380c7c2ea90cb227614cb4435455a8fdc5176d2fefa50deb9bd9c	implementation	approved	none	keep_public
06_implementation/configs/retrieval-requirements-lock.txt	1510	89b1b825865aea237b23076a20cf835fcab7eb58961efea8313377d0b0fd7ebb	implementation	approved	none	keep_public
06_implementation/configs/retrieval.yaml	2441	8cfb360d60ff62b00cbed65943f7941ac6dcca5a05680c3b8ea2822a0727376f	implementation	approved	none	keep_public
06_implementation/configs/runtime.yaml	764	ead5ea2a49511962b07e7809e0909234786bc9f33912c16f35b5c1c57cbc0244	implementation	approved	none	keep_public
06_implementation/data/inference/incident-index.parquet	16824	dd85d853ce14f8a20821dc8a885ba1ff86d41e022e397cc1cd705700183ac8e0	inference-bundle	approved	redacted_approved	keep_public
06_implementation/data/inference/input-manifest.json	1168	55e091a86081e7a9b46208364a1dc8c65658a2628908306f1ec076e693334ae4	inference-bundle	approved	redacted_approved	keep_public
06_implementation/data/inference/logs-evidence.jsonl	684755	3997b7841c3cd6b6aa84226a25544da243baf6649cf1ff9c2916eff8e22351d5	inference-bundle	approved	redacted_approved	keep_public
06_implementation/data/inference/metric-summaries.jsonl	6020772	b15b482be22e495d1eb1a7e30e3e0cda873174f56992e7c3a48a8ac3bd551c55	inference-bundle	approved	redacted_approved	keep_public
06_implementation/data/inference/observations.jsonl	246017	3baaa86e7959b6c9416da28e3afcbc958708397804b9b80eb428cae5f71c29a5	inference-bundle	approved	redacted_approved	keep_public
06_implementation/data/inference/trace-evidence.jsonl	948527	fda18e8246065fe2b197a1c8e4ad3290a8dec265c2bf6fd4606e6659af8cc3e5	inference-bundle	approved	redacted_approved	keep_public
06_implementation/data/knowledge-preparation/applicability.tsv	132656	3faf4fdef9585a6d92c646d19c43842c918343be41c512f07a89be63b74289b6	implementation	approved	none	keep_public
06_implementation/data/knowledge-preparation/source-registry.jsonl	439399	4816c8574226bde4c9cc6f0d2b16ae11238ec00e306a265db529eaccd68f106b	implementation	approved	none	keep_public
06_implementation/data/knowledge/applicability.tsv	132656	3faf4fdef9585a6d92c646d19c43842c918343be41c512f07a89be63b74289b6	implementation	approved	none	keep_public
06_implementation/data/knowledge/chunk-lineage.jsonl	474238	cf89520a836a6c72b1fee7c9ed4abe1d071a1868a014f7eaaefc44edcaa53edd	implementation	approved	none	keep_public
06_implementation/data/knowledge/chunks.jsonl	2607150	b46aafdb29fa6f70d2b95a990ed496d407bd19779ae8d15255c80ff7400a86ba	implementation	approved	none	keep_public
06_implementation/data/knowledge/citation-registry.jsonl	1805270	b823384abe9d478f9e4ad56ca997874748d8497cb7fecbe117b961efb0fd9b05	implementation	approved	none	keep_public
06_implementation/data/knowledge/corpus-manifest.json	75667	ffbe1715e4bd5387843d083fb0daf27f12dd3b2eea1a8c1f9619c4725c6153f7	implementation	approved	none	keep_public
06_implementation/data/knowledge/documents.jsonl	1078880	7875609c6b2a0eb24e5bb94396496230c30dc160734499501043c2d1eb8e40ce	implementation	approved	none	keep_public
06_implementation/data/knowledge/source-registry.jsonl	439399	4816c8574226bde4c9cc6f0d2b16ae11238ec00e306a265db529eaccd68f106b	implementation	approved	none	keep_public
06_implementation/data/knowledge/token-audit.json	81678	5099c6524cfb5ca52d82a0d8dfbcd2e95f9cf7e197dd6a5bef5c029aec1f3b0e	implementation	approved	none	keep_public
06_implementation/docs/acceptance-amendment.md	5006	2846c5a9d6fe5f4a06494537e8a2446f98c18cf49eab2facccb0812493b2f39d	implementation	approved	none	keep_public
06_implementation/docs/corpus-contract.md	7511	b27a83835c8212ac4ca5899fb4d9ae1bddca3acd5120178f662a7eff8d856966	implementation	approved	none	keep_public
06_implementation/docs/data-and-model-card.md	5991	c3159945215e63fdfd39d5374c43dd554070f9b039bc14594fcd9def912a9863	implementation	approved	none	keep_public
06_implementation/docs/decision-log.md	7555	0e38e7a551bf41006080af12f0c41cc580785d40794b7641e1bdfa6308b41c32	implementation	approved	none	keep_public
06_implementation/docs/demo-runbook.md	7677	dd169283daa8856b4c6a5de534dc198718c96e833e7732d090d0c2fb5e56b715	implementation	approved	none	keep_public
06_implementation/docs/demo-script.md	8898	f114c61d069c202082c2af2cf463cf78878f7e683d67b57e2ae8bfb411545a71	implementation	approved	none	keep_public
06_implementation/docs/generation-protocol.md	1694	d48f91941ad3a84fe3ff1b91e73231f8299c86866db60d2b9eaf6b7b0529cfde	implementation	approved	none	keep_public
06_implementation/docs/gold-type-contract.md	2035	1d5cced3aede0a2e217c14444db04cea7e6b2e86d512ff321711f9c88e035e75	implementation	approved	none	keep_public
06_implementation/docs/incident-passage-mapping.md	1430	03e701138dfc2dd59b1499195353ae9c99d9a971b188a28af24b4c0308434db4	implementation	approved	none	keep_public
06_implementation/docs/instructor-questions-draft.md	4200	586eeab4ead4e65eef1a03661d4d3023a68c290d18a21a1c1f61d10fefeb404b	implementation	approved	none	keep_public
06_implementation/docs/knowledge-corpus-schema.md	4679	02b8f1b5a75b41f3fd5d1bfae13464e7f41cb4117720c54dc0a812c78700e7ab	implementation	approved	none	keep_public
06_implementation/docs/literature-matrix.tsv	8138	3ffe978b85fb9deb1ceea92e4907a8b103b42ab7a7a02cd13354a8da845e4fb9	implementation	approved	none	keep_public
06_implementation/docs/literature-reading-notes.md	5484	3686e7f9b88c6679900a7ca9871e581983d06e74790d6a7ec74f79e6bc246c8f	implementation	approved	none	keep_public
06_implementation/docs/project-charter.md	7319	cd746e7b3c062b8ef596433fd74261a5211bdb3437f0fa39ce66a5ea62016f8e	implementation	approved	none	keep_public
06_implementation/docs/protocol-review.md	10393	b8055cbcda3c3633835e7ac7fa3f0b6d900fcbdc88fc1637b65f93777980e121	implementation	approved	none	keep_public
06_implementation/docs/reproduce.md	5104	1842a2c02549469522d4af54ab0e12a79e27be49a13719c95d5dd6c888eca4b0	implementation	approved	none	keep_public
06_implementation/docs/research-protocol.md	14012	7968bc7880a707119da8fe2f744a6faed71f07b50e054e9e93e83fb9c8ed2b29	implementation	approved	none	keep_public
06_implementation/docs/retrieval-qrels-protocol.md	3152	dd10abd1df08bc251112698742e275a38e3df65f8ceda2129a5da1a81c2b6398	implementation	approved	none	keep_public
06_implementation/docs/retrieval-runbook.md	15213	88b2e195229eabcaa6396192948d43028e87faaad7c0bfb29ccc5fc823cc5ebd	implementation	approved	none	keep_public
06_implementation/docs/team-working-agreement.md	6536	8c090637e0253b64b06dbd1042f9f883465d75ca8e7ac1f7d3285be148fc7d4f	implementation	approved	none	keep_public
06_implementation/freezes/F1.json	1570	5126ffd2bc94f595f32387c30bac0bebc265854678ca61bd5969f664e310e281	implementation	approved	none	keep_public
06_implementation/freezes/F2.json	1594	a4cc0ed9da46515ad80de53a9ef1713969ae857f5e584609eea61d1e0ceebe88	implementation	approved	none	keep_public
06_implementation/freezes/F2.provenance.json	2158	f21c65f4fec9efd0e32ddc76234cd6ec6227d2dc37dfa4bfd46ff73c82e60f51	implementation	approved	none	keep_public
06_implementation/freezes/G0/manifest-1.0.0-draft.1-cb8ba5db2384.json	9571	58e0be3d253d03975400c3d166a04615071cf078bfe206d91306c96bea5caced	implementation	approved	none	keep_public
06_implementation/freezes/G0/manifest-1.0.0-draft.2-67d644d1ef8c.json	9764	6bfac7482679870299135ae5788cbfa699aefda01df1f6ce1186b4c00e3d8cff	implementation	approved	none	keep_public
06_implementation/freezes/G0/manifest.json	10737	bd8cea85d1e736e0071bc84948246618fb9687f39b0201ad9ee686579b001bfe	implementation	approved	none	keep_public
06_implementation/freezes/G0/plan-source/phase-01-start.md	12340	9584e73155780b452dd891d5b1f38ea201e240f0715171e1680745fb136b5854	implementation	approved	none	keep_public
06_implementation/freezes/G0/plan-source/phase-02-build.md	13529	5fd6be3e5d6e0bf556bffe923175788667b84da13a44847bf00817f1ab498a53	implementation	approved	none	keep_public
06_implementation/freezes/G0/plan-source/phase-03-validate-and-handoff.md	13217	3e74634ef0a7f6e2d0202a5afb88895648c4dac533ee27c4ac810e7c7f848d70	implementation	approved	none	keep_public
06_implementation/freezes/G0/plan-source/plan.md	8088	616edca2c03979c8bbb28bc713941789de7eb535c0014765e4282abfcc0649ed	implementation	approved	none	keep_public
06_implementation/freezes/G0/previous-docs-draft2/README.md	3326	9ff2af6592cda7056985b0bfb1a3c2bfa9f8a727896e1a5f35b9722589c7ebff	implementation	approved	none	keep_public
06_implementation/freezes/G0/previous-docs-draft2/configs/decisions.json	8382	45e60e50cca650e8726e614c7a0f6ffaf365e4357b74b055d75ab715b92cb999	implementation	approved	none	keep_public
06_implementation/freezes/G0/previous-docs-draft2/configs/protocol.yaml	5386	c160afa4382c7b6dcdf34f44edbeb3cfd022882de4b0de91c69d9ec69df89de5	implementation	approved	none	keep_public
06_implementation/freezes/G0/previous-docs-draft2/docs/decision-log.md	7062	ca88a668a77d0c9f54cbc6a8d9fde188e54792e66465f74a57afa62e1f83e2f7	implementation	approved	none	keep_public
06_implementation/freezes/G0/previous-docs-draft2/docs/instructor-questions-draft.md	4197	bb4bed6785600c22449eeeca50b0701c7052c6aafd615b0b1d18bb99011b02c6	implementation	approved	none	keep_public
06_implementation/freezes/G0/previous-docs-draft2/docs/literature-reading-notes.md	5224	466fd08e7eb1d60b41d21ecd4a13873d8a7524db21c3589a572148405d62c864	implementation	approved	none	keep_public
06_implementation/freezes/G0/previous-docs-draft2/docs/project-charter.md	7089	6e54d9e2c4478bdd78ad9ab1f3dde85f6d141c4d63bd6cd5c09d9813f30d77f0	implementation	approved	none	keep_public
06_implementation/freezes/G0/previous-docs-draft2/docs/protocol-review.md	9545	869ddc6047b1b99a4b7cedd191c3ebac8cb0c92ef87fbc3df1fef1fa156c3d54	implementation	approved	none	keep_public
06_implementation/freezes/G0/previous-docs-draft2/docs/research-protocol.md	13721	b4b6cd2d05c3ebf0bffc8516ee6fcba72dec036f47fa135b51c2d5bb6bfb7d94	implementation	approved	none	keep_public
06_implementation/freezes/G0/previous-docs-draft2/docs/team-working-agreement.md	6154	1eba4c540d7c078bdef8873d3c5d2829f9159a8e2e0fbcf113b11e1b6a6abc66	implementation	approved	none	keep_public
06_implementation/notebooks/00-environment-smoke.ipynb	6841	1a7aac8ab26df89e715013e26aa9ae318f732afef504dfa67b1c28ff61c41b85	implementation	approved	none	keep_public
06_implementation/notebooks/02_retrieval.ipynb	2071	f8de553001022814430fc9f3c3356bb76e0a182f71cf04b3b212227ed431fd8c	implementation	approved	none	keep_public
06_implementation/queries/observation-bundles.jsonl	1726096	717378811639bd7d7124ea563959b7a293b4613feef3f1d5e38872cd408d0abe	implementation	approved	none	keep_public
06_implementation/queries/query-manifest.json	2927	013b41243616224fe39069d0fa27912689536095d1ca3db425b09ab513f40a28	implementation	approved	none	keep_public
06_implementation/queries/representation-schema.json	24156	c86745c9dec0b067b7744951a3f974bf5615978cb0eb266097ed917cf8c3c365	implementation	approved	none	keep_public
06_implementation/queries/selection-ledger.jsonl	800272	c3aa3dbdeb6e5e12ece30b00b2d183ab62e42242b229a3b4837b45d234d43813	implementation	approved	none	keep_public
06_implementation/queries/token-ledger.jsonl	2239523	63612dda15ab70816fbd0b79fe286461696e27c7159138b69595f6f09b9ebb46	implementation	approved	none	keep_public
06_implementation/queries/variants.test.jsonl	320193	b3d917564f8f52eb952d788c38a398e1244f9806b997ae8f12e4647dec565396	implementation	approved	none	keep_public
06_implementation/queries/variants.train-dev.jsonl	1163748	995c12d9b37ae6dc8ca8943af3ad8d4740ba957d75fc53967d8d1bc72ba35073	implementation	approved	none	keep_public
06_implementation/reports/annotation-agreement-report.md	2415	be0092626390ff09bf8d5a9c1711541f2aaff1487cff6c13ee78fd945e555deb	implementation	approved	none	keep_public
06_implementation/reports/claim-audit.md	8094	d615f74f482365ae80d8fdbf2ca8a527601511e845a65cf767fb78ce4059efa4	implementation	approved	none	keep_public
06_implementation/reports/claim-evidence.tsv	4615	ceba20b22d9f519f1abfabcb53b0b5647ce831de3674afd25233734fdfade1a9	implementation	approved	none	keep_public
06_implementation/reports/code-review.md	11921	807aca4449c7b897dd73ea588d7c8884613bbfbc0bcc280f5f5329b4e3454352	implementation	approved	none	keep_public
06_implementation/reports/controls-mvp.md	1368	67c608ecca88df39971e055071e911806bbb566c7b60275e24439402bfaf23a7	implementation	approved	none	keep_public
06_implementation/reports/corpus-audit.md	4631	8cf6cc4c4d058527b5416b7e32770b0619c1997bf0f4faea89d4ab98e86774cc	implementation	approved	none	keep_public
06_implementation/reports/corpus-code-review.md	8221	b34f27a01cc8383aa84322207fa351b67385e144e96c160e043410089a878889	implementation	approved	none	keep_public
06_implementation/reports/corpus-content-review.json	91620	e284913f46520eadedf4e7f3dfe6cae4cb010946ed07d1a4f4735396433911d3	implementation	approved	none	keep_public
06_implementation/reports/corpus-debugger.md	2944	6bee5c78214ab4f85e77db261c2bad40940cf62cc146210b07ba9948da6e57e7	implementation	approved	none	keep_public
06_implementation/reports/corpus-handoff.md	8541	e08c73c8e456961c0341da0647469437e68bf277d1cd886900b04b583e557487	implementation	approved	none	keep_public
06_implementation/reports/corpus-review-receipt.json	4092	4c2e87a4b6c373e9cd3d5b8b9506f21892ee0d2f9a660bdeaf62c5407184164f	implementation	approved	none	keep_public
06_implementation/reports/corpus-source-audit.json	124370	5bf3cafd4cda19d514e54c40bb336154a5f8904800d3b9b28128ca5860ae8c44	implementation	approved	none	keep_public
06_implementation/reports/corpus-source-audit.md	5060	1f86e9ee6402e2e12800c86f218cd6d59c89ecb267482421bc222330da3ababe	implementation	approved	none	keep_public
06_implementation/reports/corpus-source-review.md	2438	a4e00417529b7e8379b1ae50a503ebb0a534854d95b12c1b3773f92594cd3220	implementation	approved	none	keep_public
06_implementation/reports/corpus-tests.json	12989	1c4336b83a9cff6c1f0bb4648b586234eb8b21a70a0a4ccebefaf039ccf4ec96	implementation	approved	none	keep_public
06_implementation/reports/corpus-tests.md	3769	d49cd515daf10361c63b08c94160ca50dd1769752a67958d898c6261ffa93094	implementation	approved	none	keep_public
06_implementation/reports/corpus-token-audit.json	81678	5099c6524cfb5ca52d82a0d8dfbcd2e95f9cf7e197dd6a5bef5c029aec1f3b0e	implementation	approved	none	keep_public
06_implementation/reports/corpus-tokenizer-provisioning.json	10297	d2e572edba23bb5a70a07516fcf4e81ea7f6ac11621670241844cd90f3feb7dc	implementation	approved	none	keep_public
06_implementation/reports/corpus-validation.json	678	6a7d087d3deecb9d3491b22750b91089cbc059d1605fcf5cab66281b07262d97	implementation	approved	none	keep_public
06_implementation/reports/corpus_approval_receipt.json	728	42ab698d30bec7305c0c787772aa1f2fbfa0662df41f6bd6b36c0fac91b0d2b4	implementation	approved	none	keep_public
06_implementation/reports/data-code-review.md	11771	927eeae5c73de52ee984e849ffa318599513724767d7c23dbee0e62235f055f5	implementation	approved	none	keep_public
06_implementation/reports/data-contract-review.md	17874	a29c471425fb8702122b87a52d411682f5037834ecc2eac43fe893ebfeb31650	implementation	approved	none	keep_public
06_implementation/reports/data-handoff.md	13451	10d115918f4abfca2c4e916a845708cde700bf602469f74b041b11fb2925f8ca	implementation	approved	none	keep_public
06_implementation/reports/data-replay.json	876	5ba802f26c0829687735e6dba7061a74aae58bd347d3ea4f4c1c9c0f5ea9f217	implementation	approved	none	keep_public
06_implementation/reports/data-review-receipt.json	11856	8911aae9f65e662d008739694d0ff6ffb01f2d950c48572151ff6f583faac301	implementation	approved	none	keep_public
06_implementation/reports/data-test-results.md	3442	864d1cd44afe6664369d6edfdcf3dbcc3cf4054c7740d377fdb0c36a2649f484	implementation	approved	none	keep_public
06_implementation/reports/debugger-report.md	5678	1a700539a102a1db143cb601603e2f9a1a4acd90e7d3ca7501467ebd602c6e0e	implementation	approved	none	keep_public
06_implementation/reports/debugger-results.json	6714	2948a0bbee3e0e0fef404c0f54294266a91378d51875eb5d93eb7f9a5070c4f4	implementation	approved	none	keep_public
06_implementation/reports/demo/backup/compare_gb_gh.html	14767	58f6ba4b33005814ac035515a0389ad8e0f375ab16198f44b332bea00c4d3448	implementation	approved	none	keep_public
06_implementation/reports/demo/backup/fixture_case_01_success.html	23669	ec6932e3ed5d15c27263b8d17585b9ead6d652c22f725c2e5d813166bcaf4f08	implementation	approved	none	keep_public
06_implementation/reports/demo/backup/fixture_case_02_weak_diagnosis.html	21549	7cee8a9eee6d614a0e5be7c6392d22da566816eddf0821345208a56c0500137e	implementation	approved	none	keep_public
06_implementation/reports/demo/backup/fixture_case_03_missing_evidence.html	19473	79dd44674a94753f9055edd61f168a6c4b28620bfbe64019e551f9392e3c0e4d	implementation	approved	none	keep_public
06_implementation/reports/demo/backup/fixture_case_04_invalid_citation.html	20836	bcc408240e7d800bf97e17affe0d882253e558fcd7f5ad9c85e6deea8547afb1	implementation	approved	none	keep_public
06_implementation/reports/demo/backup/fixture_case_05_compare_gb_gh.html	20871	53bb2dadc6e801f173ee56dd8b403a587d16e8c7712f54232ddaa44b435c41d4	implementation	approved	none	keep_public
06_implementation/reports/demo/case-audit.tsv	1559	ee30856aadc93f16b770c39ad24e1836fdc5e7068eddf3f14187c644ef7beaba	implementation	approved	none	keep_public
06_implementation/reports/demo/demo-manifest.json	1901	896c88c4aa1a4f93ddb0cc4de6fbf4b9f068b402646963e082e4295fe7585fb9	implementation	approved	none	keep_public
06_implementation/reports/demo/rehearsal.md	5154	b910ea18511e32fa84da646892877e340f39e981999596cb9ab27596bc7cd942	implementation	approved	none	keep_public
06_implementation/reports/environment-recipe.md	5136	3e9be23de449db18ff52e619473a3622d01f564f06487ba6dd8c14e349b70be1	implementation	approved	none	keep_public
06_implementation/reports/error-analysis.md	6515	da40108b684d69b38ad3f2c31a4ec306818eb3be228cc93ce1d729de145810f6	implementation	approved	none	keep_public
06_implementation/reports/evaluation-handoff.json	975	54bdba9b49104fa084db8a7a17504fa585fd52f8fa4ac7fafdd952d35383adfc	implementation	approved	none	keep_public
06_implementation/reports/evidence-coverage-pilot.md	1788	ac666c87db25edb64461440b61b5f47c7bb30af17e4689f7590a823cfb392b41	implementation	approved	none	keep_public
06_implementation/reports/final-report.md	23137	9b06e7ae5a6dabdca78f0b06fd8dd515ad1835f30311acee10b28e4d0dd05e20	implementation	approved	none	keep_public
06_implementation/reports/final-tables/table1-retrieval-performance.md	1201	ae330ffaf0b412c0d28ee8aeefdb13040db404ccfeeeee068badda373c593c66	implementation	approved	none	keep_public
06_implementation/reports/final-tables/table1-retrieval-performance.tsv	693	c7456878afa01f23677971e0d5fd364eafd61127ec28d7454d68cea09607c102	implementation	approved	none	keep_public
06_implementation/reports/final-tables/table2-generation-performance.md	947	0b02eb61f82795be30911bea0604208e9e2f47ba9762c22c469bdb2adedec146	implementation	approved	none	keep_public
06_implementation/reports/final-tables/table2-generation-performance.tsv	512	86be6d6e0d08802b3ffac4dfb020ff6e6f1f90df702e11ff9527882d362ae2e1	implementation	approved	none	keep_public
06_implementation/reports/final-tables/table3-six-family-diagnostics.md	1244	b03ac86789064ca6d9d133b157c4be363eca9024232620fb8a2a4076f465278b	implementation	approved	none	keep_public
06_implementation/reports/final-tables/table3-six-family-diagnostics.tsv	722	63acbdbe2e29e8223f061b2adad89ed44ce93f988899061e9c3550f07a82deed	implementation	approved	none	keep_public
06_implementation/reports/final-tables/table4-resource-accounting.md	1261	7b222080e98d85e9f53c2ac645f8d66c41095f5c4bc0f3aaee3659a5cfc002f2	implementation	approved	none	keep_public
06_implementation/reports/final-tables/table4-resource-accounting.tsv	758	8995241f755443e42f404830126c275335b49ae3146282262dea2130372f38ba	implementation	approved	none	keep_public
06_implementation/reports/freeze-chain-audit.json	1322	c295a71bd85dff30d45d4906f99dae4ef6499f623ea97672b3f86b29b594a6c2	implementation	approved	none	keep_public
06_implementation/reports/g0-readiness.json	278	6ebe1594038e45a8240e18b3ea6e99ac73c5faf547a828761b969d6814c3f680	implementation	approved	none	keep_public
06_implementation/reports/generation-handoff.json	251	f135c127f8376cb25dcc5c6fd647ccdf74193304c727175720f815c1a553a4de	implementation	approved	none	keep_public
06_implementation/reports/generation-pilot.md	849	b724d416baf139ae01628717bbf273e64710ec41e78a606e20ec00142ab4fb2f	implementation	approved	none	keep_public
06_implementation/reports/imputation-audit.json	155	ef717f6cc42eb9cfe7c69df67cae92a5ac335edfef2eb9fcb1094a90c19411e2	implementation	approved	none	keep_public
06_implementation/reports/input-validation.json	985	9959c15317b1b6a968fe4205eeebdc0784d79bcbff796e8923b3f4468443eb10	implementation	approved	none	keep_public
06_implementation/reports/kaggle-gpu-environment.json	269	4fd9c31e8cd2a96cf241f2b26d1e96a77994205ffaaa1d50ebc1341aa6807af3	implementation	approved	none	keep_public
06_implementation/reports/methodology-lock.md	1952	39db4fcdf02ed852ada4d9d9c79769885dcf8f813f81710126f27ce413f38224	implementation	approved	none	keep_public
06_implementation/reports/plan01-autonomous-review.json	6533	667573c1ce1d378b97b95f3602b8704e3cc6bb46f00da2cdfc450f4ca52c3185	implementation	approved	none	keep_public
06_implementation/reports/plan01-finalization.json	7850	812cd7c4f7c18df578fadcf2de418d08f43efbe1198f55c96ee1036047f0d464	implementation	approved	none	keep_public
06_implementation/reports/plan01-goal-audit.json	3316	20c142e7ef6c956de4d5bbc4699175c2741a9ae20a8d0ddab6f590077e2208fb	implementation	approved	none	keep_public
06_implementation/reports/plan01-pre-automated-review/archive-manifest.json	1527	297879294d56b8a045466ee2d8fa992f54fa11fae246ed5a3ad80f1a93b95da8	implementation	approved	none	keep_public
06_implementation/reports/plan01-pre-automated-review/phase-01-start.md	10259	69ec41abc6179df8a675f25ff7a0c98efa2b6b828085dc9561fb95d6f156c018	implementation	approved	none	keep_public
06_implementation/reports/plan01-pre-automated-review/phase-02-build.md	11479	17615e10d1b775986f383bcd6a9ee616fb3b2e1310718a23425a8d5095f68f18	implementation	approved	none	keep_public
06_implementation/reports/plan01-pre-automated-review/phase-03-validate-and-handoff.md	10746	e9b88106c4328ef277d8ea5cd25247ced5e9b508a9f9e363d042ff7b1c15b6c5	implementation	approved	none	keep_public
06_implementation/reports/plan01-pre-automated-review/plan.md	7129	b0c9bd369cb6d11221147fb8ca72343d83bce17b11c9263f037d645e805cc1c7	implementation	approved	none	keep_public
06_implementation/reports/plan01-pre-automated-review/plan01-finalization.json	4726	1395485513671a6af64fd577b8da782d4ebf5de23b1517db111a43b676b7afca	implementation	approved	none	keep_public
06_implementation/reports/plan01-pre-automated-review/plan01-progress.md	8873	376e36543fd3fffd3b5ab41bb5c72b23814a7f27da0919a0d3d16748f30f03a1	implementation	approved	none	keep_public
06_implementation/reports/plan01-progress.md	7048	326848f7cea2f866c6e6de9094ca6754b6364656c4db9c3edab3f4b983faf740	implementation	approved	none	keep_public
06_implementation/reports/plan01-tests.md	5735	c8cbbe2523168fd4c5ce6f697d013efd4e987bad25a8c4c69034f0153fdfe15f	implementation	approved	none	keep_public
06_implementation/reports/plan03-progress.md	5054	451c14fc34897accec4775f829498489282f46243714be1245592efa2b1e02db	implementation	approved	none	keep_public
06_implementation/reports/plan04-progress.md	14461	37313dc0e348ffc0e9b9647383b55077ae413a4de3ec228329827c9f4055c40d	implementation	approved	none	keep_public
06_implementation/reports/plan05-progress.md	9529	5ee6f69f9b3243c97ffc201d705f22516db6274e18a6ac82b622e86d102d1cd5	implementation	approved	none	keep_public
06_implementation/reports/pm-data-progress.md	9388	c0e677866b5481e9b8d7421c4abb3b7831c12d7e5d6691846a79b018d86c72c6	implementation	approved	none	keep_public
06_implementation/reports/protocol-validation.json	279	294bb3466ddf8099b18bfa399ea8ce2a85b97d9b7fb0f0463d8c6d462624b0f2	implementation	approved	none	keep_public
06_implementation/reports/references.bib	4954	32a798181a43937c7e7a93acc08eed83bff225b7ccb93c646c621c409fcb947c	implementation	approved	none	keep_public
06_implementation/reports/release-checklist.md	5645	0a7fbbd6d46ddebfb523c7ababa22feb25c04046002ea48a4e75e99b48b4e201	implementation	approved	none	keep_public
06_implementation/reports/report-outline.md	7922	ec7e2b527845baafa7a39332937a078139ec1524939bd06a625c7c66fb0762cc	implementation	approved	none	keep_public
06_implementation/reports/representation-audit.md	5094	839238ec6e95cbc6f7c27e90ff1af017dfc53c46f8b07994711bd3a0cb1e370b	implementation	approved	none	keep_public
06_implementation/reports/representation-code-review.md	12077	5617366976457a83c2b87c29c364cc040c2c3d71b8c25940b96934ee98159a9c	implementation	approved	none	keep_public
06_implementation/reports/representation-debugger.md	5762	7e2e1bedc2e5359faae12e70051b7c601583295fe3610b39558d91d18c1e64d3	implementation	approved	none	keep_public
06_implementation/reports/representation-decisions.md	8044	6c3749b4d73890fa2d301e9bb5b2cb3c5b4a5226c15b7fdb18bd5e7264ce0572	implementation	approved	none	keep_public
06_implementation/reports/representation-goal-contract.md	2706	13fde7de528cbd5c9a5e8f3a387d4b65a84b45d8fe2bb8e4634657d8767295f3	implementation	approved	none	keep_public
06_implementation/reports/representation-handoff.md	8305	5180532a3baaf1e7ab4982ca640de0a156f64defe252694b934ec679538b789c	implementation	approved	none	keep_public
06_implementation/reports/representation-review-receipt.json	3995	ccdb0c764a70d0f8cfa822add0844b6813b98f8ef41ef4258467c60d56ab2b2a	implementation	approved	none	keep_public
06_implementation/reports/representation-source-audit.md	10531	ac08b274a7b5b60819da128dbe9b2d4df8cf0132d83f3bbc968ba0744879ff62	implementation	approved	none	keep_public
06_implementation/reports/representation-tests.json	2508	ab2ca0d25d7a030851fee09a3ade838b76333c62653ee087008591f2a1cd05f2	implementation	approved	none	keep_public
06_implementation/reports/representation-tests.md	5678	71607dfaec31797d5403e230ce09258dacdffcbdcb6475a0bbe277e192ef8f75	implementation	approved	none	keep_public
06_implementation/reports/representation-token-audit.md	3149	65ad96102753c1a3df4137e00cc04651e07e236ee2b893bdebeef0445b7ef02d	implementation	approved	none	keep_public
06_implementation/reports/reproduction-receipts.md	4665	24eaa1057a2b099761d07d4c42696ae6c8f62d0a3fb7cf1fa82a4d90e460cab9	implementation	approved	none	keep_public
06_implementation/reports/retrieval-code-review.json	6856	823285736fbf25a557dab26529e372ee63b77f416ccb8d1a0a61e6c43a39f4dd	implementation	approved	none	keep_public
06_implementation/reports/retrieval-code-review.md	7957	b5e99d1d914391d9b26eac19a5e025ea0f8db717a620b9d68e2b78977a9bc49f	implementation	approved	none	keep_public
06_implementation/reports/retrieval-debugger-preflight.md	13547	b9f057ceafee6e043aa020b693995ae37131eb05765b53e72c4b172be86f9b30	implementation	approved	none	keep_public
06_implementation/reports/retrieval-dependency-provisioning.json	5312	04217103f01e6524dc41bc84da8aa7c50a3860230786c54c4e1d30234e7ba46f	implementation	approved	none	keep_public
06_implementation/reports/retrieval-goal-contract.md	3068	91694102f2dcc8298b8b70b10edc9a2b150df1b069d30b625864fd9f59231d4d	implementation	approved	none	keep_public
06_implementation/reports/retrieval-handoff.json	7298	b8da692d4313ac58fdfbb37d28365d9ec9364ed229fe7a96e150475dace7ab13	implementation	approved	none	keep_public
06_implementation/reports/retrieval-independent-review-checks.json	547	b326c295bc7aefbae346b34f3e96832e025874a5dd11f300e8be2dd5037f5c43	implementation	approved	none	keep_public
06_implementation/reports/retrieval-input-audit.md	3545	d86bd53c855fa3e517cf10df17fbfe30980d053d2fbab23a64af7ad9b58c0294	implementation	approved	none	keep_public
06_implementation/reports/retrieval-pilot-audit.md	1860	ff49a43afb1cacc85ff3510d4b36a4b0e6d8be165bc842d789202b20e1a90544	implementation	approved	none	keep_public
06_implementation/reports/retrieval-preflight-inputs.json	4648	ae7226365e76af27e2a35c2622e41d2b4af033fd5e9f4a28bbe724f809bb3ee0	implementation	approved	none	keep_public
06_implementation/reports/retrieval-reproducibility.json	15083	f25aaa25e61b607cbe73541733fc6a1df51a55fc5b2a4297d597599124e93273	implementation	approved	none	keep_public
06_implementation/reports/retrieval-tests.json	50543	b094173f7110696e62c1f273f5ea1df9a292d6dba4307a0d6cbc14c29b5cca3f	implementation	approved	none	keep_public
06_implementation/reports/retrieval-tests.md	4668	d97be519243758febfc3406f54d9d223e5120de994c5ec77ba92a02728b36232	implementation	approved	none	keep_public
06_implementation/reports/slides.md	11286	c7bf165e144d3f273e3ac062e5178c7571c652548cedadf7b88d572710c0df26	implementation	approved	none	keep_public
06_implementation/reports/test-deviations.md	2768	5a3669c7c37ad2df1d0c8ed1fcbbec931faf683e3001dfbed08e8ffa6b488998	implementation	approved	none	keep_public
06_implementation/requirements-validation.txt	14	01e08410080741c1f164e3b7459ea15db5966cef6629bfeb2691175f269efd00	implementation	approved	none	keep_public
06_implementation/results/family-comparison.tsv	13	f63989f0df4f5475a993f4427e7c61a9c061c954fd2e44f881fe1db4ac67daf3	implementation	approved	none	keep_public
06_implementation/results/leakage-diagnostic.json	310	b0d3446ed8e81ba9886a7e0471489f2c9f44b532492bb006427328e8f49df9e1	implementation	approved	none	keep_public
06_implementation/results/per-incident.provenance.json	273	456fc52c69c9a20cf0d786c26d74bd1b88108967755331b029d9499d4a9fb941	implementation	approved	none	keep_public
06_implementation/results/per-incident.tsv	65409	f419f0f0debd1d3e60d1fd55673c1d280b33700692229af39facbdbe66f52fbe	implementation	approved	none	keep_public
06_implementation/runs/generation/test/responses.jsonl	241778	deb0865f94fffb7049085ea0d82e2d6821915d30b3e1cdbf315896ac5add46a5	implementation	approved	none	keep_public
06_implementation/schemas/annotation-answerability.schema.json	1189	ad60d6c87e94e458956d6dc340d852c4db52a05946792e77518eb4aa793a4380	implementation	approved	none	keep_public
06_implementation/schemas/annotation-document.schema.json	1463	fe21bcc2fa9e364bcbf81ff6099520283d4a78f86e864485594ac3c04195f66e	implementation	approved	none	keep_public
06_implementation/schemas/annotation-freeze-f2.schema.json	2163	395c489143e1d69469c11b2b4f871a808343254e83334d142f31b7262989ec3f	implementation	approved	none	keep_public
06_implementation/schemas/annotation-passage.schema.json	2264	80251ac5e0c0fab1d74c349fd508d1cad215b3350a1746c6de51858700ac8bf6	implementation	approved	none	keep_public
06_implementation/schemas/annotation-pool.schema.json	2380	461b1a9945239791010655af184ecb98387d151912d91881936dca2877cfdc53	implementation	approved	none	keep_public
06_implementation/schemas/annotation-reference.schema.json	1645	cde42b18081d93030cd00eafcea86ebdd6d68f5883938dc4517e618217fe63ba	implementation	approved	none	keep_public
06_implementation/schemas/retrieval-run.schema.json	13379	098bbc3f7af8b0e9d785ef88a6088b9022bd73a46878461dbc858928e2574a18	implementation	approved	none	keep_public
06_implementation/scripts/audit_corpus_sources.py	48060	caf1d6e4a7da0af9eedd94385194923c2573ae47cb29d2438f0bd37645514ca4	implementation	approved	none	keep_public
06_implementation/scripts/build_embeddings.py	5106	6755de25b949cff12eff079868aaa6c8d72cc49865079fe87d3ee02133bd4e91	implementation	approved	none	keep_public
06_implementation/scripts/build_g0_manifest.py	6384	9871866f63b780a95aa5229f691adc769930611dc954a6947d447eb1db58edd3	implementation	approved	none	keep_public
06_implementation/scripts/build_pdfs.py	15591	3954c66d4acbcf18590f6de54c8c5660ccf7965f5d699e6803d14da3516931e9	implementation	approved	none	keep_public
06_implementation/scripts/build_representations.py	2003	19270e38675921e343abf4dbed479fae0289bb50a58645d192056fb03162a66f	implementation	approved	none	keep_public
06_implementation/scripts/download_e5_assets.py	2599	e7d028ccea300b77e85e0a665ef0dcd1237111a99c92a894428fbc88ffa12ae4	implementation	approved	none	keep_public
06_implementation/scripts/execute_evaluation.py	4437	a7b9030ac2a68f5ef06aadb03e33541344fc1058fd68815785904874630330fc	implementation	approved	none	keep_public
06_implementation/scripts/generate_demo_fixtures.py	16465	c13c5f6a426c59c6fdf1f80ae6298ccd7dc55733d57b59362b4dfc4c9fe16926	implementation	approved	none	keep_public
06_implementation/scripts/generate_test_pool_and_qrels.py	21352	e010399a394bfa39e4074f579315b4a44e7914a19bd027abcbcdedf8efa80830	implementation	approved	none	keep_public
06_implementation/scripts/kaggle_gpu_runner.py	1902	089d71844a2a429faea33cfcc699a7c447f3879f483d01e10dce5639a51acae9	implementation	approved	none	keep_public
06_implementation/scripts/package_release.py	7420	708d535fc3d5c6e3052c2cf2068bee5ed49986bf355175c497ebd96f074ad4b7	implementation	approved	none	keep_public
06_implementation/scripts/validate_protocol.py	36263	f836220e14b4a2f22085ad338f07ea9ee742a600b4efe63454b9f56b95ca3e29	implementation	approved	none	keep_public
06_implementation/scripts/verify_retrieval_delivery.py	7020	7a54de7e9249f0493caf5d77f45e4a6ad5ef2a171128334162d67bf49ec3b55e	implementation	approved	none	keep_public
06_implementation/scripts/write_readiness_sidecars.py	9880	5ac47247802966aa2d752d8a121c16f66cdce7e09990f704e94648bbb4908754	implementation	approved	none	keep_public
06_implementation/src/annotations/__init__.py	102	7d549fd012c30873dfa31378da16d994e82ff4ffc71c29e3075811304bdc598c	implementation	approved	none	keep_public
06_implementation/src/annotations/agreement.py	552	eb55aecd8243d23ee8d9c2bc6731c1440029eddc3391485fde7b603338241617	implementation	approved	none	keep_public
06_implementation/src/annotations/build_pool.py	699	c3e92132ddb1f97839f547dbe2f7bbed366a363d8ab0e047101f14e57c0fb4c3	implementation	approved	none	keep_public
06_implementation/src/annotations/common.py	6398	a7757bf76b6666e9b06eec0b9ab7f1d12aa133c61c1bbefc0209a8962423ce10	implementation	approved	none	keep_public
06_implementation/src/annotations/coverage.py	634	54b484b96c12e3fda8ad034c2efd159d4e68c48d050e92dfd3b01950f7ab73e4	implementation	approved	none	keep_public
06_implementation/src/annotations/export_gold.py	937	11564d2ede7b59e0a9b9edeaf22d37055fa1fc16ab9d2144397fb228092144f7	implementation	approved	none	keep_public
06_implementation/src/annotations/freeze_f2.py	7100	4caee93b1c2af9fef43821160f3a73a22161753c46f8f04feb8c3a706197839d	implementation	approved	none	keep_public
06_implementation/src/annotations/llm_judge.py	9638	513a1767617be00bce0f8bf330852918789c18c8fb5172dd25590adc47be7366	implementation	approved	none	keep_public
06_implementation/src/annotations/validate.py	850	78463b9881abd187e41897e1146c19e2c925e3f81839c390fbc49243dee2a305	implementation	approved	none	keep_public
06_implementation/src/corpus/__init__.py	86	9140e388f35fd51a4740453199cb46784cfd0fc46442b6bbd7401f8a296d45b9	implementation	approved	none	keep_public
06_implementation/src/corpus/build_corpus.py	19169	9b4743c90c9c6a91e99a14a8723cee46eb890a6608a33fa137f804762c139a05	implementation	approved	none	keep_public
06_implementation/src/corpus/chunking.py	6494	e3e6f43d52b56c81ca314d18ea011314b9a2e3f397727b63016ad383e3f0cd01	implementation	approved	none	keep_public
06_implementation/src/corpus/citation_registry.py	946	1c6856caa7b2cd23ec1f034a0e5d5956379f30cc763af14507e8acdaba48649f	implementation	approved	none	keep_public
06_implementation/src/corpus/common.py	4791	416d1d7ab27097f1e5bea41471dc958a886b7ff4daced4ca47be4037aee7f004	implementation	approved	none	keep_public
06_implementation/src/corpus/normalize.py	9207	f33511ebe30be5735a5399a8ee0150ab76012f463dc5d7a2a57cb78d26874bd8	implementation	approved	none	keep_public
06_implementation/src/corpus/review_receipt.py	3023	eafff9089b1de4da6aac8cde90d8565f63287fb45689a40ceb44755d8ee5528f	implementation	approved	none	keep_public
06_implementation/src/corpus/tokenizer.py	1601	bb72ff978d6e380479149a42236133b6638c3db19aa153c4cd0fef2d1bc26fc9	implementation	approved	none	keep_public
06_implementation/src/corpus/validate_corpus.py	30664	6074d0973ab0c8b547f714806a460c22d7b1fac7c51c4f0d1f37f8fe58a91027	implementation	approved	none	keep_public
06_implementation/src/data/__init__.py	59	080c6825667d244cd20be0dbfd59c5af9f0f06d63393a11c206f8452cd9e1ecc	implementation	approved	none	keep_public
06_implementation/src/data/build_environment_report.py	13286	9fa8db927d1a86b445847e1741387febda87b7ea35c423c9cb45f7c4ee5a069a	implementation	approved	none	keep_public
06_implementation/src/data/common.py	16426	0a03b244f2b5067e65612850214002314ba6c27adb570485dbd16d83816285b7	implementation	approved	none	keep_public
06_implementation/src/data/export_inference_data.py	12685	edb33a08c2ae726d9419bd8ca87f7c4d22ce7542b2dc399170913beb5777efc1	implementation	approved	none	keep_public
06_implementation/src/data/export_private_sidecars.py	4918	172fdc8e5f46de285bd6eb84a8ef31555dfea4e44e233062c426e6d3c06662e6	implementation	approved	none	keep_public
06_implementation/src/data/impute.py	3880	815e65dcf9971b39a7b293e86a7a4f781c3f23c936d161d97beb56f835803887	implementation	approved	none	keep_public
06_implementation/src/data/package_inference.py	3984	2edcc05a59f5056a6a9585a2cfaa863cbbdfbe73053507e0dc02c32a6a82573d	implementation	approved	none	keep_public
06_implementation/src/data/review_receipt.py	2021	b643b9dbc66a7c08101927bb6b405efd4632ed8374439c9b087c9f58dfb9daab	implementation	approved	none	keep_public
06_implementation/src/data/validate_inputs.py	9752	742900ef700782bbfd021e5f26a1b6f7edf42efc0009798278b804a12c1c0784	implementation	approved	none	keep_public
06_implementation/src/demo/__init__.py	20	fdb1458fb623087d5754703894efaae1b387eaf9e9e9f4c5e0126565bdb4fd8f	implementation	approved	none	keep_public
06_implementation/src/demo/app.py	34837	2b7d2d43019fe651043627debef422b733e097c456ed18ca17adc89d065e3269	implementation	approved	none	keep_public
06_implementation/src/demo/loaders.py	12175	85dcdd62118a7b310ff1ba2617e7505e67076264e3a23f666845616d69d1a84d	implementation	approved	none	keep_public
06_implementation/src/evaluation/__init__.py	72	41b5928a2d19ff11485a409464871b374b75b6c4aa7edaa7d462812b2fd123ca	implementation	approved	none	keep_public
06_implementation/src/evaluation/__main__.py	2753	7f97567c0ec7d0f97190110ed61c6c44beacdeeec5171a11fdf8db7e3b018d23	implementation	approved	none	keep_public
06_implementation/src/evaluation/bootstrap.py	2362	e9ca03ad9b846a3e7aab74c2c15ea0fd6744dae671530d20a41e0bc7ecb30835	implementation	approved	none	keep_public
06_implementation/src/evaluation/cli_ops.py	10986	61967457807dc5fbaca58bb8e861a80d42b9650a7a677a3e1c7b0f62b8d4dd07	implementation	approved	none	keep_public
06_implementation/src/evaluation/controls.py	4554	8df83d009bc4945c71d9061dce626df19b506bba99c0b72d73d6f0a41b131f33	implementation	approved	none	keep_public
06_implementation/src/evaluation/experimental_qrels.py	2715	b3830eb101c354ddf2f50779fd165488b33abe5cc9213348ab974e8f01cecc41	implementation	approved	none	keep_public
06_implementation/src/evaluation/freeze.py	1339	f6a4b03f806b0659cc3100bae00698855174701d7e36ee2237197111aa9c339c	implementation	approved	none	keep_public
06_implementation/src/evaluation/generation_metrics.py	3017	28eb588da35dea5ff66c60e3606a6aec0ee9c4e609d1958124ec75f49cec20af	implementation	approved	none	keep_public
06_implementation/src/evaluation/lock.py	1993	37c80ba50dd5ea8759473f85310ab2f11f4703c765da1402a4e2e06849612bc4	implementation	approved	none	keep_public
06_implementation/src/evaluation/metrics.py	3516	103a3c2aa740fa4186e1b7d19af214dbaae0c64b0a3dc52e4810b44609f0ecf0	implementation	approved	none	keep_public
06_implementation/src/evaluation/scoring.py	1378	342c0dbc998e2a017cedb1734e5be28397eec7a8189d52bca4b21e5ed30bda52	implementation	approved	none	keep_public
06_implementation/src/evaluation/tables.py	6581	7f8aab7bee1c8b347fe4d22991443d1e318ae538cce94f3d301ccd6a3088c010	implementation	approved	none	keep_public
06_implementation/src/generation/__init__.py	7	e3300b082c5f4b2cce28d981fd8f91d40d225213e908eaca6e4275b2b256cb1a	implementation	approved	none	keep_public
06_implementation/src/generation/__main__.py	1693	55b8aff6602f801085d2ea4273d3465eaa5b00f7588b315fc65b215641526982	implementation	approved	none	keep_public
06_implementation/src/generation/context_builder.py	1539	b6d1238e65bfe6b94fad106dbf0513de4255ba04091c7e397674288d1fae0e04	implementation	approved	none	keep_public
06_implementation/src/generation/control_driver.py	2377	dc4f9cae5ff19bf47657e877bc3b458ff6345fe61fbe6aaddd1a74d14af05365	implementation	approved	none	keep_public
06_implementation/src/generation/provider.py	1572	406287e67e3e83ff5fae537c9baf9800bdfc79a0e031c62f4d8da295c744cc1d	implementation	approved	none	keep_public
06_implementation/src/generation/runner.py	4565	6406136b9368f477eb1ec819fd367b97e783b558dfb11576e120be30e56a9afe	implementation	approved	none	keep_public
06_implementation/src/generation/schemas.py	1464	b8e3568c84401aef3006dd1d9f8e83f559de56886e86f30e0decd87b8236731e	implementation	approved	none	keep_public
06_implementation/src/generation/validator.py	1074	d7d091e545128ec4799f23d034bc6dd47c0a40e27feac3bfcb7c9e183f238cec	implementation	approved	none	keep_public
06_implementation/src/representation_pipeline.py	22753	7ed8f2b186f3592dbaa4337af0d79ee1bc0acf7ea6e51472f27e03b31197f2cb	implementation	approved	none	keep_public
06_implementation/src/representations.py	23391	3b1a107ac7bca39e5123772c33e89840951c857857319f9b8d09852fa5da90a6	implementation	approved	none	keep_public
06_implementation/src/retrieval/__init__.py	105	a418cf9caecd6ade4df27790cff4565a44a699f7afca98d5527284163989314b	implementation	approved	none	keep_public
06_implementation/src/retrieval/__main__.py	5131	9a5296b72d119c0255e0b50dad3c825e259e32b587974c07223b3132bde86e8f	implementation	approved	none	keep_public
06_implementation/src/retrieval/bm25.py	5040	a953f92103aa03a950de9959d651dab117cd431ae9dddb915e220fbff0d17661	implementation	approved	none	keep_public
06_implementation/src/retrieval/cache.py	5746	e35e723194be204a02cdae2f2063d9addb43e702cfd565ed3fa4d2bc293425bb	implementation	approved	none	keep_public
06_implementation/src/retrieval/common.py	4555	0277b3b3d95efceef6c010e971ff983c0421fb80c309148566ec85fee6dce063	implementation	approved	none	keep_public
06_implementation/src/retrieval/consumer.py	7311	a7a2c20b18106ef50f186283c7283e676e3fb36ea795833a23b616b8e8013174	implementation	approved	none	keep_public
06_implementation/src/retrieval/dense.py	14522	54238a02227410be1e8ff65e4c5f8966bf43d1c59b0ba79ff249135b84aac52a	implementation	approved	none	keep_public
06_implementation/src/retrieval/fusion.py	3351	07219378ad3ae97364c637c41eb3d40e85d2cc560c7c18cacd73b0364b10c600	implementation	approved	none	keep_public
06_implementation/src/retrieval/inputs.py	16682	19ec3a2293ee80b43bf9fc9b9793d97654aafb3e871c0d17c1cc8179c963aa1e	implementation	approved	none	keep_public
06_implementation/src/retrieval/rerank.py	7522	7df4f3463e50bfb24f733a2424607b261f1e2a3858507583eb37493961750428	implementation	approved	none	keep_public
06_implementation/src/retrieval/runner.py	16224	5a517ba47bb8afd133663a06f1df1f0a4a826c8842a4d70b80fd9f6a9614b7ef	implementation	approved	none	keep_public
06_implementation/tests/fixtures/demo/run_g0_recommendation/context.jsonl	0	e3b0c44298fc1c149afbf4c8996fb92427ae41e4649b934ca495991b7852b855	implementation	approved	none	keep_public
06_implementation/tests/fixtures/demo/run_g0_recommendation/manifest.json	272	f1b1f9d31bcb4acfffec92e4259c9769e58f1573d6fd2767774d057af158dbcf	implementation	approved	none	keep_public
06_implementation/tests/fixtures/demo/run_g0_recommendation/responses.jsonl	1524	5461146f794355ea79e7410130522ad82a8c1085969a5fea390fa840cd349a9f	implementation	approved	none	keep_public
06_implementation/tests/fixtures/demo/run_gb_email/context.jsonl	403	c975afb838c12740cc78a0ee4737349226aff48d78c15cf09e7c2af2e1897e3e	implementation	approved	none	keep_public
06_implementation/tests/fixtures/demo/run_gb_email/manifest.json	265	480b004c89bf709159ceaa4c161636f6007d417296b5d85ea6c7d0364b2479e4	implementation	approved	none	keep_public
06_implementation/tests/fixtures/demo/run_gb_email/responses.jsonl	2340	a498ad1c2b7d2a2eee72b1a0d8167ab7f33dadfb435044a2e51a7ba9592dd125	implementation	approved	none	keep_public
06_implementation/tests/fixtures/demo/run_gb_redis/context.jsonl	358	87b8704d49584c68c80435236364e6610d1c329289492e45fc78390e3324888c	implementation	approved	none	keep_public
06_implementation/tests/fixtures/demo/run_gb_redis/manifest.json	265	a60a7d4fcbe61f4111e0b5a0313c09bcf3b19cd6437fdd6abb9a12aa17f4ef71	implementation	approved	none	keep_public
06_implementation/tests/fixtures/demo/run_gb_redis/responses.jsonl	1887	811da7b6542f83fa672d053c97499f74f88c04fff303dc59184f43b74524f07a	implementation	approved	none	keep_public
06_implementation/tests/fixtures/demo/run_gd_invalid_citation/context.jsonl	366	da367a8314bf44f37ecedb829d61679f897570b5d8bff0e9d977765e8570f901	implementation	approved	none	keep_public
06_implementation/tests/fixtures/demo/run_gd_invalid_citation/manifest.json	274	50fb63cdfae2af43bdcb2987119d630231d3969b2db81e94ce67f2b9da39dfe8	implementation	approved	none	keep_public
06_implementation/tests/fixtures/demo/run_gd_invalid_citation/responses.jsonl	1239	7db44b8244c1a887d237a878d3b9ec11033353ab747d86d6212f26693df81fe8	implementation	approved	none	keep_public
06_implementation/tests/fixtures/demo/run_gh_redis/context.jsonl	1166	8dbf7c63d876d1a72a77a218926b75c489cf35f937a6ba5b76741189a7b37a27	implementation	approved	none	keep_public
06_implementation/tests/fixtures/demo/run_gh_redis/manifest.json	265	3d7984a28a3a0f11cff1fce62229f4825e9e53a8b7cba166ee4b0ebb921690bc	implementation	approved	none	keep_public
06_implementation/tests/fixtures/demo/run_gh_redis/responses.jsonl	2557	e6d6844a400fa8f7ad5f41cf761000fc05e4b9ce59c0b228088568f486263964	implementation	approved	none	keep_public
06_implementation/tests/fixtures/retrieval/README.md	2345	98e7b6b6c996e1c16426e90bff10ca537f90f1ed094d29048635a58e4ae702f8	implementation	approved	none	keep_public
06_implementation/tests/fixtures/retrieval/bm25-hand.json	746	9603f5d1d3140f3724c2e0f043fd2967226cfd85eddb6eaa298b80762f4ef7ef	implementation	approved	none	keep_public
06_implementation/tests/fixtures/retrieval/build_fixture.py	4391	d6c54b05d2a3103ebc3997b26ed518694d1f2cf78cb53b5e878e40a9a2fe987a	implementation	approved	none	keep_public
06_implementation/tests/fixtures/retrieval/rrf-hand.json	880	e1d52ed0d495f4dbdfea8487e85a6bfe66f8591de4b834df1efcbc53f73349fb	implementation	approved	none	keep_public
06_implementation/tests/test_annotation_integrity.py	3426	46ae28f6654733b7d2b02030225c6c7b683266fe630ac0ca3e36941405bc5d11	implementation	approved	none	keep_public
06_implementation/tests/test_citation_registry.py	9475	e4a4a38e63c046a75bed0414223b59a97d9f87518552139d58a2e0af86066c62	implementation	approved	none	keep_public
06_implementation/tests/test_corpus_integrity.py	32859	11f1441d717a89771b915c8851d8eeca43c003d133ba54e4abff4f817d1b14a0	implementation	approved	none	keep_public
06_implementation/tests/test_data_boundary.py	20198	212b780b5f6969e7e67af746c550e897377fc9d580771a4e9f44e5acc7c5b6af	implementation	approved	none	keep_public
06_implementation/tests/test_data_provenance.py	14776	d37136895e2d5c52599eaf3ebc1c85015df99077375f775b9921b70d35d2e34d	implementation	approved	none	keep_public
06_implementation/tests/test_demo_app.py	3458	11125500dc0e8b6c7e69d061c72f82313dccbd7fcc383dd01618bf24c5048294	implementation	approved	none	keep_public
06_implementation/tests/test_demo_loaders.py	3871	1848d5541da722d4618bf78b0cd4c31357eb3a36b9d06aaa14420ec282096860	implementation	approved	none	keep_public
06_implementation/tests/test_evaluation_cli.py	7800	a985a1f066e16e4fe90131b0534835f7b529a06a599e36765bf941f8023d5ee7	implementation	approved	none	keep_public
06_implementation/tests/test_evaluation_contract.py	2699	929d61437654e58bfce271b60cd624cba4423269d25721b8e663163eebce4785	implementation	approved	none	keep_public
06_implementation/tests/test_evaluation_controls.py	3539	c8e8b4fa9946b1fca1562bb1bd5aaf39600e6c458fe34805a1ef4bd69eaa984e	implementation	approved	none	keep_public
06_implementation/tests/test_evaluation_scoring_integrity.py	4726	b1517882429a7e767399018dc1f8212d977f8029266205cf2c52325d4b9b4148	implementation	approved	none	keep_public
06_implementation/tests/test_generation_contract.py	1222	3da1371080dae52782b16043236347ea587f0cc7c8a3c8c959f58b2f19d994a5	implementation	approved	none	keep_public
06_implementation/tests/test_generation_reliability.py	1002	f49369eb40278b99d81fd232a0c208fbacda4295f2c6ccd8de0b8072c8a4728c	implementation	approved	none	keep_public
06_implementation/tests/test_gold_type_separation.py	6336	8e53a8dd7e36ff591c8c5e59a4516f66ff0b567b56de32c326a8ef4f8a50f76c	implementation	approved	none	keep_public
06_implementation/tests/test_index_whitelist_enforcement.py	2454	5347e777e69dcead7587eb30d609c78cbad20b82d3c9358c389eaaf9beeb9fb0	implementation	approved	none	keep_public
06_implementation/tests/test_methodology_lock.py	1757	c8c5e8b574ee1c38555c78c5ccbef221780cb964ed14a876f56bd66b2e08de3a	implementation	approved	none	keep_public
06_implementation/tests/test_public_artifact_policy.py	5542	d9625f17cdca57f7b40b7c34c04f966aa47c1fb3d43abef42217965a211556b9	implementation	approved	none	keep_public
06_implementation/tests/test_readiness_contract.py	6466	171a0b735fb65032daee76794d8672e7889272f9b27cb27be706e76726eccce4	implementation	approved	none	keep_public
06_implementation/tests/test_release_integrity.py	4356	97d20cb0e14763a421b89352ec1c4e3863ab637feaef90650a14d9936956ad69	implementation	approved	none	keep_public
06_implementation/tests/test_representation_contract.py	29680	51095bc30fa357f0147e865aaa7f234700495718b6555b4344d06fad10b408c5	implementation	approved	none	keep_public
06_implementation/tests/test_representation_pipeline.py	8803	6cc50a36301c5da48a012dd245a96b09c49149db8c06097c96fa078fcbd720bd	implementation	approved	none	keep_public
06_implementation/tests/test_retrieval_contract.py	29549	9b7c9900b4686f1a414cf90e1d73c6c96fe609a5ceae95add0b9bb9ca130d5a9	implementation	approved	none	keep_public
06_implementation/tests/test_retrieval_engines.py	19459	51e516ff55d027e9443ca4e762285908140e13d529059363e620b4dd45921438	implementation	approved	none	keep_public
06_implementation/tests/test_validate_protocol.py	29138	c107c4ea772f1ea8b1fcc703c2689a36b8eb9b2e9cc11b956d8b009619714cf2	implementation	approved	none	keep_public
06_implementation/validation/source-inventory.json	9380	a65ff1e244fbfa01d174fb9cfe6de2b6b54a6905c48cfc2c955e5592485e849e	implementation	approved	none	keep_public
06_implementation/validation/source-inventory.py	9330	139161042972955e981c090966c96749a837ef0e5612af246fc84874560b2d5a	implementation	approved	none	keep_public
06_implementation/vendor/e5-small-v2/config.json	615	5dfb0363cd0243be179c03bcaafd1542d0fbb95e8cbcf575fff3e229342adc2f	vendor-tokenizer	approved	none	keep_public
06_implementation/vendor/e5-small-v2/special_tokens_map.json	125	b6d346be366a7d1d48332dbc9fdf3bf8960b5d879522b7799ddba59e76237ee3	vendor-tokenizer	approved	none	keep_public
06_implementation/vendor/e5-small-v2/tokenizer.json	711396	d241a60d5e8f04cc1b2b3e9ef7a4921b27bf526d9f6050ab90f9267a1f9e5c66	vendor-tokenizer	approved	none	keep_public
06_implementation/vendor/e5-small-v2/tokenizer_config.json	314	ae83fa6ca0333117ff12606020af925d648667ef70d92ff7f27d781ba0ca4544	vendor-tokenizer	approved	none	keep_public
06_implementation/vendor/e5-small-v2/vocab.txt	231508	07eced375cec144d27c900241f3e339478dec958f92fddbc551f295c992038a3	vendor-tokenizer	approved	none	keep_public
LICENSE	1090	f6d2638a0a03d9af93bd91b35109fe8332140ef254971b2047ac7757633829fb	repo-root	approved	none	keep_public
MANIFEST_RESEARCH_SHA256.txt	307065	dc660c2aca38744a4c3e3270dca47a0a5bcb89904f8337a3ea35c07281752c73	historical-snapshot	approved	none	keep_public
MANIFEST_SHA256.txt	13311	b1f229f2b2fbbb6d1a9dfc02e00da6f4bbd7801ea4260102d57fcac684d9f8b3	historical-snapshot	approved	none	keep_public
README.md	7115	fe95190d73a388bc045d7b567824292c4872d47dd6d386ec86b188cc1da7d983	repo-root	approved	none	keep_public
START-HERE.md	4934	4c3ee6b1327da8f1a69667beaa89c00a14183c685c71af52f4a984876ad4dd2d	repo-root	approved	none	keep_public
docs/journals/260917-human-plan-agent-boundary.md	980	526e1b1665f4286c178a31b38513f859cefb1c4ef731f49ee2cc6e8f3dc566ec	publication-policy	approved	none	keep_public
docs/journals/260917-methodology-freeze-mvp.md	4060	65b7a85b9c64e2f9ec2f2c4b9bb64dd5611bedd6aa501cbabbd6216405ff3bd4	publication-policy	approved	none	keep_public
docs/public-release-runbook.md	2760	dd7ac7a8df7cf2554c8622d3503b116606826d117f37cad6850f485dbf3f7953	publication-policy	approved	none	keep_public
docs/repository-publication-policy.md	4706	f41bc9ab64751a20d12609306f42e94e02b471d4a5b8c4b8310309a4df7a3859	publication-policy	approved	none	keep_public
plans/reports/260913-independent-plans-contracts.md	17948	10fd147a2ac5b4456518c85997022bcae80f6505d0d88ecb67a1f12a07bd96a8	g0-contract-snapshot	approved	none	keep_public
scripts/acquire-datasets.py	8260	e64f20622c36a402f8a749e52a6049966157834d7e87750476933aba732dac5e	scripts	approved	none	keep_public
scripts/acquire-knowledge-historical.py	4569	5ff7920c7134b673e0322a297d84423e358456b6fb9b1cfdb9beb74f6b9bc5fd	scripts	approved	none	keep_public
scripts/acquire-knowledge.py	19852	4967349ca0a92748223f1e990e237ff43c4b895583cf1630a057be6948693851	scripts	approved	none	keep_public
scripts/acquire-research-support.py	3912	2980d8db8fcd96f061a581766686a1c6d3e4c1c72a7b775e062bd2f597c03f84	scripts	approved	none	keep_public
scripts/audit-dataset-catalog.py	7258	7a150b2a1b9a48e686036160537c00e5147582f2cb269972d63e510a62bdf8e7	scripts	approved	none	keep_public
scripts/build-handoff.py	25194	5d2002e1d044f898b31c5cb5265f494f7fc99239f499a6625178b7adea77e78f	scripts	approved	none	keep_public
scripts/build-resource-index.py	13657	f248f7999d9ba861a973b7e46eb41ca546294410141cd6d33f9977c81a467fb7	scripts	approved	none	keep_public
scripts/canonical_identifiers.py	7188	349a1ea75ec500d2bbe49a1683d441496d289af8e5f824fbcfa6b1ec4ed1b65d	scripts	approved	none	keep_public
scripts/check-handoff-files.py	5076	2b548ab1353c0320753e4bc2700ed9566748df5028ec9b0a79cbd46e4799880e	scripts	approved	none	keep_public
scripts/discover-knowledge.py	1210	4f7d2286628a94253b77cede5aba1130ba22e4b1bffc11fe702734442c867c27	scripts	approved	none	keep_public
scripts/freeze-research-pack.py	5780	af7c59f843433200f3be1dca09327e4f0e321821db5a95b9d1656ad12c2f0e70	scripts	approved	none	keep_public
scripts/prepare-annotation-kit.py	7821	7925e75773d21e88fbe0998a313053e8ec0321f9c3cc3b1e6b4a10bfe0539d3d	scripts	approved	none	keep_public
scripts/prepare-experiment-resources.py	4011	2c0ca0b99603e8236df60d1a498d3a63f09a2b4004726de6a00087f07e681556	scripts	approved	none	keep_public
scripts/prepare-incidents.py	21477	2767d57a1e9639015d68fdccc582bee8fb8a04e53f34937384b8cf0383adc26c	scripts	approved	none	keep_public
scripts/preview-retrieval.py	7453	0235ed321f0d1d5a58978c23cb8e18348c077199c8abc7e4c3296bfe7f775ded	scripts	approved	none	keep_public
scripts/publication_policy.py	18102	e4ea1b3789285c04bca892b12807afd3cdbdee60c8209a6188cb10d25ed88cfe	scripts	approved	none	keep_public
scripts/requirements-data.txt	298	cddda96da63c06c002f6d9d832269d6663d373b43128c1ec83273b6b78a5b0a7	scripts	approved	none	keep_public
scripts/validate-public-artifacts.py	5868	f3e94a7eed1e20ef1dd6b72ed0425bea4a25f2c36feb02d6fee409885c4314c9	scripts	approved	none	keep_public
scripts/validate-research-pack.py	25506	6a21da5c65142457e4d64c125d0590c1e753b634a2fd897f73456ff4d1efcb89	scripts	approved	none	keep_public
