resource_id	resource_type	url	proposed_priority	gate	current_status	next_action
P0001	paper_metadata_only	https://arxiv.org/abs/2310.01796	P1	metadata_only; follow publisher access policy	primary_title_identifier_confirmed	Lấy BibTeX/metadata chính thức để bổ sung tác giả, venue, năm xuất bản; không cào PDF ở giai đoạn này.
P0002	paper_metadata_only	https://arxiv.org/abs/2403.04123	P1	metadata_only; follow publisher access policy	primary_title_identifier_confirmed	Lấy BibTeX/metadata chính thức để bổ sung tác giả, venue, năm xuất bản; không cào PDF ở giai đoạn này.
P0003	paper_metadata_only	https://arxiv.org/abs/2402.17531	P1	metadata_only; follow publisher access policy	primary_title_identifier_confirmed	Lấy BibTeX/metadata chính thức để bổ sung tác giả, venue, năm xuất bản; không cào PDF ở giai đoạn này.
P0004	paper_metadata_only	https://arxiv.org/abs/2401.13810	P1	metadata_only; follow publisher access policy	primary_title_identifier_confirmed	Lấy BibTeX/metadata chính thức để bổ sung tác giả, venue, năm xuất bản; không cào PDF ở giai đoạn này.
P0005	paper_metadata_only	https://arxiv.org/abs/2305.15778	P1	metadata_only; follow publisher access policy	primary_title_identifier_confirmed	Lấy BibTeX/metadata chính thức để bổ sung tác giả, venue, năm xuất bản; không cào PDF ở giai đoạn này.
P0006	paper_metadata_only	https://arxiv.org/abs/2310.07637	P1	metadata_only; follow publisher access policy	primary_title_identifier_confirmed	Lấy BibTeX/metadata chính thức để bổ sung tác giả, venue, năm xuất bản; không cào PDF ở giai đoạn này.
P0007	paper_metadata_only	https://arxiv.org/abs/2312.11988	P1	metadata_only; follow publisher access policy	primary_title_identifier_confirmed	Lấy BibTeX/metadata chính thức để bổ sung tác giả, venue, năm xuất bản; không cào PDF ở giai đoạn này.
P0008	paper_metadata_only	https://arxiv.org/abs/2307.05950	P1	metadata_only; follow publisher access policy	primary_title_identifier_confirmed	Lấy BibTeX/metadata chính thức để bổ sung tác giả, venue, năm xuất bản; không cào PDF ở giai đoạn này.
P0009	paper_metadata_only	https://arxiv.org/abs/2305.18084	P1	metadata_only; follow publisher access policy	primary_title_identifier_confirmed	Lấy BibTeX/metadata chính thức để bổ sung tác giả, venue, năm xuất bản; không cào PDF ở giai đoạn này.
P0010	paper_metadata_only	https://arxiv.org/abs/2305.11541	P1	metadata_only; follow publisher access policy	primary_title_identifier_confirmed	Lấy BibTeX/metadata chính thức để bổ sung tác giả, venue, năm xuất bản; không cào PDF ở giai đoạn này.
P0011	paper_metadata_only	https://arxiv.org/abs/2301.03797	P1	metadata_only; follow publisher access policy	primary_title_identifier_confirmed	Lấy BibTeX/metadata chính thức để bổ sung tác giả, venue, năm xuất bản; không cào PDF ở giai đoạn này.
P0012	paper_metadata_only	https://doi.org/10.1145/3357223.3362701	P1	metadata_only; follow publisher access policy	blocked_or_unreadable	Lấy BibTeX/metadata chính thức để bổ sung tác giả, venue, năm xuất bản; không cào PDF ở giai đoạn này.
P0013	paper_metadata_only	https://arxiv.org/abs/2204.11598	P1	metadata_only; follow publisher access policy	primary_title_identifier_confirmed	Lấy BibTeX/metadata chính thức để bổ sung tác giả, venue, năm xuất bản; không cào PDF ở giai đoạn này.
P0014	paper_metadata_only	https://doi.org/10.1109/ICSE-SEIP52600.2021.00031	P1	metadata_only; follow publisher access policy	blocked_or_unreadable	Lấy BibTeX/metadata chính thức để bổ sung tác giả, venue, năm xuất bản; không cào PDF ở giai đoạn này.
P0015	paper_metadata_only	https://arxiv.org/abs/2101.05961	P1	metadata_only; follow publisher access policy	primary_title_identifier_confirmed	Lấy BibTeX/metadata chính thức để bổ sung tác giả, venue, năm xuất bản; không cào PDF ở giai đoạn này.
P0016	paper_metadata_only	https://www.mdpi.com/2076-3417/10/6/2166	P1	metadata_only; follow publisher access policy	blocked_or_unreadable	Lấy BibTeX/metadata chính thức để bổ sung tác giả, venue, năm xuất bản; không cào PDF ở giai đoạn này.
P0017	paper_metadata_only	https://doi.org/10.1145/3445814.3446700	P1	metadata_only; follow publisher access policy	blocked_or_unreadable	Lấy BibTeX/metadata chính thức để bổ sung tác giả, venue, năm xuất bản; không cào PDF ở giai đoạn này.
P0018	paper_metadata_only	https://doi.org/10.1145/3368089.3417066	P1	metadata_only; follow publisher access policy	blocked_or_unreadable	Lấy BibTeX/metadata chính thức để bổ sung tác giả, venue, năm xuất bản; không cào PDF ở giai đoạn này.
P0019	paper_metadata_only	https://www.usenix.org/conference/osdi20/presentation/qiu	P1	metadata_only; follow publisher access policy	primary_title_identifier_confirmed	Lấy BibTeX/metadata chính thức để bổ sung tác giả, venue, năm xuất bản; không cào PDF ở giai đoạn này.
P0020	paper_metadata_only	https://doi.org/10.1145/3338906.3338961	P1	metadata_only; follow publisher access policy	blocked_or_unreadable	Lấy BibTeX/metadata chính thức để bổ sung tác giả, venue, năm xuất bản; không cào PDF ở giai đoạn này.
P0021	paper_metadata_only	https://ieeexplore.ieee.org/document/8580420/	P1	metadata_only; follow publisher access policy	blocked_or_unreadable	Lấy BibTeX/metadata chính thức để bổ sung tác giả, venue, năm xuất bản; không cào PDF ở giai đoạn này.
P0022	paper_metadata_only	https://arxiv.org/abs/2109.04893	P1	metadata_only; follow publisher access policy	primary_title_identifier_confirmed	Lấy BibTeX/metadata chính thức để bổ sung tác giả, venue, năm xuất bản; không cào PDF ở giai đoạn này.
P0023	paper_metadata_only	https://www.usenix.org/conference/nsdi-07/x-trace-pervasive-network-tracing-framework	P1	metadata_only; follow publisher access policy	primary_title_identifier_confirmed	Lấy BibTeX/metadata chính thức để bổ sung tác giả, venue, năm xuất bản; không cào PDF ở giai đoạn này.
P0024	paper_metadata_only	https://www.microsoft.com/en-us/research/wp-content/uploads/2006/11/hotnets06.pdf	P1	metadata_only; follow publisher access policy	pdf_readable_title_pending	Lấy BibTeX/metadata chính thức để bổ sung tác giả, venue, năm xuất bản; không cào PDF ở giai đoạn này.
P0025	paper_metadata_only	https://doi.org/10.1145/3700436	P1	metadata_only; follow publisher access policy	blocked_or_unreadable	Lấy BibTeX/metadata chính thức để bổ sung tác giả, venue, năm xuất bản; không cào PDF ở giai đoạn này.
P0026	paper_metadata_only	https://ieeexplore.ieee.org/document/9978953	P1	metadata_only; follow publisher access policy	blocked_or_unreadable	Lấy BibTeX/metadata chính thức để bổ sung tác giả, venue, năm xuất bản; không cào PDF ở giai đoạn này.
P0027	paper_metadata_only	https://arxiv.org/abs/2201.02944	P1	metadata_only; follow publisher access policy	primary_title_identifier_confirmed	Lấy BibTeX/metadata chính thức để bổ sung tác giả, venue, năm xuất bản; không cào PDF ở giai đoạn này.
P0028	paper_metadata_only	https://doi.org/10.1145/3292500.3330680	P1	metadata_only; follow publisher access policy	blocked_or_unreadable	Lấy BibTeX/metadata chính thức để bổ sung tác giả, venue, năm xuất bản; không cào PDF ở giai đoạn này.
P0029	paper_metadata_only	https://doi.org/10.1145/3236024.3236083	P1	metadata_only; follow publisher access policy	blocked_or_unreadable	Lấy BibTeX/metadata chính thức để bổ sung tác giả, venue, năm xuất bản; không cào PDF ở giai đoạn này.
P0030	paper_metadata_only	https://doi.org/10.1145/3133956.3134015	P1	metadata_only; follow publisher access policy	blocked_or_unreadable	Lấy BibTeX/metadata chính thức để bổ sung tác giả, venue, năm xuất bản; không cào PDF ở giai đoạn này.
P0031	paper_metadata_only	https://doi.org/10.1145/3603269.3604877	P1	metadata_only; follow publisher access policy	blocked_or_unreadable	Lấy BibTeX/metadata chính thức để bổ sung tác giả, venue, năm xuất bản; không cào PDF ở giai đoạn này.
P0032	paper_metadata_only	https://doi.org/10.1145/3611643.3616249	P1	metadata_only; follow publisher access policy	blocked_or_unreadable	Lấy BibTeX/metadata chính thức để bổ sung tác giả, venue, năm xuất bản; không cào PDF ở giai đoạn này.
P0033	paper_metadata_only	https://www.usenix.org/conference/osdi18/presentation/huang	P1	metadata_only; follow publisher access policy	primary_title_identifier_confirmed	Lấy BibTeX/metadata chính thức để bổ sung tác giả, venue, năm xuất bản; không cào PDF ở giai đoạn này.
P0034	paper_metadata_only	https://www.usenix.org/conference/atc23/presentation/dogga	P1	metadata_only; follow publisher access policy	primary_title_identifier_confirmed	Lấy BibTeX/metadata chính thức để bổ sung tác giả, venue, năm xuất bản; không cào PDF ở giai đoạn này.
P0035	paper_metadata_only	https://arxiv.org/abs/2302.09520	P1	metadata_only; follow publisher access policy	primary_title_identifier_confirmed	Lấy BibTeX/metadata chính thức để bổ sung tác giả, venue, năm xuất bản; không cào PDF ở giai đoạn này.
P0036	paper_metadata_only	https://doi.org/10.1145/3542929.3563482	P1	metadata_only; follow publisher access policy	blocked_or_unreadable	Lấy BibTeX/metadata chính thức để bổ sung tác giả, venue, năm xuất bản; không cào PDF ở giai đoạn này.
P0037	paper_metadata_only	https://arxiv.org/abs/2204.09670	P1	metadata_only; follow publisher access policy	primary_title_identifier_confirmed	Lấy BibTeX/metadata chính thức để bổ sung tác giả, venue, năm xuất bản; không cào PDF ở giai đoạn này.
P0038	paper_metadata_only	https://www.usenix.org/conference/atc21/presentation/li-liqun	P1	metadata_only; follow publisher access policy	primary_title_identifier_confirmed	Lấy BibTeX/metadata chính thức để bổ sung tác giả, venue, năm xuất bản; không cào PDF ở giai đoạn này.
P0039	paper_metadata_only	https://arxiv.org/abs/2108.12179	P1	metadata_only; follow publisher access policy	primary_title_identifier_confirmed	Lấy BibTeX/metadata chính thức để bổ sung tác giả, venue, năm xuất bản; không cào PDF ở giai đoạn này.
P0040	paper_metadata_only	https://arxiv.org/abs/2108.00344	P1	metadata_only; follow publisher access policy	primary_title_identifier_confirmed	Lấy BibTeX/metadata chính thức để bổ sung tác giả, venue, năm xuất bản; không cào PDF ở giai đoạn này.
P0041	paper_metadata_only	https://doi.org/10.1145/3387514.3405867	P1	metadata_only; follow publisher access policy	blocked_or_unreadable	Lấy BibTeX/metadata chính thức để bổ sung tác giả, venue, năm xuất bản; không cào PDF ở giai đoạn này.
P0042	paper_metadata_only	https://doi.org/10.1145/3324884.3416624	P1	metadata_only; follow publisher access policy	blocked_or_unreadable	Lấy BibTeX/metadata chính thức để bổ sung tác giả, venue, năm xuất bản; không cào PDF ở giai đoạn này.
P0043	paper_metadata_only	https://doi.org/10.1145/3368089.3409768	P1	metadata_only; follow publisher access policy	blocked_or_unreadable	Lấy BibTeX/metadata chính thức để bổ sung tác giả, venue, năm xuất bản; không cào PDF ở giai đoạn này.
P0044	paper_metadata_only	https://doi.org/10.1145/3368089.3409741	P1	metadata_only; follow publisher access policy	blocked_or_unreadable	Lấy BibTeX/metadata chính thức để bổ sung tác giả, venue, năm xuất bản; không cào PDF ở giai đoạn này.
P0045	paper_metadata_only	https://doi.org/10.1145/3368089.3409672	P1	metadata_only; follow publisher access policy	blocked_or_unreadable	Lấy BibTeX/metadata chính thức để bổ sung tác giả, venue, năm xuất bản; không cào PDF ở giai đoạn này.
P0046	paper_metadata_only	https://doi.org/10.1145/3368089.3417054	P1	metadata_only; follow publisher access policy	blocked_or_unreadable	Lấy BibTeX/metadata chính thức để bổ sung tác giả, venue, năm xuất bản; không cào PDF ở giai đoạn này.
P0047	paper_metadata_only	https://doi.org/10.1145/3377813.3381363	P1	metadata_only; follow publisher access policy	blocked_or_unreadable	Lấy BibTeX/metadata chính thức để bổ sung tác giả, venue, năm xuất bản; không cào PDF ở giai đoạn này.
P0048	paper_metadata_only	https://doi.org/10.1145/3317550.3321438	P1	metadata_only; follow publisher access policy	blocked_or_unreadable	Lấy BibTeX/metadata chính thức để bổ sung tác giả, venue, năm xuất bản; không cào PDF ở giai đoạn này.
P0049	paper_metadata_only	https://doi.org/10.1109/ASE.2019.00042	P1	metadata_only; follow publisher access policy	blocked_or_unreadable	Lấy BibTeX/metadata chính thức để bổ sung tác giả, venue, năm xuất bản; không cào PDF ở giai đoạn này.
P0050	paper_metadata_only	https://doi.org/10.1109/ICSE-SEIP.2019.00020	P1	metadata_only; follow publisher access policy	blocked_or_unreadable	Lấy BibTeX/metadata chính thức để bổ sung tác giả, venue, năm xuất bản; không cào PDF ở giai đoạn này.
P0051	paper_metadata_only	https://doi.org/10.1145/3308558.3313501	P1	metadata_only; follow publisher access policy	blocked_or_unreadable	Lấy BibTeX/metadata chính thức để bổ sung tác giả, venue, năm xuất bản; không cào PDF ở giai đoạn này.
P0052	paper_metadata_only	https://arxiv.org/abs/2406.11213	P1	metadata_only; follow publisher access policy	primary_title_identifier_confirmed	Lấy BibTeX/metadata chính thức để bổ sung tác giả, venue, năm xuất bản; không cào PDF ở giai đoạn này.
P0053	paper_metadata_only	https://arxiv.org/abs/2410.04334	P1	metadata_only; follow publisher access policy	primary_title_identifier_confirmed	Lấy BibTeX/metadata chính thức để bổ sung tác giả, venue, năm xuất bản; không cào PDF ở giai đoạn này.
P0054	paper_metadata_only	https://arxiv.org/abs/2501.06706	P1	metadata_only; follow publisher access policy	primary_title_identifier_confirmed	Lấy BibTeX/metadata chính thức để bổ sung tác giả, venue, năm xuất bản; không cào PDF ở giai đoạn này.
P0055	paper_metadata_only	https://arxiv.org/abs/2502.05352	P1	metadata_only; follow publisher access policy	primary_title_identifier_confirmed	Lấy BibTeX/metadata chính thức để bổ sung tác giả, venue, năm xuất bản; không cào PDF ở giai đoạn này.
P0056	paper_metadata_only	https://yinfangchen.github.io/assets/pdf/empirical_study.pdf	P1	metadata_only; follow publisher access policy	primary_title_identifier_confirmed	Lấy BibTeX/metadata chính thức để bổ sung tác giả, venue, năm xuất bản; không cào PDF ở giai đoạn này.
P0057	paper_metadata_only	https://www.microsoft.com/en-us/research/uploads/prod/2023/09/LLM4IcMs___HotNets__23-6.pdf	P1	metadata_only; follow publisher access policy	blocked_or_unreadable	Lấy BibTeX/metadata chính thức để bổ sung tác giả, venue, năm xuất bản; không cào PDF ở giai đoạn này.
P0058	paper_metadata_only	https://arxiv.org/abs/2407.12165	P1	metadata_only; follow publisher access policy	primary_title_identifier_confirmed	Lấy BibTeX/metadata chính thức để bổ sung tác giả, venue, năm xuất bản; không cào PDF ở giai đoạn này.
P0059	paper_metadata_only	https://arxiv.org/abs/2312.01454	P1	metadata_only; follow publisher access policy	primary_title_identifier_confirmed	Lấy BibTeX/metadata chính thức để bổ sung tác giả, venue, năm xuất bản; không cào PDF ở giai đoạn này.
P0060	paper_metadata_only	https://www.usenix.org/system/files/nsdi24-wang-haopei.pdf	P1	metadata_only; follow publisher access policy	pdf_readable_title_pending	Lấy BibTeX/metadata chính thức để bổ sung tác giả, venue, năm xuất bản; không cào PDF ở giai đoạn này.
P0061	paper_metadata_only	https://www.microsoft.com/en-us/research/uploads/prod/2024/10/FLASH_Paper.pdf	P1	metadata_only; follow publisher access policy	blocked_or_unreadable	Lấy BibTeX/metadata chính thức để bổ sung tác giả, venue, năm xuất bản; không cào PDF ở giai đoạn này.
P0062	paper_metadata_only	https://www.ndss-symposium.org/ndss-paper/incident-response-planning-using-a-lightweight-large-language-model-with-reduced-hallucination/	P1	metadata_only; follow publisher access policy	primary_title_identifier_confirmed	Lấy BibTeX/metadata chính thức để bổ sung tác giả, venue, năm xuất bản; không cào PDF ở giai đoạn này.
P0063	paper_metadata_only	https://arxiv.org/abs/2403.06485	P1	metadata_only; follow publisher access policy	primary_title_identifier_confirmed	Lấy BibTeX/metadata chính thức để bổ sung tác giả, venue, năm xuất bản; không cào PDF ở giai đoạn này.
P0064	paper_metadata_only	https://www.microsoft.com/en-us/research/uploads/prod/2024/08/ISSRE24_LLM4triage.pdf	P1	metadata_only; follow publisher access policy	pdf_readable_title_pending	Lấy BibTeX/metadata chính thức để bổ sung tác giả, venue, năm xuất bản; không cào PDF ở giai đoạn này.
P0065	paper_metadata_only	https://netman.aiops.org/wp-content/uploads/2024/07/MonitorAssistant_CameraReady-v1.5_submitted.pdf	P1	metadata_only; follow publisher access policy	primary_title_identifier_confirmed	Lấy BibTeX/metadata chính thức để bổ sung tác giả, venue, năm xuất bản; không cào PDF ở giai đoạn này.
P0066	paper_metadata_only	https://arxiv.org/abs/2405.15370	P1	metadata_only; follow publisher access policy	primary_title_identifier_confirmed	Lấy BibTeX/metadata chính thức để bổ sung tác giả, venue, năm xuất bản; không cào PDF ở giai đoạn này.
P0067	paper_metadata_only	https://arxiv.org/abs/2501.14170	P1	metadata_only; follow publisher access policy	primary_title_identifier_confirmed	Lấy BibTeX/metadata chính thức để bổ sung tác giả, venue, năm xuất bản; không cào PDF ở giai đoạn này.
P0068	paper_metadata_only	https://doi.org/10.1145/3691620.3695475	P1	metadata_only; follow publisher access policy	blocked_or_unreadable	Lấy BibTeX/metadata chính thức để bổ sung tác giả, venue, năm xuất bản; không cào PDF ở giai đoạn này.
P0069	paper_metadata_only	https://arxiv.org/abs/2309.05833	P1	metadata_only; follow publisher access policy	primary_title_identifier_confirmed	Lấy BibTeX/metadata chính thức để bổ sung tác giả, venue, năm xuất bản; không cào PDF ở giai đoạn này.
P0070	paper_metadata_only	https://arxiv.org/abs/2404.03662	P1	metadata_only; follow publisher access policy	primary_title_identifier_confirmed	Lấy BibTeX/metadata chính thức để bổ sung tác giả, venue, năm xuất bản; không cào PDF ở giai đoạn này.
P0071	paper_metadata_only	https://arxiv.org/abs/2310.16340	P1	metadata_only; follow publisher access policy	primary_title_identifier_confirmed	Lấy BibTeX/metadata chính thức để bổ sung tác giả, venue, năm xuất bản; không cào PDF ở giai đoạn này.
P0072	paper_metadata_only	https://arxiv.org/abs/2404.12135	P1	metadata_only; follow publisher access policy	primary_title_identifier_confirmed	Lấy BibTeX/metadata chính thức để bổ sung tác giả, venue, năm xuất bản; không cào PDF ở giai đoạn này.
P0073	paper_metadata_only	https://arxiv.org/abs/2407.08694	P1	metadata_only; follow publisher access policy	primary_title_identifier_confirmed	Lấy BibTeX/metadata chính thức để bổ sung tác giả, venue, năm xuất bản; không cào PDF ở giai đoạn này.
P0074	paper_metadata_only	https://arxiv.org/abs/2502.08224	P1	metadata_only; follow publisher access policy	primary_title_identifier_confirmed	Lấy BibTeX/metadata chính thức để bổ sung tác giả, venue, năm xuất bản; không cào PDF ở giai đoạn này.
P0075	paper_metadata_only	https://openreview.net/forum?id=M4qNIzQYpd	P1	metadata_only; follow publisher access policy	blocked_or_unreadable	Lấy BibTeX/metadata chính thức để bổ sung tác giả, venue, năm xuất bản; không cào PDF ở giai đoạn này.
P0076	paper_metadata_only	https://arxiv.org/abs/2504.06614	P1	metadata_only; follow publisher access policy	primary_title_identifier_confirmed	Lấy BibTeX/metadata chính thức để bổ sung tác giả, venue, năm xuất bản; không cào PDF ở giai đoạn này.
P0077	paper_metadata_only	https://arxiv.org/abs/2504.18776	P1	metadata_only; follow publisher access policy	primary_title_identifier_confirmed	Lấy BibTeX/metadata chính thức để bổ sung tác giả, venue, năm xuất bản; không cào PDF ở giai đoạn này.
P0078	paper_metadata_only	https://arxiv.org/abs/2504.11505	P1	metadata_only; follow publisher access policy	primary_title_identifier_confirmed	Lấy BibTeX/metadata chính thức để bổ sung tác giả, venue, năm xuất bản; không cào PDF ở giai đoạn này.
P0079	paper_metadata_only	https://arxiv.org/abs/2503.23051	P1	metadata_only; follow publisher access policy	primary_title_identifier_confirmed	Lấy BibTeX/metadata chính thức để bổ sung tác giả, venue, năm xuất bản; không cào PDF ở giai đoạn này.
P0080	paper_metadata_only	https://arxiv.org/abs/2510.15906	P1	metadata_only; follow publisher access policy	primary_title_identifier_confirmed	Lấy BibTeX/metadata chính thức để bổ sung tác giả, venue, năm xuất bản; không cào PDF ở giai đoạn này.
P0081	paper_metadata_only	https://www.zhihan-jiang.com/files/ASE25/LogPilot.pdf	P1	metadata_only; follow publisher access policy	pdf_readable_title_pending	Lấy BibTeX/metadata chính thức để bổ sung tác giả, venue, năm xuất bản; không cào PDF ở giai đoạn này.
P0082	paper_metadata_only	https://arxiv.org/abs/2510.04711	P1	metadata_only; follow publisher access policy	primary_title_identifier_confirmed	Lấy BibTeX/metadata chính thức để bổ sung tác giả, venue, năm xuất bản; không cào PDF ở giai đoạn này.
P0083	paper_metadata_only	https://ojs.aaai.org/index.php/AAAI/article/view/36991	P1	metadata_only; follow publisher access policy	primary_title_identifier_confirmed	Lấy BibTeX/metadata chính thức để bổ sung tác giả, venue, năm xuất bản; không cào PDF ở giai đoạn này.
P0084	paper_metadata_only	https://arxiv.org/abs/2605.14866	P1	metadata_only; follow publisher access policy	primary_title_identifier_confirmed	Lấy BibTeX/metadata chính thức để bổ sung tác giả, venue, năm xuất bản; không cào PDF ở giai đoạn này.
P0085	paper_metadata_only	https://arxiv.org/abs/2601.02732	P1	metadata_only; follow publisher access policy	primary_title_identifier_confirmed	Lấy BibTeX/metadata chính thức để bổ sung tác giả, venue, năm xuất bản; không cào PDF ở giai đoạn này.
P0086	paper_metadata_only	https://arxiv.org/abs/2601.22208	P1	metadata_only; follow publisher access policy	primary_title_identifier_confirmed	Lấy BibTeX/metadata chính thức để bổ sung tác giả, venue, năm xuất bản; không cào PDF ở giai đoạn này.
P0087	paper_metadata_only	https://doi.org/10.1145/3777911.3801108	P1	metadata_only; follow publisher access policy	blocked_or_unreadable	Lấy BibTeX/metadata chính thức để bổ sung tác giả, venue, năm xuất bản; không cào PDF ở giai đoạn này.
P0088	paper_metadata_only	https://doi.org/10.1007/s40747-025-02096-0	P1	metadata_only; follow publisher access policy	blocked_or_unreadable	Lấy BibTeX/metadata chính thức để bổ sung tác giả, venue, năm xuất bản; không cào PDF ở giai đoạn này.
P0089	paper_metadata_only	https://ieeexplore.ieee.org/abstract/document/10979844	P1	metadata_only; follow publisher access policy	blocked_or_unreadable	Lấy BibTeX/metadata chính thức để bổ sung tác giả, venue, năm xuất bản; không cào PDF ở giai đoạn này.
P0090	paper_metadata_only	https://arxiv.org/abs/2506.10043	P1	metadata_only; follow publisher access policy	primary_title_identifier_confirmed	Lấy BibTeX/metadata chính thức để bổ sung tác giả, venue, năm xuất bản; không cào PDF ở giai đoạn này.
P0091	paper_metadata_only	https://arxiv.org/abs/2510.24145	P1	metadata_only; follow publisher access policy	primary_title_identifier_confirmed	Lấy BibTeX/metadata chính thức để bổ sung tác giả, venue, năm xuất bản; không cào PDF ở giai đoạn này.
P0092	paper_metadata_only	https://arxiv.org/abs/2603.21250	P1	metadata_only; follow publisher access policy	primary_title_identifier_confirmed	Lấy BibTeX/metadata chính thức để bổ sung tác giả, venue, năm xuất bản; không cào PDF ở giai đoạn này.
P0093	paper_metadata_only	https://arxiv.org/abs/2607.11357	P1	metadata_only; follow publisher access policy	blocked_or_unreadable	Lấy BibTeX/metadata chính thức để bổ sung tác giả, venue, năm xuất bản; không cào PDF ở giai đoạn này.
P0094	paper_metadata_only	https://netman.aiops.org/wp-content/uploads/2026/01/foundroot_camera_ready.pdf	P1	metadata_only; follow publisher access policy	primary_title_identifier_confirmed	Lấy BibTeX/metadata chính thức để bổ sung tác giả, venue, năm xuất bản; không cào PDF ở giai đoạn này.
P0095	paper_metadata_only	https://www.microsoft.com/en-us/research/publication/llexus-an-ai-agent-system-for-incident-management/	P1	metadata_only; follow publisher access policy	primary_title_identifier_confirmed	Lấy BibTeX/metadata chính thức để bổ sung tác giả, venue, năm xuất bản; không cào PDF ở giai đoạn này.
P0096	paper_metadata_only	https://doi.org/10.1145/3663529.3663855	P1	metadata_only; follow publisher access policy	blocked_or_unreadable	Lấy BibTeX/metadata chính thức để bổ sung tác giả, venue, năm xuất bản; không cào PDF ở giai đoạn này.
P0097	paper_metadata_only	https://arxiv.org/abs/2409.13707	P1	metadata_only; follow publisher access policy	primary_title_identifier_confirmed	Lấy BibTeX/metadata chính thức để bổ sung tác giả, venue, năm xuất bản; không cào PDF ở giai đoạn này.
P0098	paper_metadata_only	https://yinfangchen.github.io/assets/pdf/stratus_paper.pdf	P1	metadata_only; follow publisher access policy	pdf_readable_title_pending	Lấy BibTeX/metadata chính thức để bổ sung tác giả, venue, năm xuất bản; không cào PDF ở giai đoạn này.
P0099	paper_metadata_only	https://doi.org/10.1145/3639477.3639754	P1	metadata_only; follow publisher access policy	blocked_or_unreadable	Lấy BibTeX/metadata chính thức để bổ sung tác giả, venue, năm xuất bản; không cào PDF ở giai đoạn này.
P0100	paper_metadata_only	https://arxiv.org/abs/2406.08221	P1	metadata_only; follow publisher access policy	primary_title_identifier_confirmed	Lấy BibTeX/metadata chính thức để bổ sung tác giả, venue, năm xuất bản; không cào PDF ở giai đoạn này.
P0101	paper_metadata_only	https://arxiv.org/abs/2309.05557	P1	metadata_only; follow publisher access policy	primary_title_identifier_confirmed	Lấy BibTeX/metadata chính thức để bổ sung tác giả, venue, năm xuất bản; không cào PDF ở giai đoạn này.
P0102	paper_metadata_only	https://arxiv.org/abs/2309.09298	P1	metadata_only; follow publisher access policy	primary_title_identifier_confirmed	Lấy BibTeX/metadata chính thức để bổ sung tác giả, venue, năm xuất bản; không cào PDF ở giai đoạn này.
P0103	paper_metadata_only	https://ieeexplore.ieee.org/abstract/document/10589781	P1	metadata_only; follow publisher access policy	blocked_or_unreadable	Lấy BibTeX/metadata chính thức để bổ sung tác giả, venue, năm xuất bản; không cào PDF ở giai đoạn này.
P0104	paper_metadata_only	https://jun-jie-huang.github.io/assets/papers/ase25_iknow.pdf	P1	metadata_only; follow publisher access policy	pdf_readable_title_pending	Lấy BibTeX/metadata chính thức để bổ sung tác giả, venue, năm xuất bản; không cào PDF ở giai đoạn này.
P0105	paper_metadata_only	https://www.zhihan-jiang.com/files/DSN25/LLMPrism.pdf	P1	metadata_only; follow publisher access policy	blocked_or_unreadable	Lấy BibTeX/metadata chính thức để bổ sung tác giả, venue, năm xuất bản; không cào PDF ở giai đoạn này.
P0106	paper_metadata_only	https://arxiv.org/abs/2306.01590	P1	metadata_only; follow publisher access policy	primary_title_identifier_confirmed	Lấy BibTeX/metadata chính thức để bổ sung tác giả, venue, năm xuất bản; không cào PDF ở giai đoạn này.
P0107	paper_metadata_only	https://arxiv.org/abs/2308.10828	P1	metadata_only; follow publisher access policy	primary_title_identifier_confirmed	Lấy BibTeX/metadata chính thức để bổ sung tác giả, venue, năm xuất bản; không cào PDF ở giai đoạn này.
P0108	paper_metadata_only	https://arxiv.org/abs/2307.09950	P1	metadata_only; follow publisher access policy	primary_title_identifier_confirmed	Lấy BibTeX/metadata chính thức để bổ sung tác giả, venue, năm xuất bản; không cào PDF ở giai đoạn này.
P0109	paper_metadata_only	https://arxiv.org/abs/2404.18001	P1	metadata_only; follow publisher access policy	primary_title_identifier_confirmed	Lấy BibTeX/metadata chính thức để bổ sung tác giả, venue, năm xuất bản; không cào PDF ở giai đoạn này.
P0110	paper_metadata_only	https://arxiv.org/abs/2308.07610	P1	metadata_only; follow publisher access policy	primary_title_identifier_confirmed	Lấy BibTeX/metadata chính thức để bổ sung tác giả, venue, năm xuất bản; không cào PDF ở giai đoạn này.
P0111	paper_metadata_only	https://arxiv.org/abs/2406.06156	P1	metadata_only; follow publisher access policy	primary_title_identifier_confirmed	Lấy BibTeX/metadata chính thức để bổ sung tác giả, venue, năm xuất bản; không cào PDF ở giai đoạn này.
P0112	paper_metadata_only	https://arxiv.org/abs/2402.18205	P1	metadata_only; follow publisher access policy	primary_title_identifier_confirmed	Lấy BibTeX/metadata chính thức để bổ sung tác giả, venue, năm xuất bản; không cào PDF ở giai đoạn này.
P0113	paper_metadata_only	https://arxiv.org/abs/2406.03376	P1	metadata_only; follow publisher access policy	primary_title_identifier_confirmed	Lấy BibTeX/metadata chính thức để bổ sung tác giả, venue, năm xuất bản; không cào PDF ở giai đoạn này.
P0114	paper_metadata_only	https://arxiv.org/abs/2408.01585	P1	metadata_only; follow publisher access policy	primary_title_identifier_confirmed	Lấy BibTeX/metadata chính thức để bổ sung tác giả, venue, năm xuất bản; không cào PDF ở giai đoạn này.
P0115	paper_metadata_only	https://arxiv.org/abs/2406.07174	P1	metadata_only; follow publisher access policy	primary_title_identifier_confirmed	Lấy BibTeX/metadata chính thức để bổ sung tác giả, venue, năm xuất bản; không cào PDF ở giai đoạn này.
P0116	paper_metadata_only	https://ojs.aaai.org/index.php/AAAI/article/view/37123	P1	metadata_only; follow publisher access policy	primary_title_identifier_confirmed	Lấy BibTeX/metadata chính thức để bổ sung tác giả, venue, năm xuất bản; không cào PDF ở giai đoạn này.
P0117	paper_metadata_only	https://arxiv.org/abs/2306.05032	P1	metadata_only; follow publisher access policy	primary_title_identifier_confirmed	Lấy BibTeX/metadata chính thức để bổ sung tác giả, venue, năm xuất bản; không cào PDF ở giai đoạn này.
P0118	paper_metadata_only	https://arxiv.org/abs/2309.01189	P1	metadata_only; follow publisher access policy	primary_title_identifier_confirmed	Lấy BibTeX/metadata chính thức để bổ sung tác giả, venue, năm xuất bản; không cào PDF ở giai đoạn này.
P0119	paper_metadata_only	https://ieeexplore.ieee.org/abstract/document/10771398	P1	metadata_only; follow publisher access policy	blocked_or_unreadable	Lấy BibTeX/metadata chính thức để bổ sung tác giả, venue, năm xuất bản; không cào PDF ở giai đoạn này.
P0120	paper_metadata_only	https://arxiv.org/abs/2311.05261	P1	metadata_only; follow publisher access policy	primary_title_identifier_confirmed	Lấy BibTeX/metadata chính thức để bổ sung tác giả, venue, năm xuất bản; không cào PDF ở giai đoạn này.
P0121	paper_metadata_only	https://arxiv.org/abs/2406.07467	P1	metadata_only; follow publisher access policy	primary_title_identifier_confirmed	Lấy BibTeX/metadata chính thức để bổ sung tác giả, venue, năm xuất bản; không cào PDF ở giai đoạn này.
P0122	paper_metadata_only	https://arxiv.org/abs/2510.22986	P1	metadata_only; follow publisher access policy	primary_title_identifier_confirmed	Lấy BibTeX/metadata chính thức để bổ sung tác giả, venue, năm xuất bản; không cào PDF ở giai đoạn này.
P0123	paper_metadata_only	https://arxiv.org/abs/2402.12958	P1	metadata_only; follow publisher access policy	primary_title_identifier_confirmed	Lấy BibTeX/metadata chính thức để bổ sung tác giả, venue, năm xuất bản; không cào PDF ở giai đoạn này.
P0124	paper_metadata_only	https://www.computer.org/csdl/proceedings-article/icse/2024/021700a129/1RLIWpCelqg	P1	metadata_only; follow publisher access policy	blocked_or_unreadable	Lấy BibTeX/metadata chính thức để bổ sung tác giả, venue, năm xuất bản; không cào PDF ở giai đoạn này.
P0125	paper_metadata_only	https://arxiv.org/abs/2311.02862	P1	metadata_only; follow publisher access policy	primary_title_identifier_confirmed	Lấy BibTeX/metadata chính thức để bổ sung tác giả, venue, năm xuất bản; không cào PDF ở giai đoạn này.
P0126	paper_metadata_only	https://doi.org/10.1145/3623278.3624771	P1	metadata_only; follow publisher access policy	blocked_or_unreadable	Lấy BibTeX/metadata chính thức để bổ sung tác giả, venue, năm xuất bản; không cào PDF ở giai đoạn này.
P0127	paper_metadata_only	https://arxiv.org/abs/2207.08369	P1	metadata_only; follow publisher access policy	primary_title_identifier_confirmed	Lấy BibTeX/metadata chính thức để bổ sung tác giả, venue, năm xuất bản; không cào PDF ở giai đoạn này.
P0128	paper_metadata_only	https://ieeexplore.ieee.org/document/10172587	P1	metadata_only; follow publisher access policy	blocked_or_unreadable	Lấy BibTeX/metadata chính thức để bổ sung tác giả, venue, năm xuất bản; không cào PDF ở giai đoạn này.
P0129	paper_metadata_only	https://netman.aiops.org/wp-content/uploads/2023/02/CMDiagnostor_www_2023.pdf	P1	metadata_only; follow publisher access policy	blocked_or_unreadable	Lấy BibTeX/metadata chính thức để bổ sung tác giả, venue, năm xuất bản; không cào PDF ở giai đoạn này.
P0130	paper_metadata_only	https://arxiv.org/abs/2303.00554	P1	metadata_only; follow publisher access policy	primary_title_identifier_confirmed	Lấy BibTeX/metadata chính thức để bổ sung tác giả, venue, năm xuất bản; không cào PDF ở giai đoạn này.
P0131	paper_metadata_only	https://ieeexplore.ieee.org/document/9860695	P1	metadata_only; follow publisher access policy	blocked_or_unreadable	Lấy BibTeX/metadata chính thức để bổ sung tác giả, venue, năm xuất bản; không cào PDF ở giai đoạn này.
P0132	paper_metadata_only	https://ieeexplore.ieee.org/document/9833589/	P1	metadata_only; follow publisher access policy	blocked_or_unreadable	Lấy BibTeX/metadata chính thức để bổ sung tác giả, venue, năm xuất bản; không cào PDF ở giai đoạn này.
P0133	paper_metadata_only	https://yuxiaoba.github.io/publication/gied22/gied22.pdf	P1	metadata_only; follow publisher access policy	blocked_or_unreadable	Lấy BibTeX/metadata chính thức để bổ sung tác giả, venue, năm xuất bản; không cào PDF ở giai đoạn này.
P0134	paper_metadata_only	https://arxiv.org/abs/2207.09021	P1	metadata_only; follow publisher access policy	primary_title_identifier_confirmed	Lấy BibTeX/metadata chính thức để bổ sung tác giả, venue, năm xuất bản; không cào PDF ở giai đoạn này.
P0135	paper_metadata_only	https://hal.inria.fr/hal-03155797/document	P1	metadata_only; follow publisher access policy	blocked_or_unreadable	Lấy BibTeX/metadata chính thức để bổ sung tác giả, venue, năm xuất bản; không cào PDF ở giai đoạn này.
P0136	paper_metadata_only	https://arxiv.org/abs/2103.01782	P1	metadata_only; follow publisher access policy	primary_title_identifier_confirmed	Lấy BibTeX/metadata chính thức để bổ sung tác giả, venue, năm xuất bản; không cào PDF ở giai đoạn này.
P0137	paper_metadata_only	https://netman.aiops.org/wp-content/uploads/2021/10/wch_ISSRE-1.pdf	P1	metadata_only; follow publisher access policy	primary_title_identifier_confirmed	Lấy BibTeX/metadata chính thức để bổ sung tác giả, venue, năm xuất bản; không cào PDF ở giai đoạn này.
P0138	paper_metadata_only	https://doi.org/10.1145/3324884.3415301	P1	metadata_only; follow publisher access policy	blocked_or_unreadable	Lấy BibTeX/metadata chính thức để bổ sung tác giả, venue, năm xuất bản; không cào PDF ở giai đoạn này.
P0139	paper_metadata_only	https://www.vldb.org/pvldb/vol13/p1176-ma.pdf	P1	metadata_only; follow publisher access policy	pdf_readable_title_pending	Lấy BibTeX/metadata chính thức để bổ sung tác giả, venue, năm xuất bản; không cào PDF ở giai đoạn này.
P0140	paper_metadata_only	https://ieeexplore.ieee.org/document/9213058	P1	metadata_only; follow publisher access policy	blocked_or_unreadable	Lấy BibTeX/metadata chính thức để bổ sung tác giả, venue, năm xuất bản; không cào PDF ở giai đoạn này.
P0141	paper_metadata_only	https://ieeexplore.ieee.org/document/9110353	P1	metadata_only; follow publisher access policy	blocked_or_unreadable	Lấy BibTeX/metadata chính thức để bổ sung tác giả, venue, năm xuất bản; không cào PDF ở giai đoạn này.
P0142	paper_metadata_only	https://arxiv.org/abs/1911.04768	P1	metadata_only; follow publisher access policy	primary_title_identifier_confirmed	Lấy BibTeX/metadata chính thức để bổ sung tác giả, venue, năm xuất bản; không cào PDF ở giai đoạn này.
P0143	paper_metadata_only	https://monadyn.github.io/Papers/p3215-shan.pdf	P1	metadata_only; follow publisher access policy	primary_title_identifier_confirmed	Lấy BibTeX/metadata chính thức để bổ sung tác giả, venue, năm xuất bản; không cào PDF ở giai đoạn này.
P0144	paper_metadata_only	https://link.springer.com/chapter/10.1007/978-3-030-03596-9_1	P1	metadata_only; follow publisher access policy	primary_title_identifier_confirmed	Lấy BibTeX/metadata chính thức để bổ sung tác giả, venue, năm xuất bản; không cào PDF ở giai đoạn này.
P0145	paper_metadata_only	https://www.usenix.org/conference/osdi18/presentation/bhagwan	P1	metadata_only; follow publisher access policy	primary_title_identifier_confirmed	Lấy BibTeX/metadata chính thức để bổ sung tác giả, venue, năm xuất bản; không cào PDF ở giai đoạn này.
P0146	paper_metadata_only	https://www.usenix.org/system/files/conference/nsdi14/nsdi14-paper-bhagwan.pdf	P1	metadata_only; follow publisher access policy	pdf_readable_title_pending	Lấy BibTeX/metadata chính thức để bổ sung tác giả, venue, năm xuất bản; không cào PDF ở giai đoạn này.
P0147	paper_metadata_only	https://hongyujohn.github.io/iDice.pdf	P1	metadata_only; follow publisher access policy	pdf_readable_title_pending	Lấy BibTeX/metadata chính thức để bổ sung tác giả, venue, năm xuất bản; không cào PDF ở giai đoạn này.
P0148	paper_metadata_only	https://doi.org/10.1145/3460319.3464805	P1	metadata_only; follow publisher access policy	blocked_or_unreadable	Lấy BibTeX/metadata chính thức để bổ sung tác giả, venue, năm xuất bản; không cào PDF ở giai đoạn này.
P0149	paper_metadata_only	https://doi.org/10.1145/3377813.3381353	P1	metadata_only; follow publisher access policy	blocked_or_unreadable	Lấy BibTeX/metadata chính thức để bổ sung tác giả, venue, năm xuất bản; không cào PDF ở giai đoạn này.
P0150	paper_metadata_only	https://doi.org/10.1109/ICSE.2019.00031	P1	metadata_only; follow publisher access policy	blocked_or_unreadable	Lấy BibTeX/metadata chính thức để bổ sung tác giả, venue, năm xuất bản; không cào PDF ở giai đoạn này.
P0151	paper_metadata_only	https://doi.org/10.1145/3382494.3410684	P1	metadata_only; follow publisher access policy	blocked_or_unreadable	Lấy BibTeX/metadata chính thức để bổ sung tác giả, venue, năm xuất bản; không cào PDF ở giai đoạn này.
P0152	paper_metadata_only	https://ieeexplore.ieee.org/document/6968768	P1	metadata_only; follow publisher access policy	blocked_or_unreadable	Lấy BibTeX/metadata chính thức để bổ sung tác giả, venue, năm xuất bản; không cào PDF ở giai đoạn này.
P0153	paper_metadata_only	https://arxiv.org/abs/2310.18740	P1	metadata_only; follow publisher access policy	primary_title_identifier_confirmed	Lấy BibTeX/metadata chính thức để bổ sung tác giả, venue, năm xuất bản; không cào PDF ở giai đoạn này.
P0154	paper_metadata_only	https://ieeexplore.ieee.org/document/10137078	P1	metadata_only; follow publisher access policy	blocked_or_unreadable	Lấy BibTeX/metadata chính thức để bổ sung tác giả, venue, năm xuất bản; không cào PDF ở giai đoạn này.
P0155	paper_metadata_only	https://ieeexplore.ieee.org/document/9860589/	P1	metadata_only; follow publisher access policy	blocked_or_unreadable	Lấy BibTeX/metadata chính thức để bổ sung tác giả, venue, năm xuất bản; không cào PDF ở giai đoạn này.
P0156	paper_metadata_only	https://yuxiaoba.github.io/publication/microsketch22/microsketch22.pdf	P1	metadata_only; follow publisher access policy	blocked_or_unreadable	Lấy BibTeX/metadata chính thức để bổ sung tác giả, venue, năm xuất bản; không cào PDF ở giai đoạn này.
P0157	paper_metadata_only	https://doi.org/10.1007/s10664-021-10063-9	P1	metadata_only; follow publisher access policy	primary_title_identifier_confirmed	Lấy BibTeX/metadata chính thức để bổ sung tác giả, venue, năm xuất bản; không cào PDF ở giai đoạn này.
P0158	paper_metadata_only	https://netman.aiops.org/wp-content/uploads/2021/05/1570705191.pdf	P1	metadata_only; follow publisher access policy	pdf_readable_title_pending	Lấy BibTeX/metadata chính thức để bổ sung tác giả, venue, năm xuất bản; không cào PDF ở giai đoạn này.
P0159	paper_metadata_only	https://www.usenix.org/system/files/atc21-weng.pdf	P1	metadata_only; follow publisher access policy	pdf_readable_title_pending	Lấy BibTeX/metadata chính thức để bổ sung tác giả, venue, năm xuất bản; không cào PDF ở giai đoạn này.
P0160	paper_metadata_only	https://doi.org/10.1145/3442381.3449905	P1	metadata_only; follow publisher access policy	blocked_or_unreadable	Lấy BibTeX/metadata chính thức để bổ sung tác giả, venue, năm xuất bản; không cào PDF ở giai đoạn này.
P0161	paper_metadata_only	https://arxiv.org/abs/2010.09974	P1	metadata_only; follow publisher access policy	primary_title_identifier_confirmed	Lấy BibTeX/metadata chính thức để bổ sung tác giả, venue, năm xuất bản; không cào PDF ở giai đoạn này.
P0162	paper_metadata_only	https://doi.org/10.1002/smr.2413	P1	metadata_only; follow publisher access policy	blocked_or_unreadable	Lấy BibTeX/metadata chính thức để bổ sung tác giả, venue, năm xuất bản; không cào PDF ở giai đoạn này.
P0163	paper_metadata_only	https://ieeexplore.ieee.org/abstract/document/9499404	P1	metadata_only; follow publisher access policy	blocked_or_unreadable	Lấy BibTeX/metadata chính thức để bổ sung tác giả, venue, năm xuất bản; không cào PDF ở giai đoạn này.
P0164	paper_metadata_only	https://doi.org/10.1145/3341301.3359650	P1	metadata_only; follow publisher access policy	blocked_or_unreadable	Lấy BibTeX/metadata chính thức để bổ sung tác giả, venue, năm xuất bản; không cào PDF ở giai đoạn này.
P0165	paper_metadata_only	https://doi.org/10.1145/3296957.3177161	P1	metadata_only; follow publisher access policy	blocked_or_unreadable	Lấy BibTeX/metadata chính thức để bổ sung tác giả, venue, năm xuất bản; không cào PDF ở giai đoạn này.
P0166	paper_metadata_only	https://www.usenix.org/conference/atc18/presentation/luo	P1	metadata_only; follow publisher access policy	primary_title_identifier_confirmed	Lấy BibTeX/metadata chính thức để bổ sung tác giả, venue, năm xuất bản; không cào PDF ở giai đoạn này.
P0167	paper_metadata_only	https://ieeexplore.ieee.org/document/7484300/	P1	metadata_only; follow publisher access policy	blocked_or_unreadable	Lấy BibTeX/metadata chính thức để bổ sung tác giả, venue, năm xuất bản; không cào PDF ở giai đoạn này.
P0168	paper_metadata_only	https://www.usenix.org/system/files/conference/osdi14/osdi14-paper-chow.pdf	P1	metadata_only; follow publisher access policy	pdf_readable_title_pending	Lấy BibTeX/metadata chính thức để bổ sung tác giả, venue, năm xuất bản; không cào PDF ở giai đoạn này.
P0169	paper_metadata_only	https://www.cs.columbia.edu/~junfeng/17sp-e6121/papers/magpie.pdf	P1	metadata_only; follow publisher access policy	blocked_or_unreadable	Lấy BibTeX/metadata chính thức để bổ sung tác giả, venue, năm xuất bản; không cào PDF ở giai đoạn này.
P0170	paper_metadata_only	https://people.eecs.berkeley.edu/~brewer/papers/nsdi2004_chen_paths.pdf	P1	metadata_only; follow publisher access policy	pdf_readable_title_pending	Lấy BibTeX/metadata chính thức để bổ sung tác giả, venue, năm xuất bản; không cào PDF ở giai đoạn này.
P0171	paper_metadata_only	https://ieeexplore.ieee.org/document/1029005	P1	metadata_only; follow publisher access policy	blocked_or_unreadable	Lấy BibTeX/metadata chính thức để bổ sung tác giả, venue, năm xuất bản; không cào PDF ở giai đoạn này.
P0172	paper_metadata_only	https://arxiv.org/abs/2111.03753	P1	metadata_only; follow publisher access policy	primary_title_identifier_confirmed	Lấy BibTeX/metadata chính thức để bổ sung tác giả, venue, năm xuất bản; không cào PDF ở giai đoạn này.
P0173	paper_metadata_only	https://arxiv.org/abs/2302.10512	P1	metadata_only; follow publisher access policy	primary_title_identifier_confirmed	Lấy BibTeX/metadata chính thức để bổ sung tác giả, venue, năm xuất bản; không cào PDF ở giai đoạn này.
P0174	paper_metadata_only	https://arxiv.org/abs/2302.05092	P1	metadata_only; follow publisher access policy	primary_title_identifier_confirmed	Lấy BibTeX/metadata chính thức để bổ sung tác giả, venue, năm xuất bản; không cào PDF ở giai đoạn này.
P0175	paper_metadata_only	https://doi.org/10.1007/978-3-031-14923-8_15	P1	metadata_only; follow publisher access policy	blocked_or_unreadable	Lấy BibTeX/metadata chính thức để bổ sung tác giả, venue, năm xuất bản; không cào PDF ở giai đoạn này.
P0176	paper_metadata_only	https://ieeexplore.ieee.org/document/10034937/	P1	metadata_only; follow publisher access policy	blocked_or_unreadable	Lấy BibTeX/metadata chính thức để bổ sung tác giả, venue, năm xuất bản; không cào PDF ở giai đoạn này.
P0177	paper_metadata_only	https://jhe16.github.io/files/ICSE22.pdf	P1	metadata_only; follow publisher access policy	primary_title_identifier_confirmed	Lấy BibTeX/metadata chính thức để bổ sung tác giả, venue, năm xuất bản; không cào PDF ở giai đoạn này.
P0178	paper_metadata_only	https://doi.org/10.1007/978-3-030-44769-4_13	P1	metadata_only; follow publisher access policy	blocked_or_unreadable	Lấy BibTeX/metadata chính thức để bổ sung tác giả, venue, năm xuất bản; không cào PDF ở giai đoạn này.
P0179	paper_metadata_only	https://yuxiaoba.github.io/publication/mars23/mars23.pdf	P1	metadata_only; follow publisher access policy	blocked_or_unreadable	Lấy BibTeX/metadata chính thức để bổ sung tác giả, venue, năm xuất bản; không cào PDF ở giai đoạn này.
P0180	paper_metadata_only	https://doi.org/10.1145/3387514.3405876	P1	metadata_only; follow publisher access policy	blocked_or_unreadable	Lấy BibTeX/metadata chính thức để bổ sung tác giả, venue, năm xuất bản; không cào PDF ở giai đoạn này.
P0181	paper_metadata_only	https://doi.org/10.1145/2934872.2934910	P1	metadata_only; follow publisher access policy	blocked_or_unreadable	Lấy BibTeX/metadata chính thức để bổ sung tác giả, venue, năm xuất bản; không cào PDF ở giai đoạn này.
P0182	paper_metadata_only	https://doi.org/10.1145/3510003.3510055	P1	metadata_only; follow publisher access policy	blocked_or_unreadable	Lấy BibTeX/metadata chính thức để bổ sung tác giả, venue, năm xuất bản; không cào PDF ở giai đoạn này.
P0183	paper_metadata_only	https://netman.aiops.org/wp-content/uploads/2020/07/alertrank_camera-ready.pdf	P1	metadata_only; follow publisher access policy	pdf_readable_title_pending	Lấy BibTeX/metadata chính thức để bổ sung tác giả, venue, năm xuất bản; không cào PDF ở giai đoạn này.
P0184	paper_metadata_only	https://doi.org/10.1145/2623330.2623360	P1	metadata_only; follow publisher access policy	blocked_or_unreadable	Lấy BibTeX/metadata chính thức để bổ sung tác giả, venue, năm xuất bản; không cào PDF ở giai đoạn này.
P0185	paper_metadata_only	https://yuxiaoba.github.io/publication/changerca24/changerca24.pdf	P1	metadata_only; follow publisher access policy	blocked_or_unreadable	Lấy BibTeX/metadata chính thức để bổ sung tác giả, venue, năm xuất bản; không cào PDF ở giai đoạn này.
P0186	paper_metadata_only	https://www.usenix.org/conference/nsdi22/presentation/haecki	P1	metadata_only; follow publisher access policy	primary_title_identifier_confirmed	Lấy BibTeX/metadata chính thức để bổ sung tác giả, venue, năm xuất bản; không cào PDF ở giai đoạn này.
P0187	paper_metadata_only	https://doi.org/10.1145/3208040.3208044	P1	metadata_only; follow publisher access policy	blocked_or_unreadable	Lấy BibTeX/metadata chính thức để bổ sung tác giả, venue, năm xuất bản; không cào PDF ở giai đoạn này.
P0188	paper_metadata_only	https://www.usenix.org/conference/osdi16/technical-sessions/presentation/zhao	P1	metadata_only; follow publisher access policy	primary_title_identifier_confirmed	Lấy BibTeX/metadata chính thức để bổ sung tác giả, venue, năm xuất bản; không cào PDF ở giai đoạn này.
P0189	paper_metadata_only	https://doi.org/10.5555/1298455.1298465	P1	metadata_only; follow publisher access policy	blocked_or_unreadable	Lấy BibTeX/metadata chính thức để bổ sung tác giả, venue, năm xuất bản; không cào PDF ở giai đoạn này.
P0190	paper_metadata_only	https://arxiv.org/abs/2211.14876	P2	metadata_only; follow publisher access policy	primary_title_identifier_confirmed	Lấy BibTeX/metadata chính thức để bổ sung tác giả, venue, năm xuất bản; không cào PDF ở giai đoạn này.
P0191	paper_metadata_only	https://arxiv.org/abs/2010.06467	P2	metadata_only; follow publisher access policy	primary_title_identifier_confirmed	Lấy BibTeX/metadata chính thức để bổ sung tác giả, venue, năm xuất bản; không cào PDF ở giai đoạn này.
P0192	paper_metadata_only	https://arxiv.org/abs/2103.04831	P2	metadata_only; follow publisher access policy	primary_title_identifier_confirmed	Lấy BibTeX/metadata chính thức để bổ sung tác giả, venue, năm xuất bản; không cào PDF ở giai đoạn này.
P0193	paper_metadata_only	https://arxiv.org/abs/2111.13853	P2	metadata_only; follow publisher access policy	primary_title_identifier_confirmed	Lấy BibTeX/metadata chính thức để bổ sung tác giả, venue, năm xuất bản; không cào PDF ở giai đoạn này.
P0194	paper_metadata_only	https://arxiv.org/abs/1903.06902	P2	metadata_only; follow publisher access policy	primary_title_identifier_confirmed	Lấy BibTeX/metadata chính thức để bổ sung tác giả, venue, năm xuất bản; không cào PDF ở giai đoạn này.
P0195	paper_metadata_only	https://arxiv.org/abs/2207.13443	P2	metadata_only; follow publisher access policy	primary_title_identifier_confirmed	Lấy BibTeX/metadata chính thức để bổ sung tác giả, venue, năm xuất bản; không cào PDF ở giai đoạn này.
P0196	paper_metadata_only	https://arxiv.org/abs/2208.03197	P2	metadata_only; follow publisher access policy	primary_title_identifier_confirmed	Lấy BibTeX/metadata chính thức để bổ sung tác giả, venue, năm xuất bản; không cào PDF ở giai đoạn này.
P0197	paper_metadata_only	https://arxiv.org/abs/1905.01969	P2	metadata_only; follow publisher access policy	primary_title_identifier_confirmed	Lấy BibTeX/metadata chính thức để bổ sung tác giả, venue, năm xuất bản; không cào PDF ở giai đoạn này.
P0198	paper_metadata_only	https://arxiv.org/abs/2005.00181	P2	metadata_only; follow publisher access policy	primary_title_identifier_confirmed	Lấy BibTeX/metadata chính thức để bổ sung tác giả, venue, năm xuất bản; không cào PDF ở giai đoạn này.
P0199	paper_metadata_only	https://arxiv.org/abs/2004.12832	P2	metadata_only; follow publisher access policy	primary_title_identifier_confirmed	Lấy BibTeX/metadata chính thức để bổ sung tác giả, venue, năm xuất bản; không cào PDF ở giai đoạn này.
P0200	paper_metadata_only	https://arxiv.org/abs/2108.10341	P2	metadata_only; follow publisher access policy	primary_title_identifier_confirmed	Lấy BibTeX/metadata chính thức để bổ sung tác giả, venue, năm xuất bản; không cào PDF ở giai đoạn này.
P0201	paper_metadata_only	https://doi.org/10.1145/3397271.3401204	P2	metadata_only; follow publisher access policy	blocked_or_unreadable	Lấy BibTeX/metadata chính thức để bổ sung tác giả, venue, năm xuất bản; không cào PDF ở giai đoạn này.
P0202	paper_metadata_only	https://doi.org/10.1145/3366423.3380258	P2	metadata_only; follow publisher access policy	blocked_or_unreadable	Lấy BibTeX/metadata chính thức để bổ sung tác giả, venue, năm xuất bản; không cào PDF ở giai đoạn này.
P0203	paper_metadata_only	https://arxiv.org/abs/2002.12591	P2	metadata_only; follow publisher access policy	primary_title_identifier_confirmed	Lấy BibTeX/metadata chính thức để bổ sung tác giả, venue, năm xuất bản; không cào PDF ở giai đoạn này.
P0204	paper_metadata_only	https://arxiv.org/abs/1906.05807	P2	metadata_only; follow publisher access policy	primary_title_identifier_confirmed	Lấy BibTeX/metadata chính thức để bổ sung tác giả, venue, năm xuất bản; không cào PDF ở giai đoạn này.
P0205	paper_metadata_only	https://arxiv.org/abs/2012.12624	P2	metadata_only; follow publisher access policy	primary_title_identifier_confirmed	Lấy BibTeX/metadata chính thức để bổ sung tác giả, venue, năm xuất bản; không cào PDF ở giai đoạn này.
P0206	paper_metadata_only	https://arxiv.org/abs/2109.08133	P2	metadata_only; follow publisher access policy	primary_title_identifier_confirmed	Lấy BibTeX/metadata chính thức để bổ sung tác giả, venue, năm xuất bản; không cào PDF ở giai đoạn này.
P0207	paper_metadata_only	https://arxiv.org/abs/2110.15439	P2	metadata_only; follow publisher access policy	primary_title_identifier_confirmed	Lấy BibTeX/metadata chính thức để bổ sung tác giả, venue, năm xuất bản; không cào PDF ở giai đoạn này.
P0208	paper_metadata_only	https://arxiv.org/abs/2012.14210	P2	metadata_only; follow publisher access policy	primary_title_identifier_confirmed	Lấy BibTeX/metadata chính thức để bổ sung tác giả, venue, năm xuất bản; không cào PDF ở giai đoạn này.
P0209	paper_metadata_only	https://arxiv.org/abs/2109.10739	P2	metadata_only; follow publisher access policy	primary_title_identifier_confirmed	Lấy BibTeX/metadata chính thức để bổ sung tác giả, venue, năm xuất bản; không cào PDF ở giai đoạn này.
P0210	paper_metadata_only	https://arxiv.org/abs/2112.07771	P2	metadata_only; follow publisher access policy	primary_title_identifier_confirmed	Lấy BibTeX/metadata chính thức để bổ sung tác giả, venue, năm xuất bản; không cào PDF ở giai đoạn này.
P0211	paper_metadata_only	https://arxiv.org/abs/2201.01614	P2	metadata_only; follow publisher access policy	primary_title_identifier_confirmed	Lấy BibTeX/metadata chính thức để bổ sung tác giả, venue, năm xuất bản; không cào PDF ở giai đoạn này.
P0212	paper_metadata_only	https://arxiv.org/abs/2112.09628	P2	metadata_only; follow publisher access policy	primary_title_identifier_confirmed	Lấy BibTeX/metadata chính thức để bổ sung tác giả, venue, năm xuất bản; không cào PDF ở giai đoạn này.
P0213	paper_metadata_only	https://arxiv.org/abs/2105.03599	P2	metadata_only; follow publisher access policy	primary_title_identifier_confirmed	Lấy BibTeX/metadata chính thức để bổ sung tác giả, venue, năm xuất bản; không cào PDF ở giai đoạn này.
P0214	paper_metadata_only	https://arxiv.org/abs/2112.01488	P2	metadata_only; follow publisher access policy	primary_title_identifier_confirmed	Lấy BibTeX/metadata chính thức để bổ sung tác giả, venue, năm xuất bản; không cào PDF ở giai đoạn này.
P0215	paper_metadata_only	https://arxiv.org/abs/2204.08241	P2	metadata_only; follow publisher access policy	primary_title_identifier_confirmed	Lấy BibTeX/metadata chính thức để bổ sung tác giả, venue, năm xuất bản; không cào PDF ở giai đoạn này.
P0216	paper_metadata_only	https://aclanthology.org/2022.acl-long.76/	P2	metadata_only; follow publisher access policy	primary_title_identifier_confirmed	Lấy BibTeX/metadata chính thức để bổ sung tác giả, venue, năm xuất bản; không cào PDF ở giai đoạn này.
P0217	paper_metadata_only	https://arxiv.org/abs/2208.00511	P2	metadata_only; follow publisher access policy	primary_title_identifier_confirmed	Lấy BibTeX/metadata chính thức để bổ sung tác giả, venue, năm xuất bản; không cào PDF ở giai đoạn này.
P0218	paper_metadata_only	https://arxiv.org/abs/2208.11503	P2	metadata_only; follow publisher access policy	primary_title_identifier_confirmed	Lấy BibTeX/metadata chính thức để bổ sung tác giả, venue, năm xuất bản; không cào PDF ở giai đoạn này.
P0219	paper_metadata_only	https://arxiv.org/abs/2208.13661	P2	metadata_only; follow publisher access policy	primary_title_identifier_confirmed	Lấy BibTeX/metadata chính thức để bổ sung tác giả, venue, năm xuất bản; không cào PDF ở giai đoạn này.
P0220	paper_metadata_only	https://arxiv.org/abs/2210.05156	P2	metadata_only; follow publisher access policy	primary_title_identifier_confirmed	Lấy BibTeX/metadata chính thức để bổ sung tác giả, venue, năm xuất bản; không cào PDF ở giai đoạn này.
P0221	paper_metadata_only	https://arxiv.org/abs/2104.07186	P2	metadata_only; follow publisher access policy	primary_title_identifier_confirmed	Lấy BibTeX/metadata chính thức để bổ sung tác giả, venue, năm xuất bản; không cào PDF ở giai đoạn này.
P0222	paper_metadata_only	https://arxiv.org/abs/2106.14807	P2	metadata_only; follow publisher access policy	primary_title_identifier_confirmed	Lấy BibTeX/metadata chính thức để bổ sung tác giả, venue, năm xuất bản; không cào PDF ở giai đoạn này.
P0223	paper_metadata_only	https://arxiv.org/abs/2108.11044	P2	metadata_only; follow publisher access policy	primary_title_identifier_confirmed	Lấy BibTeX/metadata chính thức để bổ sung tác giả, venue, năm xuất bản; không cào PDF ở giai đoạn này.
P0224	paper_metadata_only	https://arxiv.org/abs/2108.13454	P2	metadata_only; follow publisher access policy	primary_title_identifier_confirmed	Lấy BibTeX/metadata chính thức để bổ sung tác giả, venue, năm xuất bản; không cào PDF ở giai đoạn này.
P0225	paper_metadata_only	https://arxiv.org/abs/2106.11251	P2	metadata_only; follow publisher access policy	primary_title_identifier_confirmed	Lấy BibTeX/metadata chính thức để bổ sung tác giả, venue, năm xuất bản; không cào PDF ở giai đoạn này.
P0226	paper_metadata_only	https://arxiv.org/abs/2112.06400	P2	metadata_only; follow publisher access policy	primary_title_identifier_confirmed	Lấy BibTeX/metadata chính thức để bổ sung tác giả, venue, năm xuất bản; không cào PDF ở giai đoạn này.
P0227	paper_metadata_only	https://arxiv.org/abs/2204.00718	P2	metadata_only; follow publisher access policy	primary_title_identifier_confirmed	Lấy BibTeX/metadata chính thức để bổ sung tác giả, venue, năm xuất bản; không cào PDF ở giai đoạn này.
P0228	paper_metadata_only	https://arxiv.org/abs/2207.07087	P2	metadata_only; follow publisher access policy	primary_title_identifier_confirmed	Lấy BibTeX/metadata chính thức để bổ sung tác giả, venue, năm xuất bản; không cào PDF ở giai đoạn này.
P0229	paper_metadata_only	https://arxiv.org/abs/2112.04666	P2	metadata_only; follow publisher access policy	primary_title_identifier_confirmed	Lấy BibTeX/metadata chính thức để bổ sung tác giả, venue, năm xuất bản; không cào PDF ở giai đoạn này.
P0230	paper_metadata_only	https://arxiv.org/abs/2107.05720	P2	metadata_only; follow publisher access policy	primary_title_identifier_confirmed	Lấy BibTeX/metadata chính thức để bổ sung tác giả, venue, năm xuất bản; không cào PDF ở giai đoạn này.
P0231	paper_metadata_only	https://arxiv.org/abs/2109.10086	P2	metadata_only; follow publisher access policy	primary_title_identifier_confirmed	Lấy BibTeX/metadata chính thức để bổ sung tác giả, venue, năm xuất bản; không cào PDF ở giai đoạn này.
P0232	paper_metadata_only	https://arvinzhuang.github.io/files/shuai2021interpolateDR.pdf	P2	metadata_only; follow publisher access policy	pdf_readable_title_pending	Lấy BibTeX/metadata chính thức để bổ sung tác giả, venue, năm xuất bản; không cào PDF ở giai đoạn này.
P0233	paper_metadata_only	https://arxiv.org/abs/2012.09650	P2	metadata_only; follow publisher access policy	primary_title_identifier_confirmed	Lấy BibTeX/metadata chính thức để bổ sung tác giả, venue, năm xuất bản; không cào PDF ở giai đoạn này.
P0234	paper_metadata_only	https://arxiv.org/abs/2106.08019	P2	metadata_only; follow publisher access policy	primary_title_identifier_confirmed	Lấy BibTeX/metadata chính thức để bổ sung tác giả, venue, năm xuất bản; không cào PDF ở giai đoạn này.
P0235	paper_metadata_only	https://arxiv.org/abs/2011.00696	P2	metadata_only; follow publisher access policy	primary_title_identifier_confirmed	Lấy BibTeX/metadata chính thức để bổ sung tác giả, venue, năm xuất bản; không cào PDF ở giai đoạn này.
P0236	paper_metadata_only	https://arxiv.org/abs/2107.07773	P2	metadata_only; follow publisher access policy	primary_title_identifier_confirmed	Lấy BibTeX/metadata chính thức để bổ sung tác giả, venue, năm xuất bản; không cào PDF ở giai đoạn này.
P0237	paper_metadata_only	https://aclanthology.org/2021.findings-acl.191/	P2	metadata_only; follow publisher access policy	primary_title_identifier_confirmed	Lấy BibTeX/metadata chính thức để bổ sung tác giả, venue, năm xuất bản; không cào PDF ở giai đoạn này.
P0238	paper_metadata_only	https://aclanthology.org/2021.acl-long.477/	P2	metadata_only; follow publisher access policy	primary_title_identifier_confirmed	Lấy BibTeX/metadata chính thức để bổ sung tác giả, venue, năm xuất bản; không cào PDF ở giai đoạn này.
P0239	paper_metadata_only	https://arxiv.org/abs/2106.13618	P2	metadata_only; follow publisher access policy	primary_title_identifier_confirmed	Lấy BibTeX/metadata chính thức để bổ sung tác giả, venue, năm xuất bản; không cào PDF ở giai đoạn này.
P0240	paper_metadata_only	https://arxiv.org/abs/2208.04232	P2	metadata_only; follow publisher access policy	primary_title_identifier_confirmed	Lấy BibTeX/metadata chính thức để bổ sung tác giả, venue, năm xuất bản; không cào PDF ở giai đoạn này.
P0241	paper_metadata_only	https://arxiv.org/abs/2109.00062	P2	metadata_only; follow publisher access policy	primary_title_identifier_confirmed	Lấy BibTeX/metadata chính thức để bổ sung tác giả, venue, năm xuất bản; không cào PDF ở giai đoạn này.
P0242	paper_metadata_only	https://doi.org/10.1145/3511808.3557343	P2	metadata_only; follow publisher access policy	blocked_or_unreadable	Lấy BibTeX/metadata chính thức để bổ sung tác giả, venue, năm xuất bản; không cào PDF ở giai đoạn này.
P0243	paper_metadata_only	https://arxiv.org/abs/2205.00656	P2	metadata_only; follow publisher access policy	primary_title_identifier_confirmed	Lấy BibTeX/metadata chính thức để bổ sung tác giả, venue, năm xuất bản; không cào PDF ở giai đoạn này.
P0244	paper_metadata_only	https://arxiv.org/abs/2010.10469	P2	metadata_only; follow publisher access policy	primary_title_identifier_confirmed	Lấy BibTeX/metadata chính thức để bổ sung tác giả, venue, năm xuất bản; không cào PDF ở giai đoạn này.
P0245	paper_metadata_only	https://arxiv.org/abs/2004.04906	P2	metadata_only; follow publisher access policy	primary_title_identifier_confirmed	Lấy BibTeX/metadata chính thức để bổ sung tác giả, venue, năm xuất bản; không cào PDF ở giai đoạn này.
P0246	paper_metadata_only	https://arxiv.org/abs/2006.15498	P2	metadata_only; follow publisher access policy	primary_title_identifier_confirmed	Lấy BibTeX/metadata chính thức để bổ sung tác giả, venue, năm xuất bản; không cào PDF ở giai đoạn này.
P0247	paper_metadata_only	https://arxiv.org/abs/2007.00808	P2	metadata_only; follow publisher access policy	primary_title_identifier_confirmed	Lấy BibTeX/metadata chính thức để bổ sung tác giả, venue, năm xuất bản; không cào PDF ở giai đoạn này.
P0248	paper_metadata_only	https://arxiv.org/abs/2104.08051	P2	metadata_only; follow publisher access policy	primary_title_identifier_confirmed	Lấy BibTeX/metadata chính thức để bổ sung tác giả, venue, năm xuất bản; không cào PDF ở giai đoạn này.
P0249	paper_metadata_only	https://arxiv.org/abs/2010.12523	P2	metadata_only; follow publisher access policy	primary_title_identifier_confirmed	Lấy BibTeX/metadata chính thức để bổ sung tác giả, venue, năm xuất bản; không cào PDF ở giai đoạn này.
P0250	paper_metadata_only	https://arxiv.org/abs/2010.08191	P2	metadata_only; follow publisher access policy	primary_title_identifier_confirmed	Lấy BibTeX/metadata chính thức để bổ sung tác giả, venue, năm xuất bản; không cào PDF ở giai đoạn này.
P0251	paper_metadata_only	https://arxiv.org/abs/2104.06967	P2	metadata_only; follow publisher access policy	primary_title_identifier_confirmed	Lấy BibTeX/metadata chính thức để bổ sung tác giả, venue, năm xuất bản; không cào PDF ở giai đoạn này.
P0252	paper_metadata_only	https://arxiv.org/abs/2101.06983	P2	metadata_only; follow publisher access policy	primary_title_identifier_confirmed	Lấy BibTeX/metadata chính thức để bổ sung tác giả, venue, năm xuất bản; không cào PDF ở giai đoạn này.
P0253	paper_metadata_only	https://aclanthology.org/2021.emnlp-main.492/	P2	metadata_only; follow publisher access policy	primary_title_identifier_confirmed	Lấy BibTeX/metadata chính thức để bổ sung tác giả, venue, năm xuất bản; không cào PDF ở giai đoạn này.
P0254	paper_metadata_only	https://doi.org/10.1145/3404835.3463106	P2	metadata_only; follow publisher access policy	blocked_or_unreadable	Lấy BibTeX/metadata chính thức để bổ sung tác giả, venue, năm xuất bản; không cào PDF ở giai đoạn này.
P0255	paper_metadata_only	https://papers.nips.cc/paper/2021/file/2175f8c5cd9604f6b1e576b252d4c86e-Paper.pdf	P2	metadata_only; follow publisher access policy	pdf_readable_title_pending	Lấy BibTeX/metadata chính thức để bổ sung tác giả, venue, năm xuất bản; không cào PDF ở giai đoạn này.
P0256	paper_metadata_only	https://arxiv.org/abs/2112.08766	P2	metadata_only; follow publisher access policy	primary_title_identifier_confirmed	Lấy BibTeX/metadata chính thức để bổ sung tác giả, venue, năm xuất bản; không cào PDF ở giai đoạn này.
P0257	paper_metadata_only	https://arxiv.org/abs/2204.13679	P2	metadata_only; follow publisher access policy	primary_title_identifier_confirmed	Lấy BibTeX/metadata chính thức để bổ sung tác giả, venue, năm xuất bản; không cào PDF ở giai đoạn này.
P0258	paper_metadata_only	https://arxiv.org/abs/2210.11773	P2	metadata_only; follow publisher access policy	primary_title_identifier_confirmed	Lấy BibTeX/metadata chính thức để bổ sung tác giả, venue, năm xuất bản; không cào PDF ở giai đoạn này.
P0259	paper_metadata_only	https://arxiv.org/abs/2012.14610	P2	metadata_only; follow publisher access policy	primary_title_identifier_confirmed	Lấy BibTeX/metadata chính thức để bổ sung tác giả, venue, năm xuất bản; không cào PDF ở giai đoạn này.
P0260	paper_metadata_only	https://arxiv.org/abs/2010.08240	P2	metadata_only; follow publisher access policy	primary_title_identifier_confirmed	Lấy BibTeX/metadata chính thức để bổ sung tác giả, venue, năm xuất bản; không cào PDF ở giai đoạn này.
P0261	paper_metadata_only	https://arxiv.org/abs/2010.10999	P2	metadata_only; follow publisher access policy	primary_title_identifier_confirmed	Lấy BibTeX/metadata chính thức để bổ sung tác giả, venue, năm xuất bản; không cào PDF ở giai đoạn này.
P0262	paper_metadata_only	https://openreview.net/forum?id=NTEz-6wysdb	P2	metadata_only; follow publisher access policy	blocked_or_unreadable	Lấy BibTeX/metadata chính thức để bổ sung tác giả, venue, năm xuất bản; không cào PDF ở giai đoạn này.
P0263	paper_metadata_only	https://arxiv.org/abs/2004.11045	P2	metadata_only; follow publisher access policy	primary_title_identifier_confirmed	Lấy BibTeX/metadata chính thức để bổ sung tác giả, venue, năm xuất bản; không cào PDF ở giai đoạn này.
P0264	paper_metadata_only	https://arxiv.org/abs/2010.02666	P2	metadata_only; follow publisher access policy	primary_title_identifier_confirmed	Lấy BibTeX/metadata chính thức để bổ sung tác giả, venue, năm xuất bản; không cào PDF ở giai đoạn này.
P0265	paper_metadata_only	https://arxiv.org/abs/2010.11386	P2	metadata_only; follow publisher access policy	primary_title_identifier_confirmed	Lấy BibTeX/metadata chính thức để bổ sung tác giả, venue, năm xuất bản; không cào PDF ở giai đoạn này.
P0266	paper_metadata_only	https://aclanthology.org/2021.repl4nlp-1.17/	P2	metadata_only; follow publisher access policy	primary_title_identifier_confirmed	Lấy BibTeX/metadata chính thức để bổ sung tác giả, venue, năm xuất bản; không cào PDF ở giai đoạn này.
P0267	paper_metadata_only	https://arxiv.org/abs/2009.13815	P2	metadata_only; follow publisher access policy	primary_title_identifier_confirmed	Lấy BibTeX/metadata chính thức để bổ sung tác giả, venue, năm xuất bản; không cào PDF ở giai đoạn này.
P0268	paper_metadata_only	https://aclanthology.org/2021.findings-emnlp.198/	P2	metadata_only; follow publisher access policy	primary_title_identifier_confirmed	Lấy BibTeX/metadata chính thức để bổ sung tác giả, venue, năm xuất bản; không cào PDF ở giai đoạn này.
P0269	paper_metadata_only	https://ieeexplore.ieee.org/abstract/document/9675219	P2	metadata_only; follow publisher access policy	blocked_or_unreadable	Lấy BibTeX/metadata chính thức để bổ sung tác giả, venue, năm xuất bản; không cào PDF ở giai đoạn này.
P0270	paper_metadata_only	https://arxiv.org/abs/2203.08372	P2	metadata_only; follow publisher access policy	primary_title_identifier_confirmed	Lấy BibTeX/metadata chính thức để bổ sung tác giả, venue, năm xuất bản; không cào PDF ở giai đoạn này.
P0271	paper_metadata_only	https://arxiv.org/abs/2203.07735	P2	metadata_only; follow publisher access policy	primary_title_identifier_confirmed	Lấy BibTeX/metadata chính thức để bổ sung tác giả, venue, năm xuất bản; không cào PDF ở giai đoạn này.
P0272	paper_metadata_only	https://arxiv.org/abs/2205.09153	P2	metadata_only; follow publisher access policy	primary_title_identifier_confirmed	Lấy BibTeX/metadata chính thức để bổ sung tác giả, venue, năm xuất bản; không cào PDF ở giai đoạn này.
P0273	paper_metadata_only	https://arxiv.org/abs/2110.08532	P2	metadata_only; follow publisher access policy	primary_title_identifier_confirmed	Lấy BibTeX/metadata chính thức để bổ sung tác giả, venue, năm xuất bản; không cào PDF ở giai đoạn này.
P0274	paper_metadata_only	https://arxiv.org/abs/2206.10658	P2	metadata_only; follow publisher access policy	primary_title_identifier_confirmed	Lấy BibTeX/metadata chính thức để bổ sung tác giả, venue, năm xuất bản; không cào PDF ở giai đoạn này.
P0275	paper_metadata_only	https://arxiv.org/abs/2209.13335	P2	metadata_only; follow publisher access policy	primary_title_identifier_confirmed	Lấy BibTeX/metadata chính thức để bổ sung tác giả, venue, năm xuất bản; không cào PDF ở giai đoạn này.
P0276	paper_metadata_only	https://arxiv.org/abs/2010.12527	P2	metadata_only; follow publisher access policy	primary_title_identifier_confirmed	Lấy BibTeX/metadata chính thức để bổ sung tác giả, venue, năm xuất bản; không cào PDF ở giai đoạn này.
P0277	paper_metadata_only	https://arxiv.org/abs/2101.00117	P2	metadata_only; follow publisher access policy	primary_title_identifier_confirmed	Lấy BibTeX/metadata chính thức để bổ sung tác giả, venue, năm xuất bản; không cào PDF ở giai đoạn này.
P0278	paper_metadata_only	https://arxiv.org/abs/1906.00300	P2	metadata_only; follow publisher access policy	primary_title_identifier_confirmed	Lấy BibTeX/metadata chính thức để bổ sung tác giả, venue, năm xuất bản; không cào PDF ở giai đoạn này.
P0279	paper_metadata_only	https://arxiv.org/abs/2002.03932	P2	metadata_only; follow publisher access policy	primary_title_identifier_confirmed	Lấy BibTeX/metadata chính thức để bổ sung tác giả, venue, năm xuất bản; không cào PDF ở giai đoạn này.
P0280	paper_metadata_only	https://arxiv.org/abs/2010.10137	P2	metadata_only; follow publisher access policy	primary_title_identifier_confirmed	Lấy BibTeX/metadata chính thức để bổ sung tác giả, venue, năm xuất bản; không cào PDF ở giai đoạn này.
P0281	paper_metadata_only	https://arxiv.org/abs/2104.09791	P2	metadata_only; follow publisher access policy	primary_title_identifier_confirmed	Lấy BibTeX/metadata chính thức để bổ sung tác giả, venue, năm xuất bản; không cào PDF ở giai đoạn này.
P0282	paper_metadata_only	https://arxiv.org/abs/2107.13602	P2	metadata_only; follow publisher access policy	primary_title_identifier_confirmed	Lấy BibTeX/metadata chính thức để bổ sung tác giả, venue, năm xuất bản; không cào PDF ở giai đoạn này.
P0283	paper_metadata_only	https://arxiv.org/abs/2102.09206	P2	metadata_only; follow publisher access policy	primary_title_identifier_confirmed	Lấy BibTeX/metadata chính thức để bổ sung tác giả, venue, năm xuất bản; không cào PDF ở giai đoạn này.
P0284	paper_metadata_only	https://arxiv.org/abs/2108.08877	P2	metadata_only; follow publisher access policy	primary_title_identifier_confirmed	Lấy BibTeX/metadata chính thức để bổ sung tác giả, venue, năm xuất bản; không cào PDF ở giai đoạn này.
P0285	paper_metadata_only	https://arxiv.org/abs/2108.05540	P2	metadata_only; follow publisher access policy	primary_title_identifier_confirmed	Lấy BibTeX/metadata chính thức để bổ sung tác giả, venue, năm xuất bản; không cào PDF ở giai đoạn này.
P0286	paper_metadata_only	https://arxiv.org/abs/2104.08253	P2	metadata_only; follow publisher access policy	primary_title_identifier_confirmed	Lấy BibTeX/metadata chính thức để bổ sung tác giả, venue, năm xuất bản; không cào PDF ở giai đoạn này.
P0287	paper_metadata_only	https://arxiv.org/abs/2104.06979	P2	metadata_only; follow publisher access policy	primary_title_identifier_confirmed	Lấy BibTeX/metadata chính thức để bổ sung tác giả, venue, năm xuất bản; không cào PDF ở giai đoạn này.
P0288	paper_metadata_only	https://arxiv.org/abs/2104.08821	P2	metadata_only; follow publisher access policy	primary_title_identifier_confirmed	Lấy BibTeX/metadata chính thức để bổ sung tác giả, venue, năm xuất bản; không cào PDF ở giai đoạn này.
P0289	paper_metadata_only	https://arxiv.org/abs/2104.07800	P2	metadata_only; follow publisher access policy	primary_title_identifier_confirmed	Lấy BibTeX/metadata chính thức để bổ sung tác giả, venue, năm xuất bản; không cào PDF ở giai đoạn này.
P0290	paper_metadata_only	https://arxiv.org/abs/2203.06942	P2	metadata_only; follow publisher access policy	primary_title_identifier_confirmed	Lấy BibTeX/metadata chính thức để bổ sung tác giả, venue, năm xuất bản; không cào PDF ở giai đoạn này.
P0291	paper_metadata_only	https://arxiv.org/abs/1908.10084	P2	metadata_only; follow publisher access policy	primary_title_identifier_confirmed	Lấy BibTeX/metadata chính thức để bổ sung tác giả, venue, năm xuất bản; không cào PDF ở giai đoạn này.
P0292	paper_metadata_only	https://arxiv.org/abs/2203.13088	P2	metadata_only; follow publisher access policy	primary_title_identifier_confirmed	Lấy BibTeX/metadata chính thức để bổ sung tác giả, venue, năm xuất bản; không cào PDF ở giai đoạn này.
P0293	paper_metadata_only	https://arxiv.org/abs/2112.07708	P2	metadata_only; follow publisher access policy	primary_title_identifier_confirmed	Lấy BibTeX/metadata chính thức để bổ sung tác giả, venue, năm xuất bản; không cào PDF ở giai đoạn này.
P0294	paper_metadata_only	https://arxiv.org/abs/2201.10005	P2	metadata_only; follow publisher access policy	primary_title_identifier_confirmed	Lấy BibTeX/metadata chính thức để bổ sung tác giả, venue, năm xuất bản; không cào PDF ở giai đoạn này.
P0295	paper_metadata_only	https://arxiv.org/abs/2204.10641	P2	metadata_only; follow publisher access policy	primary_title_identifier_confirmed	Lấy BibTeX/metadata chính thức để bổ sung tác giả, venue, năm xuất bản; không cào PDF ở giai đoạn này.
P0296	paper_metadata_only	https://arxiv.org/abs/2205.12035	P2	metadata_only; follow publisher access policy	primary_title_identifier_confirmed	Lấy BibTeX/metadata chính thức để bổ sung tác giả, venue, năm xuất bản; không cào PDF ở giai đoạn này.
P0297	paper_metadata_only	https://arxiv.org/abs/2207.02578	P2	metadata_only; follow publisher access policy	primary_title_identifier_confirmed	Lấy BibTeX/metadata chính thức để bổ sung tác giả, venue, năm xuất bản; không cào PDF ở giai đoạn này.
P0298	paper_metadata_only	https://arxiv.org/abs/2208.00231	P2	metadata_only; follow publisher access policy	primary_title_identifier_confirmed	Lấy BibTeX/metadata chính thức để bổ sung tác giả, venue, năm xuất bản; không cào PDF ở giai đoạn này.
P0299	paper_metadata_only	https://arxiv.org/abs/2208.14754	P2	metadata_only; follow publisher access policy	primary_title_identifier_confirmed	Lấy BibTeX/metadata chính thức để bổ sung tác giả, venue, năm xuất bản; không cào PDF ở giai đoạn này.
P0300	paper_metadata_only	https://doi.org/10.1162/tacl_a_00415	P2	metadata_only; follow publisher access policy	blocked_or_unreadable	Lấy BibTeX/metadata chính thức để bổ sung tác giả, venue, năm xuất bản; không cào PDF ở giai đoạn này.
P0301	paper_metadata_only	https://arxiv.org/abs/2010.06028	P2	metadata_only; follow publisher access policy	primary_title_identifier_confirmed	Lấy BibTeX/metadata chính thức để bổ sung tác giả, venue, năm xuất bản; không cào PDF ở giai đoạn này.
P0302	paper_metadata_only	https://arxiv.org/abs/2208.07670	P2	metadata_only; follow publisher access policy	primary_title_identifier_confirmed	Lấy BibTeX/metadata chính thức để bổ sung tác giả, venue, năm xuất bản; không cào PDF ở giai đoạn này.
P0303	paper_metadata_only	https://arxiv.org/abs/2208.09846	P2	metadata_only; follow publisher access policy	primary_title_identifier_confirmed	Lấy BibTeX/metadata chính thức để bổ sung tác giả, venue, năm xuất bản; không cào PDF ở giai đoạn này.
P0304	paper_metadata_only	https://arxiv.org/abs/2104.12016	P2	metadata_only; follow publisher access policy	primary_title_identifier_confirmed	Lấy BibTeX/metadata chính thức để bổ sung tác giả, venue, năm xuất bản; không cào PDF ở giai đoạn này.
P0305	paper_metadata_only	https://arxiv.org/abs/1908.10396	P2	metadata_only; follow publisher access policy	primary_title_identifier_confirmed	Lấy BibTeX/metadata chính thức để bổ sung tác giả, venue, năm xuất bản; không cào PDF ở giai đoạn này.
P0306	paper_metadata_only	https://arxiv.org/abs/2108.00644	P2	metadata_only; follow publisher access policy	primary_title_identifier_confirmed	Lấy BibTeX/metadata chính thức để bổ sung tác giả, venue, năm xuất bản; không cào PDF ở giai đoạn này.
P0307	paper_metadata_only	https://doi.org/10.1145/3488560.3498443	P2	metadata_only; follow publisher access policy	blocked_or_unreadable	Lấy BibTeX/metadata chính thức để bổ sung tác giả, venue, năm xuất bản; không cào PDF ở giai đoạn này.
P0308	paper_metadata_only	https://arxiv.org/abs/2105.03933	P2	metadata_only; follow publisher access policy	primary_title_identifier_confirmed	Lấy BibTeX/metadata chính thức để bổ sung tác giả, venue, năm xuất bản; không cào PDF ở giai đoạn này.
P0309	paper_metadata_only	https://arxiv.org/abs/2106.00882	P2	metadata_only; follow publisher access policy	primary_title_identifier_confirmed	Lấy BibTeX/metadata chính thức để bổ sung tác giả, venue, năm xuất bản; không cào PDF ở giai đoạn này.
P0310	paper_metadata_only	https://arxiv.org/abs/2012.15156	P2	metadata_only; follow publisher access policy	primary_title_identifier_confirmed	Lấy BibTeX/metadata chính thức để bổ sung tác giả, venue, năm xuất bản; không cào PDF ở giai đoạn này.
P0311	paper_metadata_only	https://aclanthology.org/2021.emnlp-main.227/	P2	metadata_only; follow publisher access policy	primary_title_identifier_confirmed	Lấy BibTeX/metadata chính thức để bổ sung tác giả, venue, năm xuất bản; không cào PDF ở giai đoạn này.
P0312	paper_metadata_only	https://arxiv.org/abs/2104.07858	P2	metadata_only; follow publisher access policy	primary_title_identifier_confirmed	Lấy BibTeX/metadata chính thức để bổ sung tác giả, venue, năm xuất bản; không cào PDF ở giai đoạn này.
P0313	paper_metadata_only	https://arxiv.org/abs/2201.05409	P2	metadata_only; follow publisher access policy	primary_title_identifier_confirmed	Lấy BibTeX/metadata chính thức để bổ sung tác giả, venue, năm xuất bản; không cào PDF ở giai đoạn này.
P0314	paper_metadata_only	https://proceedings.neurips.cc/paper/2014/file/310ce61c90f3a46e340ee8257bc70e93-Paper.pdf	P2	metadata_only; follow publisher access policy	blocked_or_unreadable	Lấy BibTeX/metadata chính thức để bổ sung tác giả, venue, năm xuất bản; không cào PDF ở giai đoạn này.
P0315	paper_metadata_only	https://arxiv.org/abs/1807.05614	P2	metadata_only; follow publisher access policy	primary_title_identifier_confirmed	Lấy BibTeX/metadata chính thức để bổ sung tác giả, venue, năm xuất bản; không cào PDF ở giai đoạn này.
P0316	paper_metadata_only	https://arxiv.org/abs/2205.03763	P2	metadata_only; follow publisher access policy	primary_title_identifier_confirmed	Lấy BibTeX/metadata chính thức để bổ sung tác giả, venue, năm xuất bản; không cào PDF ở giai đoạn này.
P0317	paper_metadata_only	https://arxiv.org/abs/2111.13957	P2	metadata_only; follow publisher access policy	primary_title_identifier_confirmed	Lấy BibTeX/metadata chính thức để bổ sung tác giả, venue, năm xuất bản; không cào PDF ở giai đoạn này.
P0318	paper_metadata_only	https://arxiv.org/abs/2112.09924	P2	metadata_only; follow publisher access policy	primary_title_identifier_confirmed	Lấy BibTeX/metadata chính thức để bổ sung tác giả, venue, năm xuất bản; không cào PDF ở giai đoạn này.
P0319	paper_metadata_only	https://arxiv.org/abs/2210.05521	P2	metadata_only; follow publisher access policy	primary_title_identifier_confirmed	Lấy BibTeX/metadata chính thức để bổ sung tác giả, venue, năm xuất bản; không cào PDF ở giai đoạn này.
P0320	paper_metadata_only	https://aclanthology.org/2021.emnlp-main.224/	P2	metadata_only; follow publisher access policy	primary_title_identifier_confirmed	Lấy BibTeX/metadata chính thức để bổ sung tác giả, venue, năm xuất bản; không cào PDF ở giai đoạn này.
P0321	paper_metadata_only	https://arxiv.org/abs/2108.12139	P2	metadata_only; follow publisher access policy	primary_title_identifier_confirmed	Lấy BibTeX/metadata chính thức để bổ sung tác giả, venue, năm xuất bản; không cào PDF ở giai đoạn này.
P0322	paper_metadata_only	https://arxiv.org/abs/2109.13059	P2	metadata_only; follow publisher access policy	primary_title_identifier_confirmed	Lấy BibTeX/metadata chính thức để bổ sung tác giả, venue, năm xuất bản; không cào PDF ở giai đoạn này.
P0323	paper_metadata_only	https://arxiv.org/abs/2110.03611	P2	metadata_only; follow publisher access policy	primary_title_identifier_confirmed	Lấy BibTeX/metadata chính thức để bổ sung tác giả, venue, năm xuất bản; không cào PDF ở giai đoạn này.
P0324	paper_metadata_only	https://doi.org/10.1145/3394486.3403305	P2	metadata_only; follow publisher access policy	blocked_or_unreadable	Lấy BibTeX/metadata chính thức để bổ sung tác giả, venue, năm xuất bản; không cào PDF ở giai đoạn này.
P0325	paper_metadata_only	https://arxiv.org/abs/1901.04085	P2	metadata_only; follow publisher access policy	primary_title_identifier_confirmed	Lấy BibTeX/metadata chính thức để bổ sung tác giả, venue, năm xuất bản; không cào PDF ở giai đoạn này.
P0326	paper_metadata_only	https://arxiv.org/abs/1904.07531	P2	metadata_only; follow publisher access policy	primary_title_identifier_confirmed	Lấy BibTeX/metadata chính thức để bổ sung tác giả, venue, năm xuất bản; không cào PDF ở giai đoạn này.
P0327	paper_metadata_only	https://arxiv.org/abs/1908.08167	P2	metadata_only; follow publisher access policy	primary_title_identifier_confirmed	Lấy BibTeX/metadata chính thức để bổ sung tác giả, venue, năm xuất bản; không cào PDF ở giai đoạn này.
P0328	paper_metadata_only	https://arxiv.org/abs/2206.08063	P2	metadata_only; follow publisher access policy	primary_title_identifier_confirmed	Lấy BibTeX/metadata chính thức để bổ sung tác giả, venue, năm xuất bản; không cào PDF ở giai đoạn này.
P0329	paper_metadata_only	https://arxiv.org/abs/2101.08751	P2	metadata_only; follow publisher access policy	primary_title_identifier_confirmed	Lấy BibTeX/metadata chính thức để bổ sung tác giả, venue, năm xuất bản; không cào PDF ở giai đoạn này.
P0330	paper_metadata_only	https://arxiv.org/abs/1910.14424	P2	metadata_only; follow publisher access policy	primary_title_identifier_confirmed	Lấy BibTeX/metadata chính thức để bổ sung tác giả, venue, năm xuất bản; không cào PDF ở giai đoạn này.
P0331	paper_metadata_only	https://arxiv.org/abs/2104.08663	P2	metadata_only; follow publisher access policy	primary_title_identifier_confirmed	Lấy BibTeX/metadata chính thức để bổ sung tác giả, venue, năm xuất bản; không cào PDF ở giai đoạn này.
P0332	paper_metadata_only	https://arxiv.org/abs/2204.12755	P2	metadata_only; follow publisher access policy	primary_title_identifier_confirmed	Lấy BibTeX/metadata chính thức để bổ sung tác giả, venue, năm xuất bản; không cào PDF ở giai đoạn này.
P0333	paper_metadata_only	https://arxiv.org/abs/2109.01156	P2	metadata_only; follow publisher access policy	primary_title_identifier_confirmed	Lấy BibTeX/metadata chính thức để bổ sung tác giả, venue, năm xuất bản; không cào PDF ở giai đoạn này.
P0334	paper_metadata_only	https://arxiv.org/abs/2004.14503	P2	metadata_only; follow publisher access policy	primary_title_identifier_confirmed	Lấy BibTeX/metadata chính thức để bổ sung tác giả, venue, năm xuất bản; không cào PDF ở giai đoạn này.
P0335	paper_metadata_only	https://arxiv.org/abs/2104.10129	P2	metadata_only; follow publisher access policy	primary_title_identifier_confirmed	Lấy BibTeX/metadata chính thức để bổ sung tác giả, venue, năm xuất bản; không cào PDF ở giai đoạn này.
P0336	paper_metadata_only	https://arxiv.org/abs/2110.07581	P2	metadata_only; follow publisher access policy	primary_title_identifier_confirmed	Lấy BibTeX/metadata chính thức để bổ sung tác giả, venue, năm xuất bản; không cào PDF ở giai đoạn này.
P0337	paper_metadata_only	https://arxiv.org/abs/2009.10270	P2	metadata_only; follow publisher access policy	primary_title_identifier_confirmed	Lấy BibTeX/metadata chính thức để bổ sung tác giả, venue, năm xuất bản; không cào PDF ở giai đoạn này.
P0338	paper_metadata_only	https://arxiv.org/abs/2112.07577	P2	metadata_only; follow publisher access policy	primary_title_identifier_confirmed	Lấy BibTeX/metadata chính thức để bổ sung tác giả, venue, năm xuất bản; không cào PDF ở giai đoạn này.
P0339	paper_metadata_only	https://arxiv.org/abs/2110.06918	P2	metadata_only; follow publisher access policy	primary_title_identifier_confirmed	Lấy BibTeX/metadata chính thức để bổ sung tác giả, venue, năm xuất bản; không cào PDF ở giai đoạn này.
P0340	paper_metadata_only	https://arxiv.org/abs/2203.06169	P2	metadata_only; follow publisher access policy	primary_title_identifier_confirmed	Lấy BibTeX/metadata chính thức để bổ sung tác giả, venue, năm xuất bản; không cào PDF ở giai đoạn này.
P0341	paper_metadata_only	https://arxiv.org/abs/2201.10582	P2	metadata_only; follow publisher access policy	primary_title_identifier_confirmed	Lấy BibTeX/metadata chính thức để bổ sung tác giả, venue, năm xuất bản; không cào PDF ở giai đoạn này.
P0342	paper_metadata_only	https://arxiv.org/abs/2112.09118	P2	metadata_only; follow publisher access policy	primary_title_identifier_confirmed	Lấy BibTeX/metadata chính thức để bổ sung tác giả, venue, năm xuất bản; không cào PDF ở giai đoạn này.
P0343	paper_metadata_only	https://arxiv.org/abs/2112.07899	P2	metadata_only; follow publisher access policy	primary_title_identifier_confirmed	Lấy BibTeX/metadata chính thức để bổ sung tác giả, venue, năm xuất bản; không cào PDF ở giai đoạn này.
P0344	paper_metadata_only	https://arxiv.org/abs/2009.02252	P2	metadata_only; follow publisher access policy	primary_title_identifier_confirmed	Lấy BibTeX/metadata chính thức để bổ sung tác giả, venue, năm xuất bản; không cào PDF ở giai đoạn này.
P0345	paper_metadata_only	https://arxiv.org/abs/2209.11755	P2	metadata_only; follow publisher access policy	primary_title_identifier_confirmed	Lấy BibTeX/metadata chính thức để bổ sung tác giả, venue, năm xuất bản; không cào PDF ở giai đoạn này.
P0346	paper_metadata_only	https://www.ijcai.org/proceedings/2022/0275.pdf	P2	metadata_only; follow publisher access policy	primary_title_identifier_confirmed	Lấy BibTeX/metadata chính thức để bổ sung tác giả, venue, năm xuất bản; không cào PDF ở giai đoạn này.
P0347	paper_metadata_only	https://arxiv.org/abs/2204.00716	P2	metadata_only; follow publisher access policy	primary_title_identifier_confirmed	Lấy BibTeX/metadata chính thức để bổ sung tác giả, venue, năm xuất bản; không cào PDF ở giai đoạn này.
P0348	paper_metadata_only	https://arxiv.org/abs/2111.13057	P2	metadata_only; follow publisher access policy	primary_title_identifier_confirmed	Lấy BibTeX/metadata chính thức để bổ sung tác giả, venue, năm xuất bản; không cào PDF ở giai đoạn này.
P0349	paper_metadata_only	https://people.eng.unimelb.edu.au/ammoffat/abstracts/bmst17sigir.pdf	P2	metadata_only; follow publisher access policy	blocked_or_unreadable	Lấy BibTeX/metadata chính thức để bổ sung tác giả, venue, năm xuất bản; không cào PDF ở giai đoạn này.
P0350	paper_metadata_only	https://arxiv.org/abs/2205.02303	P2	metadata_only; follow publisher access policy	primary_title_identifier_confirmed	Lấy BibTeX/metadata chính thức để bổ sung tác giả, venue, năm xuất bản; không cào PDF ở giai đoạn này.
P0351	paper_metadata_only	https://www-labs.iro.umontreal.ca/~nie/IFT6255/carpineto-Survey-QE.pdf	P2	metadata_only; follow publisher access policy	blocked_or_unreadable	Lấy BibTeX/metadata chính thức để bổ sung tác giả, venue, năm xuất bản; không cào PDF ở giai đoạn này.
P0352	paper_metadata_only	https://arxiv.org/abs/2206.11724	P2	metadata_only; follow publisher access policy	primary_title_identifier_confirmed	Lấy BibTeX/metadata chính thức để bổ sung tác giả, venue, năm xuất bản; không cào PDF ở giai đoạn này.
P0353	paper_metadata_only	https://arxiv.org/abs/2209.06506	P2	metadata_only; follow publisher access policy	primary_title_identifier_confirmed	Lấy BibTeX/metadata chính thức để bổ sung tác giả, venue, năm xuất bản; không cào PDF ở giai đoạn này.
P0354	paper_metadata_only	https://arxiv.org/abs/2202.06991	P2	metadata_only; follow publisher access policy	primary_title_identifier_confirmed	Lấy BibTeX/metadata chính thức để bổ sung tác giả, venue, năm xuất bản; không cào PDF ở giai đoạn này.
P0355	paper_metadata_only	https://arxiv.org/abs/2203.00537	P2	metadata_only; follow publisher access policy	primary_title_identifier_confirmed	Lấy BibTeX/metadata chính thức để bổ sung tác giả, venue, năm xuất bản; không cào PDF ở giai đoạn này.
P0356	paper_metadata_only	https://arxiv.org/abs/2204.10628	P2	metadata_only; follow publisher access policy	primary_title_identifier_confirmed	Lấy BibTeX/metadata chính thức để bổ sung tác giả, venue, năm xuất bản; không cào PDF ở giai đoạn này.
P0357	paper_metadata_only	https://arxiv.org/abs/2204.13596	P2	metadata_only; follow publisher access policy	primary_title_identifier_confirmed	Lấy BibTeX/metadata chính thức để bổ sung tác giả, venue, năm xuất bản; không cào PDF ở giai đoạn này.
P0358	paper_metadata_only	https://arxiv.org/abs/2204.05511	P2	metadata_only; follow publisher access policy	primary_title_identifier_confirmed	Lấy BibTeX/metadata chính thức để bổ sung tác giả, venue, năm xuất bản; không cào PDF ở giai đoạn này.
P0359	paper_metadata_only	https://arxiv.org/abs/2105.02274	P2	metadata_only; follow publisher access policy	primary_title_identifier_confirmed	Lấy BibTeX/metadata chính thức để bổ sung tác giả, venue, năm xuất bản; không cào PDF ở giai đoạn này.
P0360	paper_metadata_only	https://arxiv.org/abs/2206.02743	P2	metadata_only; follow publisher access policy	primary_title_identifier_confirmed	Lấy BibTeX/metadata chính thức để bổ sung tác giả, venue, năm xuất bản; không cào PDF ở giai đoạn này.
P0361	paper_metadata_only	https://arxiv.org/abs/2206.10128	P2	metadata_only; follow publisher access policy	primary_title_identifier_confirmed	Lấy BibTeX/metadata chính thức để bổ sung tác giả, venue, năm xuất bản; không cào PDF ở giai đoạn này.
P0362	paper_metadata_only	https://arxiv.org/abs/2208.09257	P2	metadata_only; follow publisher access policy	primary_title_identifier_confirmed	Lấy BibTeX/metadata chính thức để bổ sung tác giả, venue, năm xuất bản; không cào PDF ở giai đoạn này.
P0363	paper_metadata_only	https://doi.org/10.1145/3511808.3557271	P2	metadata_only; follow publisher access policy	blocked_or_unreadable	Lấy BibTeX/metadata chính thức để bổ sung tác giả, venue, năm xuất bản; không cào PDF ở giai đoạn này.
P0364	paper_metadata_only	https://arxiv.org/abs/1911.00172	P2	metadata_only; follow publisher access policy	primary_title_identifier_confirmed	Lấy BibTeX/metadata chính thức để bổ sung tác giả, venue, năm xuất bản; không cào PDF ở giai đoạn này.
P0365	paper_metadata_only	https://aclanthology.org/2021.tacl-1.22/	P2	metadata_only; follow publisher access policy	primary_title_identifier_confirmed	Lấy BibTeX/metadata chính thức để bổ sung tác giả, venue, năm xuất bản; không cào PDF ở giai đoạn này.
P0366	paper_metadata_only	https://arxiv.org/abs/2112.04426	P2	metadata_only; follow publisher access policy	primary_title_identifier_confirmed	Lấy BibTeX/metadata chính thức để bổ sung tác giả, venue, năm xuất bản; không cào PDF ở giai đoạn này.
P0367	paper_metadata_only	https://arxiv.org/abs/2002.08909	P2	metadata_only; follow publisher access policy	primary_title_identifier_confirmed	Lấy BibTeX/metadata chính thức để bổ sung tác giả, venue, năm xuất bản; không cào PDF ở giai đoạn này.
P0368	paper_metadata_only	https://arxiv.org/abs/2104.08710	P2	metadata_only; follow publisher access policy	primary_title_identifier_confirmed	Lấy BibTeX/metadata chính thức để bổ sung tác giả, venue, năm xuất bản; không cào PDF ở giai đoạn này.
P0369	paper_metadata_only	https://arxiv.org/abs/2109.04212	P2	metadata_only; follow publisher access policy	primary_title_identifier_confirmed	Lấy BibTeX/metadata chính thức để bổ sung tác giả, venue, năm xuất bản; không cào PDF ở giai đoạn này.
P0370	paper_metadata_only	https://arxiv.org/abs/2108.04049	P2	metadata_only; follow publisher access policy	primary_title_identifier_confirmed	Lấy BibTeX/metadata chính thức để bổ sung tác giả, venue, năm xuất bản; không cào PDF ở giai đoạn này.
P0371	paper_metadata_only	https://aclanthology.org/2021.naacl-main.43/	P2	metadata_only; follow publisher access policy	primary_title_identifier_confirmed	Lấy BibTeX/metadata chính thức để bổ sung tác giả, venue, năm xuất bản; không cào PDF ở giai đoạn này.
P0372	paper_metadata_only	https://arxiv.org/abs/2109.06157	P2	metadata_only; follow publisher access policy	primary_title_identifier_confirmed	Lấy BibTeX/metadata chính thức để bổ sung tác giả, venue, năm xuất bản; không cào PDF ở giai đoạn này.
P0373	paper_metadata_only	https://aclanthology.org/2021.naacl-main.46/	P2	metadata_only; follow publisher access policy	primary_title_identifier_confirmed	Lấy BibTeX/metadata chính thức để bổ sung tác giả, venue, năm xuất bản; không cào PDF ở giai đoạn này.
P0374	paper_metadata_only	https://arxiv.org/abs/2107.11976	P2	metadata_only; follow publisher access policy	primary_title_identifier_confirmed	Lấy BibTeX/metadata chính thức để bổ sung tác giả, venue, năm xuất bản; không cào PDF ở giai đoạn này.
P0375	paper_metadata_only	https://arxiv.org/abs/2203.07722	P2	metadata_only; follow publisher access policy	primary_title_identifier_confirmed	Lấy BibTeX/metadata chính thức để bổ sung tác giả, venue, năm xuất bản; không cào PDF ở giai đoạn này.
P0376	paper_metadata_only	https://arxiv.org/abs/2005.11401	P2	metadata_only; follow publisher access policy	primary_title_identifier_confirmed	Lấy BibTeX/metadata chính thức để bổ sung tác giả, venue, năm xuất bản; không cào PDF ở giai đoạn này.
P0377	paper_metadata_only	https://aclanthology.org/2021.eacl-main.74/	P2	metadata_only; follow publisher access policy	primary_title_identifier_confirmed	Lấy BibTeX/metadata chính thức để bổ sung tác giả, venue, năm xuất bản; không cào PDF ở giai đoạn này.
P0378	paper_metadata_only	https://arxiv.org/abs/2101.00408	P2	metadata_only; follow publisher access policy	primary_title_identifier_confirmed	Lấy BibTeX/metadata chính thức để bổ sung tác giả, venue, năm xuất bản; không cào PDF ở giai đoạn này.
P0379	paper_metadata_only	https://arxiv.org/abs/2101.00436	P2	metadata_only; follow publisher access policy	primary_title_identifier_confirmed	Lấy BibTeX/metadata chính thức để bổ sung tác giả, venue, năm xuất bản; không cào PDF ở giai đoạn này.
P0380	paper_metadata_only	https://arxiv.org/abs/2009.12756	P2	metadata_only; follow publisher access policy	primary_title_identifier_confirmed	Lấy BibTeX/metadata chính thức để bổ sung tác giả, venue, năm xuất bản; không cào PDF ở giai đoạn này.
P0381	paper_metadata_only	https://aclanthology.org/K19-1049/	P2	metadata_only; follow publisher access policy	primary_title_identifier_confirmed	Lấy BibTeX/metadata chính thức để bổ sung tác giả, venue, năm xuất bản; không cào PDF ở giai đoạn này.
P0382	paper_metadata_only	https://arxiv.org/abs/1911.03814	P2	metadata_only; follow publisher access policy	primary_title_identifier_confirmed	Lấy BibTeX/metadata chính thức để bổ sung tác giả, venue, năm xuất bản; không cào PDF ở giai đoạn này.
P0383	paper_metadata_only	https://arxiv.org/abs/1906.07348	P2	metadata_only; follow publisher access policy	primary_title_identifier_confirmed	Lấy BibTeX/metadata chính thức để bổ sung tác giả, venue, năm xuất bản; không cào PDF ở giai đoạn này.
P0384	paper_metadata_only	https://arxiv.org/abs/2104.07567	P2	metadata_only; follow publisher access policy	primary_title_identifier_confirmed	Lấy BibTeX/metadata chính thức để bổ sung tác giả, venue, năm xuất bản; không cào PDF ở giai đoạn này.
P0385	paper_metadata_only	https://arxiv.org/abs/2107.07566	P2	metadata_only; follow publisher access policy	primary_title_identifier_confirmed	Lấy BibTeX/metadata chính thức để bổ sung tác giả, venue, năm xuất bản; không cào PDF ở giai đoạn này.
P0386	paper_metadata_only	https://suhasjs.github.io/files/diskann_neurips19.pdf	P2	metadata_only; follow publisher access policy	pdf_readable_title_pending	Lấy BibTeX/metadata chính thức để bổ sung tác giả, venue, năm xuất bản; không cào PDF ở giai đoạn này.
P0387	paper_metadata_only	https://arxiv.org/abs/2111.08566	P2	metadata_only; follow publisher access policy	primary_title_identifier_confirmed	Lấy BibTeX/metadata chính thức để bổ sung tác giả, venue, năm xuất bản; không cào PDF ở giai đoạn này.
P0388	paper_metadata_only	https://arxiv.org/abs/1611.09268	P2	metadata_only; follow publisher access policy	primary_title_identifier_confirmed	Lấy BibTeX/metadata chính thức để bổ sung tác giả, venue, năm xuất bản; không cào PDF ở giai đoạn này.
P0389	paper_metadata_only	https://storage.googleapis.com/pub-tools-public-publication-data/pdf/1f7b46b5378d757553d3e92ead36bda2e4254244.pdf	P2	metadata_only; follow publisher access policy	blocked_or_unreadable	Lấy BibTeX/metadata chính thức để bổ sung tác giả, venue, năm xuất bản; không cào PDF ở giai đoạn này.
P0390	paper_metadata_only	https://arxiv.org/abs/1705.03551	P2	metadata_only; follow publisher access policy	primary_title_identifier_confirmed	Lấy BibTeX/metadata chính thức để bổ sung tác giả, venue, năm xuất bản; không cào PDF ở giai đoạn này.
P0391	paper_metadata_only	https://arxiv.org/abs/2108.13897	P2	metadata_only; follow publisher access policy	primary_title_identifier_confirmed	Lấy BibTeX/metadata chính thức để bổ sung tác giả, venue, năm xuất bản; không cào PDF ở giai đoạn này.
P0392	paper_metadata_only	https://doi.org/10.1145/3077136.3080751	P2	metadata_only; follow publisher access policy	blocked_or_unreadable	Lấy BibTeX/metadata chính thức để bổ sung tác giả, venue, năm xuất bản; không cào PDF ở giai đoạn này.
P0393	paper_metadata_only	https://doi.org/10.1145/3340531.3412779	P2	metadata_only; follow publisher access policy	blocked_or_unreadable	Lấy BibTeX/metadata chính thức để bổ sung tác giả, venue, năm xuất bản; không cào PDF ở giai đoạn này.
P0394	paper_metadata_only	https://arxiv.org/abs/2203.10232	P2	metadata_only; follow publisher access policy	primary_title_identifier_confirmed	Lấy BibTeX/metadata chính thức để bổ sung tác giả, venue, năm xuất bản; không cào PDF ở giai đoạn này.
P0395	paper_metadata_only	https://arxiv.org/abs/1606.05250	P2	metadata_only; follow publisher access policy	primary_title_identifier_confirmed	Lấy BibTeX/metadata chính thức để bổ sung tác giả, venue, năm xuất bản; không cào PDF ở giai đoạn này.
P0396	paper_metadata_only	https://arxiv.org/abs/1809.09600	P2	metadata_only; follow publisher access policy	primary_title_identifier_confirmed	Lấy BibTeX/metadata chính thức để bổ sung tác giả, venue, năm xuất bản; không cào PDF ở giai đoạn này.
P0397	paper_metadata_only	https://aclanthology.org/D13-1160/	P2	metadata_only; follow publisher access policy	primary_title_identifier_confirmed	Lấy BibTeX/metadata chính thức để bổ sung tác giả, venue, năm xuất bản; không cào PDF ở giai đoạn này.
P0398	paper_metadata_only	https://arxiv.org/abs/2009.07237	P1	metadata_only; follow publisher access policy	primary_title_identifier_confirmed	Lấy BibTeX/metadata chính thức để bổ sung tác giả, venue, năm xuất bản; không cào PDF ở giai đoạn này.
P0399	paper_metadata_only	https://www.se.rit.edu/~mei/publications/pdfs/Abstracting-Log-Lines-to-Log-Event-Types-for-Mining-Software-System-Logs.pdf	P1	metadata_only; follow publisher access policy	blocked_or_unreadable	Lấy BibTeX/metadata chính thức để bổ sung tác giả, venue, năm xuất bản; không cào PDF ở giai đoạn này.
P0400	paper_metadata_only	https://users.cs.fiu.edu/~taoli/pub/liang-cikm2011.pdf	P1	metadata_only; follow publisher access policy	blocked_or_unreadable	Lấy BibTeX/metadata chính thức để bổ sung tác giả, venue, năm xuất bản; không cào PDF ở giai đoạn này.
P0401	paper_metadata_only	https://web.cs.dal.ca/~makanju/publications/paper/kdd09.pdf	P1	metadata_only; follow publisher access policy	blocked_or_unreadable	Lấy BibTeX/metadata chính thức để bổ sung tác giả, venue, năm xuất bản; không cào PDF ở giai đoạn này.
P0402	paper_metadata_only	https://ieeexplore.ieee.org/document/5936060	P1	metadata_only; follow publisher access policy	blocked_or_unreadable	Lấy BibTeX/metadata chính thức để bổ sung tác giả, venue, năm xuất bản; không cào PDF ở giai đoạn này.
P0403	paper_metadata_only	https://dl.ifip.org/db/conf/cnsm/cnsm2015/1570161213.pdf	P1	metadata_only; follow publisher access policy	primary_title_identifier_confirmed	Lấy BibTeX/metadata chính thức để bổ sung tác giả, venue, năm xuất bản; không cào PDF ở giai đoạn này.
P0404	paper_metadata_only	https://www.cs.unm.edu/~mueen/Papers/LogMine.pdf	P1	metadata_only; follow publisher access policy	pdf_readable_title_pending	Lấy BibTeX/metadata chính thức để bổ sung tác giả, venue, năm xuất bản; không cào PDF ở giai đoạn này.
P0405	paper_metadata_only	https://pinjiahe.github.io/papers/TDSC17.pdf	P1	metadata_only; follow publisher access policy	blocked_or_unreadable	Lấy BibTeX/metadata chính thức để bổ sung tác giả, venue, năm xuất bản; không cào PDF ở giai đoạn này.
P0406	paper_metadata_only	https://publications.uni.lu/bitstream/10993/35286/1/ICPC-2018.pdf	P1	metadata_only; follow publisher access policy	blocked_or_unreadable	Lấy BibTeX/metadata chính thức để bổ sung tác giả, venue, năm xuất bản; không cào PDF ở giai đoạn này.
P0407	paper_metadata_only	https://ieeexplore.ieee.org/document/6649746/	P1	metadata_only; follow publisher access policy	blocked_or_unreadable	Lấy BibTeX/metadata chính thức để bổ sung tác giả, venue, năm xuất bản; không cào PDF ở giai đoạn này.
P0408	paper_metadata_only	https://arxiv.org/abs/1611.03213	P1	metadata_only; follow publisher access policy	primary_title_identifier_confirmed	Lấy BibTeX/metadata chính thức để bổ sung tác giả, venue, năm xuất bản; không cào PDF ở giai đoạn này.
P0409	paper_metadata_only	https://ieeexplore.ieee.org/document/8489912	P1	metadata_only; follow publisher access policy	blocked_or_unreadable	Lấy BibTeX/metadata chính thức để bổ sung tác giả, venue, năm xuất bản; không cào PDF ở giai đoạn này.
P0410	paper_metadata_only	https://jiemingzhu.github.io/pub/pjhe_icws2017.pdf	P1	metadata_only; follow publisher access policy	primary_title_identifier_confirmed	Lấy BibTeX/metadata chính thức để bổ sung tác giả, venue, năm xuất bản; không cào PDF ở giai đoạn này.
P0411	paper_metadata_only	https://arxiv.org/abs/1806.04356	P1	metadata_only; follow publisher access policy	primary_title_identifier_confirmed	Lấy BibTeX/metadata chính thức để bổ sung tác giả, venue, năm xuất bản; không cào PDF ở giai đoạn này.
P0412	paper_metadata_only	https://arxiv.org/abs/2001.03038	P1	metadata_only; follow publisher access policy	primary_title_identifier_confirmed	Lấy BibTeX/metadata chính thức để bổ sung tác giả, venue, năm xuất bản; không cào PDF ở giai đoạn này.
P0413	paper_metadata_only	https://arxiv.org/abs/1811.03509	P1	metadata_only; follow publisher access policy	primary_title_identifier_confirmed	Lấy BibTeX/metadata chính thức để bổ sung tác giả, venue, năm xuất bản; không cào PDF ở giai đoạn này.
P0414	paper_metadata_only	https://users.encs.concordia.ca/~abdelw/papers/ICSME2022_ULP.pdf	P1	metadata_only; follow publisher access policy	pdf_readable_title_pending	Lấy BibTeX/metadata chính thức để bổ sung tác giả, venue, năm xuất bản; không cào PDF ở giai đoạn này.
P0415	paper_metadata_only	https://www.cs.tau.ac.il/~maozs/papers/log-diff-fse18.pdf	P1	metadata_only; follow publisher access policy	primary_title_identifier_confirmed	Lấy BibTeX/metadata chính thức để bổ sung tác giả, venue, năm xuất bản; không cào PDF ở giai đoạn này.
P0416	paper_metadata_only	https://www.cs.tau.ac.il/~maozs/papers/sg-icse16.pdf	P1	metadata_only; follow publisher access policy	primary_title_identifier_confirmed	Lấy BibTeX/metadata chính thức để bổ sung tác giả, venue, năm xuất bản; không cào PDF ở giai đoạn này.
P0417	paper_metadata_only	https://www.cs.ubc.ca/~bestchai/papers/esecfse2011-final.pdf	P1	metadata_only; follow publisher access policy	primary_title_identifier_confirmed	Lấy BibTeX/metadata chính thức để bổ sung tác giả, venue, năm xuất bản; không cào PDF ở giai đoạn này.
P0418	paper_metadata_only	https://doi.org/10.1145/1835804.1835883	P1	metadata_only; follow publisher access policy	blocked_or_unreadable	Lấy BibTeX/metadata chính thức để bổ sung tác giả, venue, năm xuất bản; không cào PDF ở giai đoạn này.
P0419	paper_metadata_only	https://doi.org/10.1145/2568225.2568246	P1	metadata_only; follow publisher access policy	blocked_or_unreadable	Lấy BibTeX/metadata chính thức để bổ sung tác giả, venue, năm xuất bản; không cào PDF ở giai đoạn này.
P0420	paper_metadata_only	https://www.mysmu.edu/faculty/davidlo/papers/ase19-sld.pdf	P1	metadata_only; follow publisher access policy	blocked_or_unreadable	Lấy BibTeX/metadata chính thức để bổ sung tác giả, venue, năm xuất bản; không cào PDF ở giai đoạn này.
P0421	paper_metadata_only	https://www2.eecs.berkeley.edu/Pubs/TechRpts/2009/EECS-2009-103.pdf	P1	metadata_only; follow publisher access policy	pdf_readable_title_pending	Lấy BibTeX/metadata chính thức để bổ sung tác giả, venue, năm xuất bản; không cào PDF ở giai đoạn này.
P0422	paper_metadata_only	https://ristov.github.io/publications/slct-ipom03-web.pdf	P1	metadata_only; follow publisher access policy	pdf_readable_title_pending	Lấy BibTeX/metadata chính thức để bổ sung tác giả, venue, năm xuất bản; không cào PDF ở giai đoạn này.
P0423	paper_metadata_only	https://doi.org/10.1145/2889160.2889232	P1	metadata_only; follow publisher access policy	blocked_or_unreadable	Lấy BibTeX/metadata chính thức để bổ sung tác giả, venue, năm xuất bản; không cào PDF ở giai đoạn này.
P0424	paper_metadata_only	https://ieeexplore.ieee.org/document/4470294	P1	metadata_only; follow publisher access policy	blocked_or_unreadable	Lấy BibTeX/metadata chính thức để bổ sung tác giả, venue, năm xuất bản; không cào PDF ở giai đoạn này.
P0425	paper_metadata_only	https://ieeexplore.ieee.org/document/7381796	P1	metadata_only; follow publisher access policy	blocked_or_unreadable	Lấy BibTeX/metadata chính thức để bổ sung tác giả, venue, năm xuất bản; không cào PDF ở giai đoạn này.
P0426	paper_metadata_only	https://doi.org/10.5555/1855840.1855864	P1	metadata_only; follow publisher access policy	blocked_or_unreadable	Lấy BibTeX/metadata chính thức để bổ sung tác giả, venue, năm xuất bản; không cào PDF ở giai đoạn này.
P0427	paper_metadata_only	https://ieeexplore.ieee.org/document/6606586	P1	metadata_only; follow publisher access policy	blocked_or_unreadable	Lấy BibTeX/metadata chính thức để bổ sung tác giả, venue, năm xuất bản; không cào PDF ở giai đoạn này.
P0428	paper_metadata_only	https://people.eecs.berkeley.edu/~jordan/papers/xu-etal-icdm09.pdf	P1	metadata_only; follow publisher access policy	pdf_readable_title_pending	Lấy BibTeX/metadata chính thức để bổ sung tác giả, venue, năm xuất bản; không cào PDF ở giai đoạn này.
P0429	paper_metadata_only	https://ieeexplore.ieee.org/document/8109094	P1	metadata_only; follow publisher access policy	blocked_or_unreadable	Lấy BibTeX/metadata chính thức để bổ sung tác giả, venue, năm xuất bản; không cào PDF ở giai đoạn này.
P0430	paper_metadata_only	https://www.kdd.org/kdd2016/papers/files/adf1233-nandiA.pdf	P1	metadata_only; follow publisher access policy	pdf_readable_title_pending	Lấy BibTeX/metadata chính thức để bổ sung tác giả, venue, năm xuất bản; không cào PDF ở giai đoạn này.
P0431	paper_metadata_only	https://www.microsoft.com/en-us/research/wp-content/uploads/2016/02/DM790-CR.pdf	P1	metadata_only; follow publisher access policy	pdf_readable_title_pending	Lấy BibTeX/metadata chính thức để bổ sung tác giả, venue, năm xuất bản; không cào PDF ở giai đoạn này.
P0432	paper_metadata_only	https://people.engr.ncsu.edu/gjin2/asplos-2016-cloudseer.pdf	P1	metadata_only; follow publisher access policy	blocked_or_unreadable	Lấy BibTeX/metadata chính thức để bổ sung tác giả, venue, năm xuất bản; không cào PDF ở giai đoạn này.
P0433	paper_metadata_only	https://doi.org/10.1145/1081870.1081927	P1	metadata_only; follow publisher access policy	blocked_or_unreadable	Lấy BibTeX/metadata chính thức để bổ sung tác giả, venue, năm xuất bản; không cào PDF ở giai đoạn này.
P0434	paper_metadata_only	https://ieeexplore.ieee.org/document/7774521/	P1	metadata_only; follow publisher access policy	blocked_or_unreadable	Lấy BibTeX/metadata chính thức để bổ sung tác giả, venue, năm xuất bản; không cào PDF ở giai đoạn này.
P0435	paper_metadata_only	https://doi.org/10.1145/3338906.3338931	P1	metadata_only; follow publisher access policy	blocked_or_unreadable	Lấy BibTeX/metadata chính thức để bổ sung tác giả, venue, năm xuất bản; không cào PDF ở giai đoạn này.
P0436	paper_metadata_only	https://www.ijcai.org/Proceedings/2019/0658.pdf	P1	metadata_only; follow publisher access policy	primary_title_identifier_confirmed	Lấy BibTeX/metadata chính thức để bổ sung tác giả, venue, năm xuất bản; không cào PDF ở giai đoạn này.
P0437	paper_metadata_only	https://nkcs.iops.ai/wp-content/uploads/2020/05/paper-ICCCN20-Log2Vec.pdf	P1	metadata_only; follow publisher access policy	pdf_readable_title_pending	Lấy BibTeX/metadata chính thức để bổ sung tác giả, venue, năm xuất bản; không cào PDF ở giai đoạn này.
P0438	paper_metadata_only	https://ieeexplore.ieee.org/document/8957683	P1	metadata_only; follow publisher access policy	blocked_or_unreadable	Lấy BibTeX/metadata chính thức để bổ sung tác giả, venue, năm xuất bản; không cào PDF ở giai đoạn này.
P0439	paper_metadata_only	https://doi.org/10.1007/s10796-020-10026-3	P1	metadata_only; follow publisher access policy	blocked_or_unreadable	Lấy BibTeX/metadata chính thức để bổ sung tác giả, venue, năm xuất bản; không cào PDF ở giai đoạn này.
P0440	paper_metadata_only	https://ieeexplore.ieee.org/document/8511880	P1	metadata_only; follow publisher access policy	blocked_or_unreadable	Lấy BibTeX/metadata chính thức để bổ sung tác giả, venue, năm xuất bản; không cào PDF ở giai đoạn này.
P0441	paper_metadata_only	https://doi.org/10.1145/3217871.3217872	P1	metadata_only; follow publisher access policy	blocked_or_unreadable	Lấy BibTeX/metadata chính thức để bổ sung tác giả, venue, năm xuất bản; không cào PDF ở giai đoạn này.
P0442	paper_metadata_only	https://doi.org/10.1145/3179405	P1	metadata_only; follow publisher access policy	blocked_or_unreadable	Lấy BibTeX/metadata chính thức để bổ sung tác giả, venue, năm xuất bản; không cào PDF ở giai đoạn này.
P0443	paper_metadata_only	https://doi.org/10.1145/3208040.3208051	P1	metadata_only; follow publisher access policy	blocked_or_unreadable	Lấy BibTeX/metadata chính thức để bổ sung tác giả, venue, năm xuất bản; không cào PDF ở giai đoạn này.
P0444	paper_metadata_only	https://doi.org/10.1145/956750.956799	P1	metadata_only; follow publisher access policy	blocked_or_unreadable	Lấy BibTeX/metadata chính thức để bổ sung tác giả, venue, năm xuất bản; không cào PDF ở giai đoạn này.
P0445	paper_metadata_only	https://doi.org/10.1109/IPDPS47924.2020.00115	P1	metadata_only; follow publisher access policy	blocked_or_unreadable	Lấy BibTeX/metadata chính thức để bổ sung tác giả, venue, năm xuất bản; không cào PDF ở giai đoạn này.
P0446	paper_metadata_only	https://doi.org/10.1109/CLUSTER.2017.23	P1	metadata_only; follow publisher access policy	blocked_or_unreadable	Lấy BibTeX/metadata chính thức để bổ sung tác giả, venue, năm xuất bản; không cào PDF ở giai đoạn này.
P0447	paper_metadata_only	https://doi.org/10.1109/CLUSTER.2014.6968757	P1	metadata_only; follow publisher access policy	blocked_or_unreadable	Lấy BibTeX/metadata chính thức để bổ sung tác giả, venue, năm xuất bản; không cào PDF ở giai đoạn này.
P0448	paper_metadata_only	https://doi.org/10.1145/3236024.3236060	P1	metadata_only; follow publisher access policy	blocked_or_unreadable	Lấy BibTeX/metadata chính thức để bổ sung tác giả, venue, năm xuất bản; không cào PDF ở giai đoạn này.
P0449	paper_metadata_only	https://doi.org/10.1109/ICSE-Companion.2019.00055	P1	metadata_only; follow publisher access policy	blocked_or_unreadable	Lấy BibTeX/metadata chính thức để bổ sung tác giả, venue, năm xuất bản; không cào PDF ở giai đoạn này.
P0450	paper_metadata_only	https://opera.ucsd.edu/paper/asplos10-sherlog.pdf	P1	metadata_only; follow publisher access policy	blocked_or_unreadable	Lấy BibTeX/metadata chính thức để bổ sung tác giả, venue, năm xuất bản; không cào PDF ở giai đoạn này.
P0451	paper_metadata_only	https://doi.org/10.1145/1572272.1572300	P1	metadata_only; follow publisher access policy	blocked_or_unreadable	Lấy BibTeX/metadata chính thức để bổ sung tác giả, venue, năm xuất bản; không cào PDF ở giai đoạn này.
P0452	paper_metadata_only	https://ieeexplore.ieee.org/document/7484164	P1	metadata_only; follow publisher access policy	primary_title_identifier_confirmed	Lấy BibTeX/metadata chính thức để bổ sung tác giả, venue, năm xuất bản; không cào PDF ở giai đoạn này.
P0453	paper_metadata_only	https://ieeexplore.ieee.org/document/8029741	P1	metadata_only; follow publisher access policy	primary_title_identifier_confirmed	Lấy BibTeX/metadata chính thức để bổ sung tác giả, venue, năm xuất bản; không cào PDF ở giai đoạn này.
P0454	paper_metadata_only	https://ieeexplore.ieee.org/document/8030620	P1	metadata_only; follow publisher access policy	blocked_or_unreadable	Lấy BibTeX/metadata chính thức để bổ sung tác giả, venue, năm xuất bản; không cào PDF ở giai đoạn này.
P0455	paper_metadata_only	https://doi.org/10.1145/3236024.3236071	P1	metadata_only; follow publisher access policy	blocked_or_unreadable	Lấy BibTeX/metadata chính thức để bổ sung tác giả, venue, năm xuất bản; không cào PDF ở giai đoạn này.
P0456	paper_metadata_only	https://ieeexplore.ieee.org/document/6410318	P1	metadata_only; follow publisher access policy	primary_title_identifier_confirmed	Lấy BibTeX/metadata chính thức để bổ sung tác giả, venue, năm xuất bản; không cào PDF ở giai đoạn này.
P0457	paper_metadata_only	https://doi.org/10.1145/2644865.2541968	P1	metadata_only; follow publisher access policy	blocked_or_unreadable	Lấy BibTeX/metadata chính thức để bổ sung tác giả, venue, năm xuất bản; không cào PDF ở giai đoạn này.
P0458	paper_metadata_only	https://ieeexplore.ieee.org/document/8029786	P1	metadata_only; follow publisher access policy	blocked_or_unreadable	Lấy BibTeX/metadata chính thức để bổ sung tác giả, venue, năm xuất bản; không cào PDF ở giai đoạn này.
P0459	paper_metadata_only	https://ieeexplore.ieee.org/document/7371970	P1	metadata_only; follow publisher access policy	blocked_or_unreadable	Lấy BibTeX/metadata chính thức để bổ sung tác giả, venue, năm xuất bản; không cào PDF ở giai đoạn này.
P0460	paper_metadata_only	https://ieeexplore.ieee.org/document/5713159	P1	metadata_only; follow publisher access policy	blocked_or_unreadable	Lấy BibTeX/metadata chính thức để bổ sung tác giả, venue, năm xuất bản; không cào PDF ở giai đoạn này.
P0461	paper_metadata_only	https://ieeexplore.ieee.org/document/8952396	P1	metadata_only; follow publisher access policy	blocked_or_unreadable	Lấy BibTeX/metadata chính thức để bổ sung tác giả, venue, năm xuất bản; không cào PDF ở giai đoạn này.
P0462	paper_metadata_only	https://www.usenix.org/system/files/conference/nsdi12/nsdi12-final61.pdf	P1	metadata_only; follow publisher access policy	pdf_readable_title_pending	Lấy BibTeX/metadata chính thức để bổ sung tác giả, venue, năm xuất bản; không cào PDF ở giai đoạn này.
P0463	paper_metadata_only	https://doi.org/10.1109/ICSE.2017.71	P1	metadata_only; follow publisher access policy	blocked_or_unreadable	Lấy BibTeX/metadata chính thức để bổ sung tác giả, venue, năm xuất bản; không cào PDF ở giai đoạn này.
P0464	paper_metadata_only	https://ieeexplore.ieee.org/document/8647957	P1	metadata_only; follow publisher access policy	blocked_or_unreadable	Lấy BibTeX/metadata chính thức để bổ sung tác giả, venue, năm xuất bản; không cào PDF ở giai đoạn này.
P0465	paper_metadata_only	https://ieeexplore.ieee.org/document/6903589	P1	metadata_only; follow publisher access policy	primary_title_identifier_confirmed	Lấy BibTeX/metadata chính thức để bổ sung tác giả, venue, năm xuất bản; không cào PDF ở giai đoạn này.
P0466	paper_metadata_only	https://ieeexplore.ieee.org/document/8814553	P1	metadata_only; follow publisher access policy	blocked_or_unreadable	Lấy BibTeX/metadata chính thức để bổ sung tác giả, venue, năm xuất bản; không cào PDF ở giai đoạn này.
P0467	paper_metadata_only	https://www.usenix.org/legacy/events/fast09/tech/full_papers/jiang/jiang.pdf	P1	metadata_only; follow publisher access policy	pdf_readable_title_pending	Lấy BibTeX/metadata chính thức để bổ sung tác giả, venue, năm xuất bản; không cào PDF ở giai đoạn này.
P0468	paper_metadata_only	https://ieeexplore.ieee.org/document/6575356	P1	metadata_only; follow publisher access policy	blocked_or_unreadable	Lấy BibTeX/metadata chính thức để bổ sung tác giả, venue, năm xuất bản; không cào PDF ở giai đoạn này.
P0469	paper_metadata_only	https://ieeexplore.ieee.org/document/6903626	P1	metadata_only; follow publisher access policy	blocked_or_unreadable	Lấy BibTeX/metadata chính thức để bổ sung tác giả, venue, năm xuất bản; không cào PDF ở giai đoạn này.
P0470	paper_metadata_only	https://arxiv.org/abs/2501.13958	P2	metadata_only; follow publisher access policy	primary_title_identifier_confirmed	Lấy BibTeX/metadata chính thức để bổ sung tác giả, venue, năm xuất bản; không cào PDF ở giai đoạn này.
P0471	paper_metadata_only	https://arxiv.org/abs/2505.24226	P2	metadata_only; follow publisher access policy	primary_title_identifier_confirmed	Lấy BibTeX/metadata chính thức để bổ sung tác giả, venue, năm xuất bản; không cào PDF ở giai đoạn này.
P0472	paper_metadata_only	https://arxiv.org/abs/2502.09891	P2	metadata_only; follow publisher access policy	primary_title_identifier_confirmed	Lấy BibTeX/metadata chính thức để bổ sung tác giả, venue, năm xuất bản; không cào PDF ở giai đoạn này.
P0473	paper_metadata_only	https://arxiv.org/abs/2502.09304	P2	metadata_only; follow publisher access policy	primary_title_identifier_confirmed	Lấy BibTeX/metadata chính thức để bổ sung tác giả, venue, năm xuất bản; không cào PDF ở giai đoạn này.
P0474	paper_metadata_only	https://arxiv.org/abs/2501.11551	P2	metadata_only; follow publisher access policy	primary_title_identifier_confirmed	Lấy BibTeX/metadata chính thức để bổ sung tác giả, venue, năm xuất bản; không cào PDF ở giai đoạn này.
P0475	paper_metadata_only	https://arxiv.org/abs/2503.10150	P2	metadata_only; follow publisher access policy	primary_title_identifier_confirmed	Lấy BibTeX/metadata chính thức để bổ sung tác giả, venue, năm xuất bản; không cào PDF ở giai đoạn này.
P0476	paper_metadata_only	https://arxiv.org/abs/2406.06572	P2	metadata_only; follow publisher access policy	primary_title_identifier_confirmed	Lấy BibTeX/metadata chính thức để bổ sung tác giả, venue, năm xuất bản; không cào PDF ở giai đoạn này.
P0477	paper_metadata_only	https://arxiv.org/abs/2409.13731	P2	metadata_only; follow publisher access policy	primary_title_identifier_confirmed	Lấy BibTeX/metadata chính thức để bổ sung tác giả, venue, năm xuất bản; không cào PDF ở giai đoạn này.
P0478	paper_metadata_only	https://arxiv.org/abs/2412.15235	P2	metadata_only; follow publisher access policy	primary_title_identifier_confirmed	Lấy BibTeX/metadata chính thức để bổ sung tác giả, venue, năm xuất bản; không cào PDF ở giai đoạn này.
P0479	paper_metadata_only	https://arxiv.org/abs/2405.16506	P2	metadata_only; follow publisher access policy	primary_title_identifier_confirmed	Lấy BibTeX/metadata chính thức để bổ sung tác giả, venue, năm xuất bản; không cào PDF ở giai đoạn này.
P0480	paper_metadata_only	https://arxiv.org/abs/2405.16933	P2	metadata_only; follow publisher access policy	primary_title_identifier_confirmed	Lấy BibTeX/metadata chính thức để bổ sung tác giả, venue, năm xuất bản; không cào PDF ở giai đoạn này.
P0481	paper_metadata_only	https://arxiv.org/abs/2401.18059	P2	metadata_only; follow publisher access policy	primary_title_identifier_confirmed	Lấy BibTeX/metadata chính thức để bổ sung tác giả, venue, năm xuất bản; không cào PDF ở giai đoạn này.
P0482	paper_metadata_only	https://arxiv.org/abs/2308.11730	P2	metadata_only; follow publisher access policy	primary_title_identifier_confirmed	Lấy BibTeX/metadata chính thức để bổ sung tác giả, venue, năm xuất bản; không cào PDF ở giai đoạn này.
P0483	paper_metadata_only	https://arxiv.org/abs/2406.07003	P2	metadata_only; follow publisher access policy	primary_title_identifier_confirmed	Lấy BibTeX/metadata chính thức để bổ sung tác giả, venue, năm xuất bản; không cào PDF ở giai đoạn này.
P0484	paper_metadata_only	https://arxiv.org/abs/1911.03868	P2	metadata_only; follow publisher access policy	primary_title_identifier_confirmed	Lấy BibTeX/metadata chính thức để bổ sung tác giả, venue, năm xuất bản; không cào PDF ở giai đoạn này.
P0485	paper_metadata_only	https://arxiv.org/abs/2508.06105	P2	metadata_only; follow publisher access policy	primary_title_identifier_confirmed	Lấy BibTeX/metadata chính thức để bổ sung tác giả, venue, năm xuất bản; không cào PDF ở giai đoạn này.
P0486	paper_metadata_only	https://arxiv.org/abs/2510.15339	P2	metadata_only; follow publisher access policy	primary_title_identifier_confirmed	Lấy BibTeX/metadata chính thức để bổ sung tác giả, venue, năm xuất bản; không cào PDF ở giai đoạn này.
P0487	paper_metadata_only	https://arxiv.org/abs/2511.05549	P2	metadata_only; follow publisher access policy	primary_title_identifier_confirmed	Lấy BibTeX/metadata chính thức để bổ sung tác giả, venue, năm xuất bản; không cào PDF ở giai đoạn này.
P0488	paper_metadata_only	https://aclanthology.org/2025.findings-emnlp.279/	P2	metadata_only; follow publisher access policy	primary_title_identifier_confirmed	Lấy BibTeX/metadata chính thức để bổ sung tác giả, venue, năm xuất bản; không cào PDF ở giai đoạn này.
P0489	paper_metadata_only	https://doi.org/10.1145/3746252.3760935	P2	metadata_only; follow publisher access policy	blocked_or_unreadable	Lấy BibTeX/metadata chính thức để bổ sung tác giả, venue, năm xuất bản; không cào PDF ở giai đoạn này.
P0490	paper_metadata_only	https://arxiv.org/abs/2510.07718	P2	metadata_only; follow publisher access policy	primary_title_identifier_confirmed	Lấy BibTeX/metadata chính thức để bổ sung tác giả, venue, năm xuất bản; không cào PDF ở giai đoạn này.
P0491	paper_metadata_only	https://arxiv.org/abs/2511.05991	P2	metadata_only; follow publisher access policy	primary_title_identifier_confirmed	Lấy BibTeX/metadata chính thức để bổ sung tác giả, venue, năm xuất bản; không cào PDF ở giai đoạn này.
P0492	paper_metadata_only	https://arxiv.org/abs/2502.01113	P2	metadata_only; follow publisher access policy	primary_title_identifier_confirmed	Lấy BibTeX/metadata chính thức để bổ sung tác giả, venue, năm xuất bản; không cào PDF ở giai đoạn này.
P0493	paper_metadata_only	https://arxiv.org/abs/2509.24276	P2	metadata_only; follow publisher access policy	primary_title_identifier_confirmed	Lấy BibTeX/metadata chính thức để bổ sung tác giả, venue, năm xuất bản; không cào PDF ở giai đoạn này.
P0494	paper_metadata_only	https://arxiv.org/abs/2508.19855	P2	metadata_only; follow publisher access policy	primary_title_identifier_confirmed	Lấy BibTeX/metadata chính thức để bổ sung tác giả, venue, năm xuất bản; không cào PDF ở giai đoạn này.
P0495	paper_metadata_only	https://arxiv.org/abs/2502.14902	P2	metadata_only; follow publisher access policy	primary_title_identifier_confirmed	Lấy BibTeX/metadata chính thức để bổ sung tác giả, venue, năm xuất bản; không cào PDF ở giai đoạn này.
P0496	paper_metadata_only	https://openproceedings.org/2025/conf/edbt/paper-209.pdf	P2	metadata_only; follow publisher access policy	primary_title_identifier_confirmed	Lấy BibTeX/metadata chính thức để bổ sung tác giả, venue, năm xuất bản; không cào PDF ở giai đoạn này.
P0497	paper_metadata_only	https://arxiv.org/abs/2404.16130	P2	metadata_only; follow publisher access policy	primary_title_identifier_confirmed	Lấy BibTeX/metadata chính thức để bổ sung tác giả, venue, năm xuất bản; không cào PDF ở giai đoạn này.
P0498	paper_metadata_only	https://aclanthology.org/2024.emnlp-main.528/	P2	metadata_only; follow publisher access policy	primary_title_identifier_confirmed	Lấy BibTeX/metadata chính thức để bổ sung tác giả, venue, năm xuất bản; không cào PDF ở giai đoạn này.
P0499	paper_metadata_only	https://arxiv.org/abs/2406.14550	P2	metadata_only; follow publisher access policy	primary_title_identifier_confirmed	Lấy BibTeX/metadata chính thức để bổ sung tác giả, venue, năm xuất bản; không cào PDF ở giai đoạn này.
P0500	paper_metadata_only	https://doi.org/10.1145/3626772.3661370	P2	metadata_only; follow publisher access policy	blocked_or_unreadable	Lấy BibTeX/metadata chính thức để bổ sung tác giả, venue, năm xuất bản; không cào PDF ở giai đoạn này.
P0501	paper_metadata_only	https://arxiv.org/abs/2412.18644	P2	metadata_only; follow publisher access policy	primary_title_identifier_confirmed	Lấy BibTeX/metadata chính thức để bổ sung tác giả, venue, năm xuất bản; không cào PDF ở giai đoạn này.
P0502	paper_metadata_only	https://arxiv.org/abs/2411.13773	P2	metadata_only; follow publisher access policy	primary_title_identifier_confirmed	Lấy BibTeX/metadata chính thức để bổ sung tác giả, venue, năm xuất bản; không cào PDF ở giai đoạn này.
P0503	paper_metadata_only	https://ieeexplore.ieee.org/document/10386454	P2	metadata_only; follow publisher access policy	blocked_or_unreadable	Lấy BibTeX/metadata chính thức để bổ sung tác giả, venue, năm xuất bản; không cào PDF ở giai đoạn này.
P0504	paper_metadata_only	https://aclanthology.org/D19-1428/	P2	metadata_only; follow publisher access policy	primary_title_identifier_confirmed	Lấy BibTeX/metadata chính thức để bổ sung tác giả, venue, năm xuất bản; không cào PDF ở giai đoạn này.
P0505	paper_metadata_only	https://doi.org/10.1145/3331184.3331252	P2	metadata_only; follow publisher access policy	blocked_or_unreadable	Lấy BibTeX/metadata chính thức để bổ sung tác giả, venue, năm xuất bản; không cào PDF ở giai đoạn này.
P0506	paper_metadata_only	https://arxiv.org/abs/2509.22009	P2	metadata_only; follow publisher access policy	primary_title_identifier_confirmed	Lấy BibTeX/metadata chính thức để bổ sung tác giả, venue, năm xuất bản; không cào PDF ở giai đoạn này.
P0507	paper_metadata_only	https://arxiv.org/abs/2512.09148	P2	metadata_only; follow publisher access policy	primary_title_identifier_confirmed	Lấy BibTeX/metadata chính thức để bổ sung tác giả, venue, năm xuất bản; không cào PDF ở giai đoạn này.
P0508	paper_metadata_only	https://arxiv.org/abs/2506.19967	P2	metadata_only; follow publisher access policy	primary_title_identifier_confirmed	Lấy BibTeX/metadata chính thức để bổ sung tác giả, venue, năm xuất bản; không cào PDF ở giai đoạn này.
P0509	paper_metadata_only	https://arxiv.org/abs/2504.03137	P2	metadata_only; follow publisher access policy	primary_title_identifier_confirmed	Lấy BibTeX/metadata chính thức để bổ sung tác giả, venue, năm xuất bản; không cào PDF ở giai đoạn này.
P0510	paper_metadata_only	https://arxiv.org/abs/2410.20724	P2	metadata_only; follow publisher access policy	primary_title_identifier_confirmed	Lấy BibTeX/metadata chính thức để bổ sung tác giả, venue, năm xuất bản; không cào PDF ở giai đoạn này.
P0511	paper_metadata_only	https://arxiv.org/abs/2503.13804	P2	metadata_only; follow publisher access policy	primary_title_identifier_confirmed	Lấy BibTeX/metadata chính thức để bổ sung tác giả, venue, năm xuất bản; không cào PDF ở giai đoạn này.
P0512	paper_metadata_only	https://arxiv.org/abs/2410.08815	P2	metadata_only; follow publisher access policy	primary_title_identifier_confirmed	Lấy BibTeX/metadata chính thức để bổ sung tác giả, venue, năm xuất bản; không cào PDF ở giai đoạn này.
P0513	paper_metadata_only	https://arxiv.org/abs/2310.01061	P2	metadata_only; follow publisher access policy	primary_title_identifier_confirmed	Lấy BibTeX/metadata chính thức để bổ sung tác giả, venue, năm xuất bản; không cào PDF ở giai đoạn này.
P0514	paper_metadata_only	https://arxiv.org/abs/2311.13314	P2	metadata_only; follow publisher access policy	primary_title_identifier_confirmed	Lấy BibTeX/metadata chính thức để bổ sung tác giả, venue, năm xuất bản; không cào PDF ở giai đoạn này.
P0515	paper_metadata_only	https://arxiv.org/abs/2307.07697	P2	metadata_only; follow publisher access policy	primary_title_identifier_confirmed	Lấy BibTeX/metadata chính thức để bổ sung tác giả, venue, năm xuất bản; không cào PDF ở giai đoạn này.
P0516	paper_metadata_only	https://openreview.net/forum?id=PacBluO5m7	P2	metadata_only; follow publisher access policy	blocked_or_unreadable	Lấy BibTeX/metadata chính thức để bổ sung tác giả, venue, năm xuất bản; không cào PDF ở giai đoạn này.
P0517	paper_metadata_only	https://aclanthology.org/2024.findings-acl.376/	P2	metadata_only; follow publisher access policy	primary_title_identifier_confirmed	Lấy BibTeX/metadata chính thức để bổ sung tác giả, venue, năm xuất bản; không cào PDF ở giai đoạn này.
P0518	paper_metadata_only	https://arxiv.org/abs/2411.05844	P2	metadata_only; follow publisher access policy	primary_title_identifier_confirmed	Lấy BibTeX/metadata chính thức để bổ sung tác giả, venue, năm xuất bản; không cào PDF ở giai đoạn này.
P0519	paper_metadata_only	https://arxiv.org/abs/2407.10805	P2	metadata_only; follow publisher access policy	primary_title_identifier_confirmed	Lấy BibTeX/metadata chính thức để bổ sung tác giả, venue, năm xuất bản; không cào PDF ở giai đoạn này.
P0520	paper_metadata_only	https://arxiv.org/abs/2502.06864	P2	metadata_only; follow publisher access policy	primary_title_identifier_confirmed	Lấy BibTeX/metadata chính thức để bổ sung tác giả, venue, năm xuất bản; không cào PDF ở giai đoạn này.
P0521	paper_metadata_only	https://arxiv.org/abs/2412.16311	P2	metadata_only; follow publisher access policy	primary_title_identifier_confirmed	Lấy BibTeX/metadata chính thức để bổ sung tác giả, venue, năm xuất bản; không cào PDF ở giai đoạn này.
P0522	paper_metadata_only	https://arxiv.org/abs/2410.11001	P2	metadata_only; follow publisher access policy	primary_title_identifier_confirmed	Lấy BibTeX/metadata chính thức để bổ sung tác giả, venue, năm xuất bản; không cào PDF ở giai đoạn này.
P0523	paper_metadata_only	https://arxiv.org/abs/2408.03910	P2	metadata_only; follow publisher access policy	primary_title_identifier_confirmed	Lấy BibTeX/metadata chính thức để bổ sung tác giả, venue, năm xuất bản; không cào PDF ở giai đoạn này.
P0524	paper_metadata_only	https://ojs.aaai.org/index.php/AAAI-SS/article/view/31798	P2	metadata_only; follow publisher access policy	primary_title_identifier_confirmed	Lấy BibTeX/metadata chính thức để bổ sung tác giả, venue, năm xuất bản; không cào PDF ở giai đoạn này.
P0525	paper_metadata_only	https://arxiv.org/abs/2402.07630	P2	metadata_only; follow publisher access policy	primary_title_identifier_confirmed	Lấy BibTeX/metadata chính thức để bổ sung tác giả, venue, năm xuất bản; không cào PDF ở giai đoạn này.
P0526	paper_metadata_only	https://doi.org/10.1145/3627673.3679659	P2	metadata_only; follow publisher access policy	blocked_or_unreadable	Lấy BibTeX/metadata chính thức để bổ sung tác giả, venue, năm xuất bản; không cào PDF ở giai đoạn này.
P0527	paper_metadata_only	https://arxiv.org/abs/2410.22353	P2	metadata_only; follow publisher access policy	primary_title_identifier_confirmed	Lấy BibTeX/metadata chính thức để bổ sung tác giả, venue, năm xuất bản; không cào PDF ở giai đoạn này.
P0528	paper_metadata_only	https://arxiv.org/abs/2410.05779	P2	metadata_only; follow publisher access policy	primary_title_identifier_confirmed	Lấy BibTeX/metadata chính thức để bổ sung tác giả, venue, năm xuất bản; không cào PDF ở giai đoạn này.
P0529	paper_metadata_only	https://arxiv.org/abs/2501.15067	P2	metadata_only; follow publisher access policy	primary_title_identifier_confirmed	Lấy BibTeX/metadata chính thức để bổ sung tác giả, venue, năm xuất bản; không cào PDF ở giai đoạn này.
P0530	paper_metadata_only	https://arxiv.org/abs/2411.03572	P2	metadata_only; follow publisher access policy	primary_title_identifier_confirmed	Lấy BibTeX/metadata chính thức để bổ sung tác giả, venue, năm xuất bản; không cào PDF ở giai đoạn này.
P0531	paper_metadata_only	https://arxiv.org/abs/2305.18846	P2	metadata_only; follow publisher access policy	primary_title_identifier_confirmed	Lấy BibTeX/metadata chính thức để bổ sung tác giả, venue, năm xuất bản; không cào PDF ở giai đoạn này.
P0532	paper_metadata_only	https://arxiv.org/abs/2404.07103	P2	metadata_only; follow publisher access policy	primary_title_identifier_confirmed	Lấy BibTeX/metadata chính thức để bổ sung tác giả, venue, năm xuất bản; không cào PDF ở giai đoạn này.
P0533	paper_metadata_only	https://arxiv.org/abs/2410.09350	P2	metadata_only; follow publisher access policy	primary_title_identifier_confirmed	Lấy BibTeX/metadata chính thức để bổ sung tác giả, venue, năm xuất bản; không cào PDF ở giai đoạn này.
P0534	paper_metadata_only	https://arxiv.org/abs/2306.06427	P2	metadata_only; follow publisher access policy	primary_title_identifier_confirmed	Lấy BibTeX/metadata chính thức để bổ sung tác giả, venue, năm xuất bản; không cào PDF ở giai đoạn này.
P0535	paper_metadata_only	https://arxiv.org/abs/2403.08593	P2	metadata_only; follow publisher access policy	primary_title_identifier_confirmed	Lấy BibTeX/metadata chính thức để bổ sung tác giả, venue, năm xuất bản; không cào PDF ở giai đoạn này.
P0536	paper_metadata_only	https://arxiv.org/abs/2410.13080	P2	metadata_only; follow publisher access policy	primary_title_identifier_confirmed	Lấy BibTeX/metadata chính thức để bổ sung tác giả, venue, năm xuất bản; không cào PDF ở giai đoạn này.
P0537	paper_metadata_only	https://openreview.net/forum?id=x5FfUvsLIE	P2	metadata_only; follow publisher access policy	blocked_or_unreadable	Lấy BibTeX/metadata chính thức để bổ sung tác giả, venue, năm xuất bản; không cào PDF ở giai đoạn này.
P0538	paper_metadata_only	https://doi.org/10.1145/3626772.3657775	P2	metadata_only; follow publisher access policy	blocked_or_unreadable	Lấy BibTeX/metadata chính thức để bổ sung tác giả, venue, năm xuất bản; không cào PDF ở giai đoạn này.
P0539	paper_metadata_only	https://arxiv.org/abs/2403.04780	P2	metadata_only; follow publisher access policy	primary_title_identifier_confirmed	Lấy BibTeX/metadata chính thức để bổ sung tác giả, venue, năm xuất bản; không cào PDF ở giai đoạn này.
P0540	paper_metadata_only	https://doi.org/10.1145/3543507.3583301	P2	metadata_only; follow publisher access policy	blocked_or_unreadable	Lấy BibTeX/metadata chính thức để bổ sung tác giả, venue, năm xuất bản; không cào PDF ở giai đoạn này.
P0541	paper_metadata_only	https://openreview.net/forum?id=B48Pzc4oKi	P2	metadata_only; follow publisher access policy	blocked_or_unreadable	Lấy BibTeX/metadata chính thức để bổ sung tác giả, venue, năm xuất bản; không cào PDF ở giai đoạn này.
P0542	paper_metadata_only	https://ojs.aaai.org/index.php/AAAI/article/view/29875	P2	metadata_only; follow publisher access policy	primary_title_identifier_confirmed	Lấy BibTeX/metadata chính thức để bổ sung tác giả, venue, năm xuất bản; không cào PDF ở giai đoạn này.
P0543	paper_metadata_only	https://aclanthology.org/2023.findings-acl.275/	P2	metadata_only; follow publisher access policy	primary_title_identifier_confirmed	Lấy BibTeX/metadata chính thức để bổ sung tác giả, venue, năm xuất bản; không cào PDF ở giai đoạn này.
P0544	paper_metadata_only	https://aclanthology.org/2024.findings-eacl.132/	P2	metadata_only; follow publisher access policy	primary_title_identifier_confirmed	Lấy BibTeX/metadata chính thức để bổ sung tác giả, venue, năm xuất bản; không cào PDF ở giai đoạn này.
P0545	paper_metadata_only	https://www.sciencedirect.com/science/article/abs/pii/S0950705124014230	P2	metadata_only; follow publisher access policy	blocked_or_unreadable	Lấy BibTeX/metadata chính thức để bổ sung tác giả, venue, năm xuất bản; không cào PDF ở giai đoạn này.
P0546	paper_metadata_only	https://openreview.net/forum?id=cPgh4gWZlz	P2	metadata_only; follow publisher access policy	blocked_or_unreadable	Lấy BibTeX/metadata chính thức để bổ sung tác giả, venue, năm xuất bản; không cào PDF ở giai đoạn này.
P0547	paper_metadata_only	https://aclanthology.org/2023.acl-long.147/	P2	metadata_only; follow publisher access policy	primary_title_identifier_confirmed	Lấy BibTeX/metadata chính thức để bổ sung tác giả, venue, năm xuất bản; không cào PDF ở giai đoạn này.
P0548	paper_metadata_only	https://ojs.aaai.org/index.php/AAAI/article/view/29721	P2	metadata_only; follow publisher access policy	primary_title_identifier_confirmed	Lấy BibTeX/metadata chính thức để bổ sung tác giả, venue, năm xuất bản; không cào PDF ở giai đoạn này.
P0549	paper_metadata_only	https://openreview.net/forum?id=RdJVFCHjUMI	P2	metadata_only; follow publisher access policy	blocked_or_unreadable	Lấy BibTeX/metadata chính thức để bổ sung tác giả, venue, năm xuất bản; không cào PDF ở giai đoạn này.
P0550	paper_metadata_only	https://arxiv.org/abs/2308.11761	P2	metadata_only; follow publisher access policy	primary_title_identifier_confirmed	Lấy BibTeX/metadata chính thức để bổ sung tác giả, venue, năm xuất bản; không cào PDF ở giai đoạn này.
P0551	paper_metadata_only	https://arxiv.org/abs/2410.23875	P2	metadata_only; follow publisher access policy	primary_title_identifier_confirmed	Lấy BibTeX/metadata chính thức để bổ sung tác giả, venue, năm xuất bản; không cào PDF ở giai đoạn này.
P0552	paper_metadata_only	https://arxiv.org/abs/2406.01145	P2	metadata_only; follow publisher access policy	primary_title_identifier_confirmed	Lấy BibTeX/metadata chính thức để bổ sung tác giả, venue, năm xuất bản; không cào PDF ở giai đoạn này.
P0553	paper_metadata_only	https://aclanthology.org/2024.acl-demos.35/	P2	metadata_only; follow publisher access policy	primary_title_identifier_confirmed	Lấy BibTeX/metadata chính thức để bổ sung tác giả, venue, năm xuất bản; không cào PDF ở giai đoạn này.
P0554	paper_metadata_only	https://arxiv.org/abs/2501.00309	P2	metadata_only; follow publisher access policy	primary_title_identifier_confirmed	Lấy BibTeX/metadata chính thức để bổ sung tác giả, venue, năm xuất bản; không cào PDF ở giai đoạn này.
P0555	paper_metadata_only	https://arxiv.org/abs/2408.08921	P2	metadata_only; follow publisher access policy	primary_title_identifier_confirmed	Lấy BibTeX/metadata chính thức để bổ sung tác giả, venue, năm xuất bản; không cào PDF ở giai đoạn này.
P0556	paper_metadata_only	https://arxiv.org/abs/2404.19543	P2	metadata_only; follow publisher access policy	primary_title_identifier_confirmed	Lấy BibTeX/metadata chính thức để bổ sung tác giả, venue, năm xuất bản; không cào PDF ở giai đoạn này.
P0557	paper_metadata_only	https://arxiv.org/abs/2402.19473	P2	metadata_only; follow publisher access policy	primary_title_identifier_confirmed	Lấy BibTeX/metadata chính thức để bổ sung tác giả, venue, năm xuất bản; không cào PDF ở giai đoạn này.
P0558	paper_metadata_only	https://arxiv.org/abs/2202.01110	P2	metadata_only; follow publisher access policy	primary_title_identifier_confirmed	Lấy BibTeX/metadata chính thức để bổ sung tác giả, venue, năm xuất bản; không cào PDF ở giai đoạn này.
P0559	paper_metadata_only	https://arxiv.org/abs/2312.10997	P2	metadata_only; follow publisher access policy	primary_title_identifier_confirmed	Lấy BibTeX/metadata chính thức để bổ sung tác giả, venue, năm xuất bản; không cào PDF ở giai đoạn này.
P0560	paper_metadata_only	https://arxiv.org/abs/2401.15884	P2	metadata_only; follow publisher access policy	primary_title_identifier_confirmed	Lấy BibTeX/metadata chính thức để bổ sung tác giả, venue, năm xuất bản; không cào PDF ở giai đoạn này.
P0561	paper_metadata_only	https://arxiv.org/abs/2310.11511	P2	metadata_only; follow publisher access policy	primary_title_identifier_confirmed	Lấy BibTeX/metadata chính thức để bổ sung tác giả, venue, năm xuất bản; không cào PDF ở giai đoạn này.
P0562	paper_metadata_only	https://arxiv.org/abs/2208.03299	P2	metadata_only; follow publisher access policy	primary_title_identifier_confirmed	Lấy BibTeX/metadata chính thức để bổ sung tác giả, venue, năm xuất bản; không cào PDF ở giai đoạn này.
P0563	paper_metadata_only	https://arxiv.org/abs/2102.04643	P2	metadata_only; follow publisher access policy	primary_title_identifier_confirmed	Lấy BibTeX/metadata chính thức để bổ sung tác giả, venue, năm xuất bản; không cào PDF ở giai đoạn này.
P0564	paper_metadata_only	https://arxiv.org/abs/2402.11891	P2	metadata_only; follow publisher access policy	primary_title_identifier_confirmed	Lấy BibTeX/metadata chính thức để bổ sung tác giả, venue, năm xuất bản; không cào PDF ở giai đoạn này.
P0565	paper_metadata_only	https://arxiv.org/abs/2209.14290	P2	metadata_only; follow publisher access policy	primary_title_identifier_confirmed	Lấy BibTeX/metadata chính thức để bổ sung tác giả, venue, năm xuất bản; không cào PDF ở giai đoạn này.
P0566	paper_metadata_only	https://doi.org/10.1162/tacl_a_00530	P2	metadata_only; follow publisher access policy	blocked_or_unreadable	Lấy BibTeX/metadata chính thức để bổ sung tác giả, venue, năm xuất bản; không cào PDF ở giai đoạn này.
P0567	paper_metadata_only	https://doi.org/10.1162/tacl_a_00605	P2	metadata_only; follow publisher access policy	blocked_or_unreadable	Lấy BibTeX/metadata chính thức để bổ sung tác giả, venue, năm xuất bản; không cào PDF ở giai đoạn này.
P0568	paper_metadata_only	https://arxiv.org/abs/2311.08377	P2	metadata_only; follow publisher access policy	primary_title_identifier_confirmed	Lấy BibTeX/metadata chính thức để bổ sung tác giả, venue, năm xuất bản; không cào PDF ở giai đoạn này.
P0569	paper_metadata_only	https://arxiv.org/abs/2212.10511	P2	metadata_only; follow publisher access policy	primary_title_identifier_confirmed	Lấy BibTeX/metadata chính thức để bổ sung tác giả, venue, năm xuất bản; không cào PDF ở giai đoạn này.
P0570	paper_metadata_only	https://arxiv.org/abs/2302.12813	P2	metadata_only; follow publisher access policy	primary_title_identifier_confirmed	Lấy BibTeX/metadata chính thức để bổ sung tác giả, venue, năm xuất bản; không cào PDF ở giai đoạn này.
P0571	paper_metadata_only	https://arxiv.org/abs/2310.01352	P2	metadata_only; follow publisher access policy	primary_title_identifier_confirmed	Lấy BibTeX/metadata chính thức để bổ sung tác giả, venue, năm xuất bản; không cào PDF ở giai đoạn này.
P0572	paper_metadata_only	https://arxiv.org/abs/2305.15225	P2	metadata_only; follow publisher access policy	primary_title_identifier_confirmed	Lấy BibTeX/metadata chính thức để bổ sung tác giả, venue, năm xuất bản; không cào PDF ở giai đoạn này.
P0573	paper_metadata_only	https://arxiv.org/abs/2310.01558	P2	metadata_only; follow publisher access policy	primary_title_identifier_confirmed	Lấy BibTeX/metadata chính thức để bổ sung tác giả, venue, năm xuất bản; không cào PDF ở giai đoạn này.
P0574	paper_metadata_only	https://arxiv.org/abs/2310.04408	P2	metadata_only; follow publisher access policy	primary_title_identifier_confirmed	Lấy BibTeX/metadata chính thức để bổ sung tác giả, venue, năm xuất bản; không cào PDF ở giai đoạn này.
P0575	paper_metadata_only	https://proceedings.neurips.cc/paper_files/paper/2021/file/da3fde159d754a2555eaa198d2d105b2-Paper.pdf	P2	metadata_only; follow publisher access policy	pdf_readable_title_pending	Lấy BibTeX/metadata chính thức để bổ sung tác giả, venue, năm xuất bản; không cào PDF ở giai đoạn này.
P0576	paper_metadata_only	https://arxiv.org/abs/2301.12652	P2	metadata_only; follow publisher access policy	primary_title_identifier_confirmed	Lấy BibTeX/metadata chính thức để bổ sung tác giả, venue, năm xuất bản; không cào PDF ở giai đoạn này.
P0577	paper_metadata_only	https://arxiv.org/abs/1805.10254	P2	metadata_only; follow publisher access policy	primary_title_identifier_confirmed	Lấy BibTeX/metadata chính thức để bổ sung tác giả, venue, năm xuất bản; không cào PDF ở giai đoạn này.
P0578	paper_metadata_only	https://arxiv.org/abs/2305.06983	P2	metadata_only; follow publisher access policy	primary_title_identifier_confirmed	Lấy BibTeX/metadata chính thức để bổ sung tác giả, venue, năm xuất bản; không cào PDF ở giai đoạn này.
P0579	paper_metadata_only	https://arxiv.org/abs/2301.00303	P2	metadata_only; follow publisher access policy	primary_title_identifier_confirmed	Lấy BibTeX/metadata chính thức để bổ sung tác giả, venue, năm xuất bản; không cào PDF ở giai đoạn này.
P0580	paper_metadata_only	https://arxiv.org/abs/2212.14024	P2	metadata_only; follow publisher access policy	primary_title_identifier_confirmed	Lấy BibTeX/metadata chính thức để bổ sung tác giả, venue, năm xuất bản; không cào PDF ở giai đoạn này.
P0581	paper_metadata_only	https://arxiv.org/abs/2305.14002	P2	metadata_only; follow publisher access policy	primary_title_identifier_confirmed	Lấy BibTeX/metadata chính thức để bổ sung tác giả, venue, năm xuất bản; không cào PDF ở giai đoạn này.
P0582	paper_metadata_only	https://aclanthology.org/2024.scichat-1.5/	P2	metadata_only; follow publisher access policy	primary_title_identifier_confirmed	Lấy BibTeX/metadata chính thức để bổ sung tác giả, venue, năm xuất bản; không cào PDF ở giai đoạn này.
P0583	paper_metadata_only	https://arxiv.org/abs/2305.14292	P2	metadata_only; follow publisher access policy	primary_title_identifier_confirmed	Lấy BibTeX/metadata chính thức để bổ sung tác giả, venue, năm xuất bản; không cào PDF ở giai đoạn này.
P0584	paper_metadata_only	https://proceedings.mlr.press/v162/alon22a.html	P2	metadata_only; follow publisher access policy	primary_title_identifier_confirmed	Lấy BibTeX/metadata chính thức để bổ sung tác giả, venue, năm xuất bản; không cào PDF ở giai đoạn này.
P0585	paper_metadata_only	https://arxiv.org/abs/2210.15859	P2	metadata_only; follow publisher access policy	primary_title_identifier_confirmed	Lấy BibTeX/metadata chính thức để bổ sung tác giả, venue, năm xuất bản; không cào PDF ở giai đoạn này.
P0586	paper_metadata_only	https://arxiv.org/abs/2009.08553	P2	metadata_only; follow publisher access policy	primary_title_identifier_confirmed	Lấy BibTeX/metadata chính thức để bổ sung tác giả, venue, năm xuất bản; không cào PDF ở giai đoạn này.
P0587	paper_metadata_only	https://arxiv.org/abs/2201.06009	P2	metadata_only; follow publisher access policy	primary_title_identifier_confirmed	Lấy BibTeX/metadata chính thức để bổ sung tác giả, venue, năm xuất bản; không cào PDF ở giai đoạn này.
P0588	paper_metadata_only	https://arxiv.org/abs/2302.07452	P2	metadata_only; follow publisher access policy	primary_title_identifier_confirmed	Lấy BibTeX/metadata chính thức để bổ sung tác giả, venue, năm xuất bản; không cào PDF ở giai đoạn này.
P0589	paper_metadata_only	https://arxiv.org/abs/2112.09332	P2	metadata_only; follow publisher access policy	primary_title_identifier_confirmed	Lấy BibTeX/metadata chính thức để bổ sung tác giả, venue, năm xuất bản; không cào PDF ở giai đoạn này.
P0590	paper_metadata_only	https://arxiv.org/abs/2203.05115	P2	metadata_only; follow publisher access policy	primary_title_identifier_confirmed	Lấy BibTeX/metadata chính thức để bổ sung tác giả, venue, năm xuất bản; không cào PDF ở giai đoạn này.
P0591	paper_metadata_only	https://arxiv.org/abs/2109.00527	P2	metadata_only; follow publisher access policy	primary_title_identifier_confirmed	Lấy BibTeX/metadata chính thức để bổ sung tác giả, venue, năm xuất bản; không cào PDF ở giai đoạn này.
P0592	paper_metadata_only	https://arxiv.org/abs/1610.10001	P2	metadata_only; follow publisher access policy	primary_title_identifier_confirmed	Lấy BibTeX/metadata chính thức để bổ sung tác giả, venue, năm xuất bản; không cào PDF ở giai đoạn này.
P0593	paper_metadata_only	https://arxiv.org/abs/1810.04805	P2	metadata_only; follow publisher access policy	primary_title_identifier_confirmed	Lấy BibTeX/metadata chính thức để bổ sung tác giả, venue, năm xuất bản; không cào PDF ở giai đoạn này.
P0594	paper_metadata_only	https://arxiv.org/abs/1907.11692	P2	metadata_only; follow publisher access policy	primary_title_identifier_confirmed	Lấy BibTeX/metadata chính thức để bổ sung tác giả, venue, năm xuất bản; không cào PDF ở giai đoạn này.
P0595	paper_metadata_only	https://arxiv.org/abs/1910.01108	P2	metadata_only; follow publisher access policy	primary_title_identifier_confirmed	Lấy BibTeX/metadata chính thức để bổ sung tác giả, venue, năm xuất bản; không cào PDF ở giai đoạn này.
P0596	paper_metadata_only	https://proceedings.neurips.cc/paper/2017/file/3f5ee243547dee91fbd053c1c4a845aa-Paper.pdf	P2	metadata_only; follow publisher access policy	primary_title_identifier_confirmed	Lấy BibTeX/metadata chính thức để bổ sung tác giả, venue, năm xuất bản; không cào PDF ở giai đoạn này.
P0597	paper_metadata_only	https://www.jmlr.org/papers/volume21/20-074/20-074.pdf	P2	metadata_only; follow publisher access policy	pdf_readable_title_pending	Lấy BibTeX/metadata chính thức để bổ sung tác giả, venue, năm xuất bản; không cào PDF ở giai đoạn này.
P0598	paper_metadata_only	https://arxiv.org/abs/1910.13461	P2	metadata_only; follow publisher access policy	primary_title_identifier_confirmed	Lấy BibTeX/metadata chính thức để bổ sung tác giả, venue, năm xuất bản; không cào PDF ở giai đoạn này.
P0599	paper_metadata_only	https://www.jmlr.org/papers/volume25/23-0870/23-0870.pdf	P2	metadata_only; follow publisher access policy	pdf_readable_title_pending	Lấy BibTeX/metadata chính thức để bổ sung tác giả, venue, năm xuất bản; không cào PDF ở giai đoạn này.
P0600	paper_metadata_only	https://arxiv.org/abs/2205.12674	P2	metadata_only; follow publisher access policy	primary_title_identifier_confirmed	Lấy BibTeX/metadata chính thức để bổ sung tác giả, venue, năm xuất bản; không cào PDF ở giai đoạn này.
P0601	paper_metadata_only	https://arxiv.org/abs/1612.04426	P2	metadata_only; follow publisher access policy	primary_title_identifier_confirmed	Lấy BibTeX/metadata chính thức để bổ sung tác giả, venue, năm xuất bản; không cào PDF ở giai đoạn này.
P0602	paper_metadata_only	https://proceedings.neurips.cc/paper_files/paper/2023/file/887262aeb3eafb01ef0fd0e3a87a8831-Paper-Conference.pdf	P2	metadata_only; follow publisher access policy	pdf_readable_title_pending	Lấy BibTeX/metadata chính thức để bổ sung tác giả, venue, năm xuất bản; không cào PDF ở giai đoạn này.
P0603	paper_metadata_only	https://arxiv.org/abs/1803.05355	P2	metadata_only; follow publisher access policy	primary_title_identifier_confirmed	Lấy BibTeX/metadata chính thức để bổ sung tác giả, venue, năm xuất bản; không cào PDF ở giai đoạn này.
P0604	paper_metadata_only	https://arxiv.org/abs/2108.13934	P2	metadata_only; follow publisher access policy	primary_title_identifier_confirmed	Lấy BibTeX/metadata chính thức để bổ sung tác giả, venue, năm xuất bản; không cào PDF ở giai đoạn này.
P0605	paper_metadata_only	https://doi.org/10.1145/3539618.3592052	P2	metadata_only; follow publisher access policy	blocked_or_unreadable	Lấy BibTeX/metadata chính thức để bổ sung tác giả, venue, năm xuất bản; không cào PDF ở giai đoạn này.
P0606	paper_metadata_only	https://arxiv.org/abs/2307.07164	P2	metadata_only; follow publisher access policy	primary_title_identifier_confirmed	Lấy BibTeX/metadata chính thức để bổ sung tác giả, venue, năm xuất bản; không cào PDF ở giai đoạn này.
P0607	paper_metadata_only	https://arxiv.org/abs/2205.10471	P2	metadata_only; follow publisher access policy	primary_title_identifier_confirmed	Lấy BibTeX/metadata chính thức để bổ sung tác giả, venue, năm xuất bản; không cào PDF ở giai đoạn này.
P0608	paper_metadata_only	https://arxiv.org/abs/2305.15294	P2	metadata_only; follow publisher access policy	primary_title_identifier_confirmed	Lấy BibTeX/metadata chính thức để bổ sung tác giả, venue, năm xuất bản; không cào PDF ở giai đoạn này.
P0609	paper_metadata_only	https://openreview.net/forum?id=ZTCxT2t2Ru	P2	metadata_only; follow publisher access policy	blocked_or_unreadable	Lấy BibTeX/metadata chính thức để bổ sung tác giả, venue, năm xuất bản; không cào PDF ở giai đoạn này.
P0610	paper_metadata_only	https://doi.org/10.1109/ICSE48619.2023.00205	P2	metadata_only; follow publisher access policy	blocked_or_unreadable	Lấy BibTeX/metadata chính thức để bổ sung tác giả, venue, năm xuất bản; không cào PDF ở giai đoạn này.
P0611	paper_metadata_only	https://doi.org/10.1145/3611643.3613892	P2	metadata_only; follow publisher access policy	blocked_or_unreadable	Lấy BibTeX/metadata chính thức để bổ sung tác giả, venue, năm xuất bản; không cào PDF ở giai đoạn này.
P0612	paper_metadata_only	https://aclanthology.org/2022.emnlp-main.605/	P2	metadata_only; follow publisher access policy	primary_title_identifier_confirmed	Lấy BibTeX/metadata chính thức để bổ sung tác giả, venue, năm xuất bản; không cào PDF ở giai đoạn này.
P0613	paper_metadata_only	https://aclanthology.org/2022.acl-long.417/	P2	metadata_only; follow publisher access policy	primary_title_identifier_confirmed	Lấy BibTeX/metadata chính thức để bổ sung tác giả, venue, năm xuất bản; không cào PDF ở giai đoạn này.
P0614	paper_metadata_only	https://aclanthology.org/2023.eacl-main.255/	P2	metadata_only; follow publisher access policy	primary_title_identifier_confirmed	Lấy BibTeX/metadata chính thức để bổ sung tác giả, venue, năm xuất bản; không cào PDF ở giai đoạn này.
P0615	paper_metadata_only	https://arxiv.org/abs/2311.08894	P2	metadata_only; follow publisher access policy	primary_title_identifier_confirmed	Lấy BibTeX/metadata chính thức để bổ sung tác giả, venue, năm xuất bản; không cào PDF ở giai đoạn này.
P0616	paper_metadata_only	https://doi.org/10.1109/ICSME55016.2022.00016	P2	metadata_only; follow publisher access policy	blocked_or_unreadable	Lấy BibTeX/metadata chính thức để bổ sung tác giả, venue, năm xuất bản; không cào PDF ở giai đoạn này.
P0617	paper_metadata_only	https://doi.org/10.1109/ASE51524.2021.9678724	P2	metadata_only; follow publisher access policy	blocked_or_unreadable	Lấy BibTeX/metadata chính thức để bổ sung tác giả, venue, năm xuất bản; không cào PDF ở giai đoạn này.
P0618	paper_metadata_only	https://arxiv.org/abs/2010.04459	P2	metadata_only; follow publisher access policy	primary_title_identifier_confirmed	Lấy BibTeX/metadata chính thức để bổ sung tác giả, venue, năm xuất bản; không cào PDF ở giai đoạn này.
P0619	paper_metadata_only	https://aclanthology.org/2022.emnlp-main.372/	P2	metadata_only; follow publisher access policy	primary_title_identifier_confirmed	Lấy BibTeX/metadata chính thức để bổ sung tác giả, venue, năm xuất bản; không cào PDF ở giai đoạn này.
P0620	paper_metadata_only	https://proceedings.neurips.cc/paper/2018/hash/cd17d3ce3b64f227987cd92cd701cc58-Abstract.html	P2	metadata_only; follow publisher access policy	primary_title_identifier_confirmed	Lấy BibTeX/metadata chính thức để bổ sung tác giả, venue, năm xuất bản; không cào PDF ở giai đoạn này.
P0621	paper_metadata_only	https://openreview.net/forum?id=XHc5zRPxqV9	P2	metadata_only; follow publisher access policy	blocked_or_unreadable	Lấy BibTeX/metadata chính thức để bổ sung tác giả, venue, năm xuất bản; không cào PDF ở giai đoạn này.
P0622	paper_metadata_only	https://doi.org/10.1145/3583780.3615150	P2	metadata_only; follow publisher access policy	blocked_or_unreadable	Lấy BibTeX/metadata chính thức để bổ sung tác giả, venue, năm xuất bản; không cào PDF ở giai đoạn này.
P0623	paper_metadata_only	https://arxiv.org/abs/2308.13259	P2	metadata_only; follow publisher access policy	primary_title_identifier_confirmed	Lấy BibTeX/metadata chính thức để bổ sung tác giả, venue, năm xuất bản; không cào PDF ở giai đoạn này.
P0624	paper_metadata_only	https://openreview.net/forum?id=TrjbxzRcnf-	P2	metadata_only; follow publisher access policy	blocked_or_unreadable	Lấy BibTeX/metadata chính thức để bổ sung tác giả, venue, năm xuất bản; không cào PDF ở giai đoạn này.
P0625	paper_metadata_only	https://arxiv.org/abs/2110.06176	P2	metadata_only; follow publisher access policy	primary_title_identifier_confirmed	Lấy BibTeX/metadata chính thức để bổ sung tác giả, venue, năm xuất bản; không cào PDF ở giai đoạn này.
P0626	paper_metadata_only	https://arxiv.org/abs/2305.01625	P2	metadata_only; follow publisher access policy	primary_title_identifier_confirmed	Lấy BibTeX/metadata chính thức để bổ sung tác giả, venue, năm xuất bản; không cào PDF ở giai đoạn này.
P0627	paper_metadata_only	https://arxiv.org/abs/2004.07202	P2	metadata_only; follow publisher access policy	primary_title_identifier_confirmed	Lấy BibTeX/metadata chính thức để bổ sung tác giả, venue, năm xuất bản; không cào PDF ở giai đoạn này.
P0628	paper_metadata_only	https://aclanthology.org/2023.findings-emnlp.90/	P2	metadata_only; follow publisher access policy	primary_title_identifier_confirmed	Lấy BibTeX/metadata chính thức để bổ sung tác giả, venue, năm xuất bản; không cào PDF ở giai đoạn này.
P0629	paper_metadata_only	https://doi.org/10.1145/3377811.3380383	P2	metadata_only; follow publisher access policy	blocked_or_unreadable	Lấy BibTeX/metadata chính thức để bổ sung tác giả, venue, năm xuất bản; không cào PDF ở giai đoạn này.
P0630	paper_metadata_only	https://arxiv.org/abs/2212.01349	P2	metadata_only; follow publisher access policy	primary_title_identifier_confirmed	Lấy BibTeX/metadata chính thức để bổ sung tác giả, venue, năm xuất bản; không cào PDF ở giai đoạn này.
P0631	paper_metadata_only	https://arxiv.org/abs/2311.08252	P2	metadata_only; follow publisher access policy	primary_title_identifier_confirmed	Lấy BibTeX/metadata chính thức để bổ sung tác giả, venue, năm xuất bản; không cào PDF ở giai đoạn này.
P0632	paper_metadata_only	https://arxiv.org/abs/2307.06962	P2	metadata_only; follow publisher access policy	primary_title_identifier_confirmed	Lấy BibTeX/metadata chính thức để bổ sung tác giả, venue, năm xuất bản; không cào PDF ở giai đoạn này.
P0633	paper_metadata_only	https://arxiv.org/abs/2402.17532	P2	metadata_only; follow publisher access policy	primary_title_identifier_confirmed	Lấy BibTeX/metadata chính thức để bổ sung tác giả, venue, năm xuất bản; không cào PDF ở giai đoạn này.
P0634	paper_metadata_only	https://aclanthology.org/2023.emnlp-main.585/	P2	metadata_only; follow publisher access policy	primary_title_identifier_confirmed	Lấy BibTeX/metadata chính thức để bổ sung tác giả, venue, năm xuất bản; không cào PDF ở giai đoạn này.
P0635	paper_metadata_only	https://openreview.net/forum?id=vDvFT7IX4O	P2	metadata_only; follow publisher access policy	blocked_or_unreadable	Lấy BibTeX/metadata chính thức để bổ sung tác giả, venue, năm xuất bản; không cào PDF ở giai đoạn này.
P0636	paper_metadata_only	https://aclanthology.org/2023.acl-long.99/	P2	metadata_only; follow publisher access policy	primary_title_identifier_confirmed	Lấy BibTeX/metadata chính thức để bổ sung tác giả, venue, năm xuất bản; không cào PDF ở giai đoạn này.
P0637	paper_metadata_only	https://arxiv.org/abs/2402.04333	P2	metadata_only; follow publisher access policy	primary_title_identifier_confirmed	Lấy BibTeX/metadata chính thức để bổ sung tác giả, venue, năm xuất bản; không cào PDF ở giai đoạn này.
P0638	paper_metadata_only	https://arxiv.org/abs/2305.03653	P2	metadata_only; follow publisher access policy	primary_title_identifier_confirmed	Lấy BibTeX/metadata chính thức để bổ sung tác giả, venue, năm xuất bản; không cào PDF ở giai đoạn này.
P0639	paper_metadata_only	https://arxiv.org/abs/2403.05313	P2	metadata_only; follow publisher access policy	primary_title_identifier_confirmed	Lấy BibTeX/metadata chính thức để bổ sung tác giả, venue, năm xuất bản; không cào PDF ở giai đoạn này.
P0640	paper_metadata_only	https://arxiv.org/abs/2210.03629	P2	metadata_only; follow publisher access policy	primary_title_identifier_confirmed	Lấy BibTeX/metadata chính thức để bổ sung tác giả, venue, năm xuất bản; không cào PDF ở giai đoạn này.
P0641	paper_metadata_only	https://arxiv.org/abs/2201.11903	P2	metadata_only; follow publisher access policy	primary_title_identifier_confirmed	Lấy BibTeX/metadata chính thức để bổ sung tác giả, venue, năm xuất bản; không cào PDF ở giai đoạn này.
P0642	paper_metadata_only	https://aclanthology.org/2023.findings-emnlp.86/	P2	metadata_only; follow publisher access policy	primary_title_identifier_confirmed	Lấy BibTeX/metadata chính thức để bổ sung tác giả, venue, năm xuất bản; không cào PDF ở giai đoạn này.
P0643	paper_metadata_only	https://arxiv.org/abs/2402.13547	P2	metadata_only; follow publisher access policy	primary_title_identifier_confirmed	Lấy BibTeX/metadata chính thức để bổ sung tác giả, venue, năm xuất bản; không cào PDF ở giai đoạn này.
P0644	paper_metadata_only	https://arxiv.org/abs/2402.10790	P2	metadata_only; follow publisher access policy	primary_title_identifier_confirmed	Lấy BibTeX/metadata chính thức để bổ sung tác giả, venue, năm xuất bản; không cào PDF ở giai đoạn này.
P0645	paper_metadata_only	https://arxiv.org/abs/2307.03172	P2	metadata_only; follow publisher access policy	primary_title_identifier_confirmed	Lấy BibTeX/metadata chính thức để bổ sung tác giả, venue, năm xuất bản; không cào PDF ở giai đoạn này.
P0646	paper_metadata_only	https://arxiv.org/abs/2309.07597	P2	metadata_only; follow publisher access policy	primary_title_identifier_confirmed	Lấy BibTeX/metadata chính thức để bổ sung tác giả, venue, năm xuất bản; không cào PDF ở giai đoạn này.
P0647	paper_metadata_only	https://arxiv.org/abs/2402.03216	P2	metadata_only; follow publisher access policy	primary_title_identifier_confirmed	Lấy BibTeX/metadata chính thức để bổ sung tác giả, venue, năm xuất bản; không cào PDF ở giai đoạn này.
P0648	paper_metadata_only	https://arxiv.org/abs/2311.13534	P2	metadata_only; follow publisher access policy	primary_title_identifier_confirmed	Lấy BibTeX/metadata chính thức để bổ sung tác giả, venue, năm xuất bản; không cào PDF ở giai đoạn này.
P0649	paper_metadata_only	https://arxiv.org/abs/2310.07554	P2	metadata_only; follow publisher access policy	primary_title_identifier_confirmed	Lấy BibTeX/metadata chính thức để bổ sung tác giả, venue, năm xuất bản; không cào PDF ở giai đoạn này.
P0650	paper_metadata_only	https://aclanthology.org/2022.findings-emnlp.21/	P2	metadata_only; follow publisher access policy	primary_title_identifier_confirmed	Lấy BibTeX/metadata chính thức để bổ sung tác giả, venue, năm xuất bản; không cào PDF ở giai đoạn này.
P0651	paper_metadata_only	https://openreview.net/forum?id=KmtVD97J43e	P2	metadata_only; follow publisher access policy	blocked_or_unreadable	Lấy BibTeX/metadata chính thức để bổ sung tác giả, venue, năm xuất bản; không cào PDF ở giai đoạn này.
P0652	paper_metadata_only	https://arxiv.org/abs/2401.06800	P2	metadata_only; follow publisher access policy	primary_title_identifier_confirmed	Lấy BibTeX/metadata chính thức để bổ sung tác giả, venue, năm xuất bản; không cào PDF ở giai đoạn này.
P0653	paper_metadata_only	https://doi.org/10.1145/3611643.3616256	P2	metadata_only; follow publisher access policy	blocked_or_unreadable	Lấy BibTeX/metadata chính thức để bổ sung tác giả, venue, năm xuất bản; không cào PDF ở giai đoạn này.
P0654	paper_metadata_only	https://aclanthology.org/2023.ijcnlp-main.65/	P2	metadata_only; follow publisher access policy	primary_title_identifier_confirmed	Lấy BibTeX/metadata chính thức để bổ sung tác giả, venue, năm xuất bản; không cào PDF ở giai đoạn này.
P0655	paper_metadata_only	https://arxiv.org/abs/2401.13256	P2	metadata_only; follow publisher access policy	primary_title_identifier_confirmed	Lấy BibTeX/metadata chính thức để bổ sung tác giả, venue, năm xuất bản; không cào PDF ở giai đoạn này.
P0656	paper_metadata_only	https://aclanthology.org/2022.naacl-main.194/	P2	metadata_only; follow publisher access policy	primary_title_identifier_confirmed	Lấy BibTeX/metadata chính thức để bổ sung tác giả, venue, năm xuất bản; không cào PDF ở giai đoạn này.
P0657	paper_metadata_only	https://arxiv.org/abs/2303.17780	P2	metadata_only; follow publisher access policy	primary_title_identifier_confirmed	Lấy BibTeX/metadata chính thức để bổ sung tác giả, venue, năm xuất bản; không cào PDF ở giai đoạn này.
P0658	paper_metadata_only	https://aclanthology.org/2022.findings-emnlp.384/	P2	metadata_only; follow publisher access policy	primary_title_identifier_confirmed	Lấy BibTeX/metadata chính thức để bổ sung tác giả, venue, năm xuất bản; không cào PDF ở giai đoạn này.
P0659	paper_metadata_only	https://arxiv.org/abs/2402.17081	P2	metadata_only; follow publisher access policy	primary_title_identifier_confirmed	Lấy BibTeX/metadata chính thức để bổ sung tác giả, venue, năm xuất bản; không cào PDF ở giai đoạn này.
P0660	paper_metadata_only	https://arxiv.org/abs/2303.00807	P2	metadata_only; follow publisher access policy	primary_title_identifier_confirmed	Lấy BibTeX/metadata chính thức để bổ sung tác giả, venue, năm xuất bản; không cào PDF ở giai đoạn này.
P0661	paper_metadata_only	https://arxiv.org/abs/2310.20158	P2	metadata_only; follow publisher access policy	primary_title_identifier_confirmed	Lấy BibTeX/metadata chính thức để bổ sung tác giả, venue, năm xuất bản; không cào PDF ở giai đoạn này.
P0662	paper_metadata_only	https://arxiv.org/abs/2209.10063	P2	metadata_only; follow publisher access policy	primary_title_identifier_confirmed	Lấy BibTeX/metadata chính thức để bổ sung tác giả, venue, năm xuất bản; không cào PDF ở giai đoạn này.
P0663	paper_metadata_only	https://arxiv.org/abs/2307.11278	P2	metadata_only; follow publisher access policy	primary_title_identifier_confirmed	Lấy BibTeX/metadata chính thức để bổ sung tác giả, venue, năm xuất bản; không cào PDF ở giai đoạn này.
P0664	paper_metadata_only	https://arxiv.org/abs/2310.06117	P2	metadata_only; follow publisher access policy	primary_title_identifier_confirmed	Lấy BibTeX/metadata chính thức để bổ sung tác giả, venue, năm xuất bản; không cào PDF ở giai đoạn này.
P0665	paper_metadata_only	https://arxiv.org/abs/2302.12246	P2	metadata_only; follow publisher access policy	primary_title_identifier_confirmed	Lấy BibTeX/metadata chính thức để bổ sung tác giả, venue, năm xuất bản; không cào PDF ở giai đoạn này.
P0666	paper_metadata_only	https://aclanthology.org/2023.emnlp-main.825/	P2	metadata_only; follow publisher access policy	primary_title_identifier_confirmed	Lấy BibTeX/metadata chính thức để bổ sung tác giả, venue, năm xuất bản; không cào PDF ở giai đoạn này.
P0667	paper_metadata_only	https://arxiv.org/abs/2304.06815	P2	metadata_only; follow publisher access policy	primary_title_identifier_confirmed	Lấy BibTeX/metadata chính thức để bổ sung tác giả, venue, năm xuất bản; không cào PDF ở giai đoạn này.
P0668	paper_metadata_only	https://arxiv.org/abs/2203.13474	P2	metadata_only; follow publisher access policy	primary_title_identifier_confirmed	Lấy BibTeX/metadata chính thức để bổ sung tác giả, venue, năm xuất bản; không cào PDF ở giai đoạn này.
P0669	paper_metadata_only	https://arxiv.org/abs/2106.09685	P2	metadata_only; follow publisher access policy	primary_title_identifier_confirmed	Lấy BibTeX/metadata chính thức để bổ sung tác giả, venue, năm xuất bản; không cào PDF ở giai đoạn này.
P0670	paper_metadata_only	https://arxiv.org/abs/2306.06490	P2	metadata_only; follow publisher access policy	primary_title_identifier_confirmed	Lấy BibTeX/metadata chính thức để bổ sung tác giả, venue, năm xuất bản; không cào PDF ở giai đoạn này.
P0671	paper_metadata_only	https://ojs.aaai.org/index.php/AAAI/article/view/25642	P2	metadata_only; follow publisher access policy	primary_title_identifier_confirmed	Lấy BibTeX/metadata chính thức để bổ sung tác giả, venue, năm xuất bản; không cào PDF ở giai đoạn này.
P0672	paper_metadata_only	https://aclanthology.org/2021.emnlp-main.755/	P2	metadata_only; follow publisher access policy	primary_title_identifier_confirmed	Lấy BibTeX/metadata chính thức để bổ sung tác giả, venue, năm xuất bản; không cào PDF ở giai đoạn này.
P0673	paper_metadata_only	https://doi.org/10.1162/tacl_a_00407	P2	metadata_only; follow publisher access policy	blocked_or_unreadable	Lấy BibTeX/metadata chính thức để bổ sung tác giả, venue, năm xuất bản; không cào PDF ở giai đoạn này.
P0674	paper_metadata_only	https://proceedings.mlr.press/v202/kandpal23a.html	P2	metadata_only; follow publisher access policy	primary_title_identifier_confirmed	Lấy BibTeX/metadata chính thức để bổ sung tác giả, venue, năm xuất bản; không cào PDF ở giai đoạn này.
P0675	paper_metadata_only	https://arxiv.org/abs/2307.11019	P2	metadata_only; follow publisher access policy	primary_title_identifier_confirmed	Lấy BibTeX/metadata chính thức để bổ sung tác giả, venue, năm xuất bản; không cào PDF ở giai đoạn này.
P0676	paper_metadata_only	https://aclanthology.org/2023.findings-emnlp.691/	P2	metadata_only; follow publisher access policy	primary_title_identifier_confirmed	Lấy BibTeX/metadata chính thức để bổ sung tác giả, venue, năm xuất bản; không cào PDF ở giai đoạn này.
P0677	paper_metadata_only	https://arxiv.org/abs/2402.10612	P2	metadata_only; follow publisher access policy	primary_title_identifier_confirmed	Lấy BibTeX/metadata chính thức để bổ sung tác giả, venue, năm xuất bản; không cào PDF ở giai đoạn này.
P0678	paper_metadata_only	https://arxiv.org/abs/2403.14403	P2	metadata_only; follow publisher access policy	primary_title_identifier_confirmed	Lấy BibTeX/metadata chính thức để bổ sung tác giả, venue, năm xuất bản; không cào PDF ở giai đoạn này.
P0679	paper_metadata_only	https://aclanthology.org/2023.emnlp-main.151/	P2	metadata_only; follow publisher access policy	primary_title_identifier_confirmed	Lấy BibTeX/metadata chính thức để bổ sung tác giả, venue, năm xuất bản; không cào PDF ở giai đoạn này.
P0680	paper_metadata_only	https://arxiv.org/abs/2010.12688	P2	metadata_only; follow publisher access policy	primary_title_identifier_confirmed	Lấy BibTeX/metadata chính thức để bổ sung tác giả, venue, năm xuất bản; không cào PDF ở giai đoạn này.
P0681	paper_metadata_only	https://arxiv.org/abs/2306.04136	P2	metadata_only; follow publisher access policy	primary_title_identifier_confirmed	Lấy BibTeX/metadata chính thức để bổ sung tác giả, venue, năm xuất bản; không cào PDF ở giai đoạn này.
P0682	paper_metadata_only	https://aclanthology.org/2022.findings-naacl.165/	P2	metadata_only; follow publisher access policy	primary_title_identifier_confirmed	Lấy BibTeX/metadata chính thức để bổ sung tác giả, venue, năm xuất bản; không cào PDF ở giai đoạn này.
P0683	paper_metadata_only	https://aclanthology.org/2023.findings-acl.401/	P2	metadata_only; follow publisher access policy	primary_title_identifier_confirmed	Lấy BibTeX/metadata chính thức để bổ sung tác giả, venue, năm xuất bản; không cào PDF ở giai đoạn này.
P0684	paper_metadata_only	https://arxiv.org/abs/2311.04177	P2	metadata_only; follow publisher access policy	primary_title_identifier_confirmed	Lấy BibTeX/metadata chính thức để bổ sung tác giả, venue, năm xuất bản; không cào PDF ở giai đoạn này.
P0685	paper_metadata_only	https://aclanthology.org/2022.coling-1.86/	P2	metadata_only; follow publisher access policy	primary_title_identifier_confirmed	Lấy BibTeX/metadata chính thức để bổ sung tác giả, venue, năm xuất bản; không cào PDF ở giai đoạn này.
P0686	paper_metadata_only	https://ojs.aaai.org/index.php/AAAI/article/view/16796	P2	metadata_only; follow publisher access policy	primary_title_identifier_confirmed	Lấy BibTeX/metadata chính thức để bổ sung tác giả, venue, năm xuất bản; không cào PDF ở giai đoạn này.
P0687	paper_metadata_only	https://arxiv.org/abs/2402.11782	P2	metadata_only; follow publisher access policy	primary_title_identifier_confirmed	Lấy BibTeX/metadata chính thức để bổ sung tác giả, venue, năm xuất bản; không cào PDF ở giai đoạn này.
P0688	paper_metadata_only	https://aclanthology.org/2020.acl-main.184/	P2	metadata_only; follow publisher access policy	primary_title_identifier_confirmed	Lấy BibTeX/metadata chính thức để bổ sung tác giả, venue, năm xuất bản; không cào PDF ở giai đoạn này.
P0689	paper_metadata_only	https://aclanthology.org/N19-1124/	P2	metadata_only; follow publisher access policy	primary_title_identifier_confirmed	Lấy BibTeX/metadata chính thức để bổ sung tác giả, venue, năm xuất bản; không cào PDF ở giai đoạn này.
P0690	paper_metadata_only	https://aclanthology.org/2021.findings-emnlp.33/	P2	metadata_only; follow publisher access policy	primary_title_identifier_confirmed	Lấy BibTeX/metadata chính thức để bổ sung tác giả, venue, năm xuất bản; không cào PDF ở giai đoạn này.
P0691	paper_metadata_only	https://openreview.net/forum?id=KLPLCXo4aD	P2	metadata_only; follow publisher access policy	blocked_or_unreadable	Lấy BibTeX/metadata chính thức để bổ sung tác giả, venue, năm xuất bản; không cào PDF ở giai đoạn này.
P0692	paper_metadata_only	https://aclanthology.org/2023.findings-acl.528/	P2	metadata_only; follow publisher access policy	primary_title_identifier_confirmed	Lấy BibTeX/metadata chính thức để bổ sung tác giả, venue, năm xuất bản; không cào PDF ở giai đoạn này.
P0693	paper_metadata_only	https://arxiv.org/abs/2402.16063	P2	metadata_only; follow publisher access policy	primary_title_identifier_confirmed	Lấy BibTeX/metadata chính thức để bổ sung tác giả, venue, năm xuất bản; không cào PDF ở giai đoạn này.
P0694	paper_metadata_only	https://aclanthology.org/2022.emnlp-main.307/	P2	metadata_only; follow publisher access policy	primary_title_identifier_confirmed	Lấy BibTeX/metadata chính thức để bổ sung tác giả, venue, năm xuất bản; không cào PDF ở giai đoạn này.
P0695	paper_metadata_only	https://aclanthology.org/D18-1111/	P2	metadata_only; follow publisher access policy	primary_title_identifier_confirmed	Lấy BibTeX/metadata chính thức để bổ sung tác giả, venue, năm xuất bản; không cào PDF ở giai đoạn này.
P0696	paper_metadata_only	https://aclanthology.org/2021.findings-emnlp.232/	P2	metadata_only; follow publisher access policy	primary_title_identifier_confirmed	Lấy BibTeX/metadata chính thức để bổ sung tác giả, venue, năm xuất bản; không cào PDF ở giai đoạn này.
P0697	paper_metadata_only	https://ieeexplore.ieee.org/document/9744513/	P1	metadata_only; follow publisher access policy	blocked_or_unreadable	Lấy BibTeX/metadata chính thức để bổ sung tác giả, venue, năm xuất bản; không cào PDF ở giai đoạn này.
P0698	paper_metadata_only	https://doi.org/10.1145/3534678.3539106	P1	metadata_only; follow publisher access policy	blocked_or_unreadable	Lấy BibTeX/metadata chính thức để bổ sung tác giả, venue, năm xuất bản; không cào PDF ở giai đoạn này.
P0699	paper_metadata_only	https://netman.aiops.org/wp-content/uploads/2023/02/TraceVAE.pdf	P1	metadata_only; follow publisher access policy	primary_title_identifier_confirmed	Lấy BibTeX/metadata chính thức để bổ sung tác giả, venue, năm xuất bản; không cào PDF ở giai đoạn này.
P0700	paper_metadata_only	https://cspengxin.github.io/publications/icse22-DeepTraLog.pdf	P1	metadata_only; follow publisher access policy	primary_title_identifier_confirmed	Lấy BibTeX/metadata chính thức để bổ sung tác giả, venue, năm xuất bản; không cào PDF ở giai đoạn này.
P0701	paper_metadata_only	https://arxiv.org/abs/1802.04431	P1	metadata_only; follow publisher access policy	primary_title_identifier_confirmed	Lấy BibTeX/metadata chính thức để bổ sung tác giả, venue, năm xuất bản; không cào PDF ở giai đoạn này.
P0702	paper_metadata_only	https://doi.org/10.1145/3485447.3511984	P1	metadata_only; follow publisher access policy	blocked_or_unreadable	Lấy BibTeX/metadata chính thức để bổ sung tác giả, venue, năm xuất bản; không cào PDF ở giai đoạn này.
P0703	paper_metadata_only	https://dbgroup.cs.tsinghua.edu.cn/ligl/papers/sigmod20-outlier.pdf	P1	metadata_only; follow publisher access policy	primary_title_identifier_confirmed	Lấy BibTeX/metadata chính thức để bổ sung tác giả, venue, năm xuất bản; không cào PDF ở giai đoạn này.
P0704	paper_metadata_only	https://ieeexplore.ieee.org/document/9401970	P1	metadata_only; follow publisher access policy	blocked_or_unreadable	Lấy BibTeX/metadata chính thức để bổ sung tác giả, venue, năm xuất bản; không cào PDF ở giai đoạn này.
P0705	paper_metadata_only	https://ojs.aaai.org/index.php/AAAI/article/view/30312	P1	metadata_only; follow publisher access policy	blocked_or_unreadable	Lấy BibTeX/metadata chính thức để bổ sung tác giả, venue, năm xuất bản; không cào PDF ở giai đoạn này.
P0706	paper_metadata_only	https://ieeexplore.ieee.org/document/10184680	P1	metadata_only; follow publisher access policy	blocked_or_unreadable	Lấy BibTeX/metadata chính thức để bổ sung tác giả, venue, năm xuất bản; không cào PDF ở giai đoạn này.
P0707	paper_metadata_only	https://arxiv.org/abs/2306.01977	P1	metadata_only; follow publisher access policy	primary_title_identifier_confirmed	Lấy BibTeX/metadata chính thức để bổ sung tác giả, venue, năm xuất bản; không cào PDF ở giai đoạn này.
P0708	paper_metadata_only	https://yuxiaoba.github.io/publication/tsinvarnet22/tsInvarNet22.pdf	P1	metadata_only; follow publisher access policy	blocked_or_unreadable	Lấy BibTeX/metadata chính thức để bổ sung tác giả, venue, năm xuất bản; không cào PDF ở giai đoạn này.
P0709	paper_metadata_only	https://doi.org/10.1145/3452296.3472901	P1	metadata_only; follow publisher access policy	blocked_or_unreadable	Lấy BibTeX/metadata chính thức để bổ sung tác giả, venue, năm xuất bản; không cào PDF ở giai đoạn này.
P0710	paper_metadata_only	https://ieeexplore.ieee.org/document/9228885	P1	metadata_only; follow publisher access policy	primary_title_identifier_confirmed	Lấy BibTeX/metadata chính thức để bổ sung tác giả, venue, năm xuất bản; không cào PDF ở giai đoạn này.
P0711	paper_metadata_only	https://www.usenix.org/system/files/atc21-ma.pdf	P1	metadata_only; follow publisher access policy	blocked_or_unreadable	Lấy BibTeX/metadata chính thức để bổ sung tác giả, venue, năm xuất bản; không cào PDF ở giai đoạn này.
P0712	paper_metadata_only	https://doi.org/10.1145/3394486.3403392	P1	metadata_only; follow publisher access policy	blocked_or_unreadable	Lấy BibTeX/metadata chính thức để bổ sung tác giả, venue, năm xuất bản; không cào PDF ở giai đoạn này.
P0713	paper_metadata_only	https://proceedings.mlr.press/v48/guha16.pdf	P1	metadata_only; follow publisher access policy	primary_title_identifier_confirmed	Lấy BibTeX/metadata chính thức để bổ sung tác giả, venue, năm xuất bản; không cào PDF ở giai đoạn này.
P0714	paper_metadata_only	https://conferences2.sigcomm.org/co-next/2015/img/papers/conext15-final2.pdf	P1	metadata_only; follow publisher access policy	pdf_readable_title_pending	Lấy BibTeX/metadata chính thức để bổ sung tác giả, venue, năm xuất bản; không cào PDF ở giai đoạn này.
P0715	paper_metadata_only	https://www.cs.utexas.edu/~yzhang/papers/prism-conext11.pdf	P1	metadata_only; follow publisher access policy	pdf_readable_title_pending	Lấy BibTeX/metadata chính thức để bổ sung tác giả, venue, năm xuất bản; không cào PDF ở giai đoạn này.
P0716	paper_metadata_only	https://www.cs.utexas.edu/~yzhang/papers/mercury-sigc10.pdf	P1	metadata_only; follow publisher access policy	pdf_readable_title_pending	Lấy BibTeX/metadata chính thức để bổ sung tác giả, venue, năm xuất bản; không cào PDF ở giai đoạn này.
P0717	paper_metadata_only	https://doi.org/10.1145/3540250.3549146	P1	metadata_only; follow publisher access policy	blocked_or_unreadable	Lấy BibTeX/metadata chính thức để bổ sung tác giả, venue, năm xuất bản; không cào PDF ở giai đoạn này.
P0718	paper_metadata_only	https://ieeexplore.ieee.org/document/9251058	P1	metadata_only; follow publisher access policy	blocked_or_unreadable	Lấy BibTeX/metadata chính thức để bổ sung tác giả, venue, năm xuất bản; không cào PDF ở giai đoạn này.
P0719	paper_metadata_only	https://dbgroup.cs.tsinghua.edu.cn/ligl/papers/anomaly-detection-sigmod2022.pdf	P1	metadata_only; follow publisher access policy	primary_title_identifier_confirmed	Lấy BibTeX/metadata chính thức để bổ sung tác giả, venue, năm xuất bản; không cào PDF ở giai đoạn này.
P0720	paper_metadata_only	https://doi.org/10.1145/3492321.3519566	P1	metadata_only; follow publisher access policy	blocked_or_unreadable	Lấy BibTeX/metadata chính thức để bổ sung tác giả, venue, năm xuất bản; không cào PDF ở giai đoạn này.
P0721	paper_metadata_only	https://ieeexplore.ieee.org/document/9505163	P1	metadata_only; follow publisher access policy	blocked_or_unreadable	Lấy BibTeX/metadata chính thức để bổ sung tác giả, venue, năm xuất bản; không cào PDF ở giai đoạn này.
P0722	paper_metadata_only	https://www.usenix.org/conference/nsdi20/presentation/li	P1	metadata_only; follow publisher access policy	primary_title_identifier_confirmed	Lấy BibTeX/metadata chính thức để bổ sung tác giả, venue, năm xuất bản; không cào PDF ở giai đoạn này.
P0723	paper_metadata_only	https://arxiv.org/abs/2207.02918	P1	metadata_only; follow publisher access policy	primary_title_identifier_confirmed	Lấy BibTeX/metadata chính thức để bổ sung tác giả, venue, năm xuất bản; không cào PDF ở giai đoạn này.
P0724	paper_metadata_only	https://doi.org/10.1145/3468264.3468543	P1	metadata_only; follow publisher access policy	blocked_or_unreadable	Lấy BibTeX/metadata chính thức để bổ sung tác giả, venue, năm xuất bản; không cào PDF ở giai đoạn này.
P0725	paper_metadata_only	https://www.usenix.org/conference/fast23/presentation/lu	P1	metadata_only; follow publisher access policy	primary_title_identifier_confirmed	Lấy BibTeX/metadata chính thức để bổ sung tác giả, venue, năm xuất bản; không cào PDF ở giai đoạn này.
P0726	paper_metadata_only	https://www.usenix.org/system/files/atc19-panda_0.pdf	P1	metadata_only; follow publisher access policy	primary_title_identifier_confirmed	Lấy BibTeX/metadata chính thức để bổ sung tác giả, venue, năm xuất bản; không cào PDF ở giai đoạn này.
P0727	paper_metadata_only	https://arxiv.org/abs/2109.05257	P1	metadata_only; follow publisher access policy	primary_title_identifier_confirmed	Lấy BibTeX/metadata chính thức để bổ sung tác giả, venue, năm xuất bản; không cào PDF ở giai đoạn này.
P0728	paper_metadata_only	https://arxiv.org/abs/2308.07107	P2	metadata_only; follow publisher access policy	primary_title_identifier_confirmed	Lấy BibTeX/metadata chính thức để bổ sung tác giả, venue, năm xuất bản; không cào PDF ở giai đoạn này.
P0729	paper_metadata_only	https://arxiv.org/abs/2305.07477	P2	metadata_only; follow publisher access policy	primary_title_identifier_confirmed	Lấy BibTeX/metadata chính thức để bổ sung tác giả, venue, năm xuất bản; không cào PDF ở giai đoạn này.
P0730	paper_metadata_only	https://arxiv.org/abs/2304.13157	P2	metadata_only; follow publisher access policy	primary_title_identifier_confirmed	Lấy BibTeX/metadata chính thức để bổ sung tác giả, venue, năm xuất bản; không cào PDF ở giai đoạn này.
P0731	paper_metadata_only	https://arxiv.org/abs/2306.09938	P2	metadata_only; follow publisher access policy	primary_title_identifier_confirmed	Lấy BibTeX/metadata chính thức để bổ sung tác giả, venue, năm xuất bản; không cào PDF ở giai đoạn này.
P0732	paper_metadata_only	https://arxiv.org/abs/2304.14233	P2	metadata_only; follow publisher access policy	primary_title_identifier_confirmed	Lấy BibTeX/metadata chính thức để bổ sung tác giả, venue, năm xuất bản; không cào PDF ở giai đoạn này.
P0733	paper_metadata_only	https://aclanthology.org/2023.findings-emnlp.398/	P2	metadata_only; follow publisher access policy	primary_title_identifier_confirmed	Lấy BibTeX/metadata chính thức để bổ sung tác giả, venue, năm xuất bản; không cào PDF ở giai đoạn này.
P0734	paper_metadata_only	https://arxiv.org/abs/2501.17981	P2	metadata_only; follow publisher access policy	primary_title_identifier_confirmed	Lấy BibTeX/metadata chính thức để bổ sung tác giả, venue, năm xuất bản; không cào PDF ở giai đoạn này.
P0735	paper_metadata_only	https://aclanthology.org/2024.eacl-short.34/	P2	metadata_only; follow publisher access policy	primary_title_identifier_confirmed	Lấy BibTeX/metadata chính thức để bổ sung tác giả, venue, năm xuất bản; không cào PDF ở giai đoạn này.
P0736	paper_metadata_only	https://arxiv.org/abs/2311.09175	P2	metadata_only; follow publisher access policy	primary_title_identifier_confirmed	Lấy BibTeX/metadata chính thức để bổ sung tác giả, venue, năm xuất bản; không cào PDF ở giai đoạn này.
P0737	paper_metadata_only	https://arxiv.org/abs/2404.01012	P2	metadata_only; follow publisher access policy	primary_title_identifier_confirmed	Lấy BibTeX/metadata chính thức để bổ sung tác giả, venue, năm xuất bản; không cào PDF ở giai đoạn này.
P0738	paper_metadata_only	https://arxiv.org/abs/2405.14431	P2	metadata_only; follow publisher access policy	primary_title_identifier_confirmed	Lấy BibTeX/metadata chính thức để bổ sung tác giả, venue, năm xuất bản; không cào PDF ở giai đoạn này.
P0739	paper_metadata_only	https://arxiv.org/abs/2407.12529	P2	metadata_only; follow publisher access policy	primary_title_identifier_confirmed	Lấy BibTeX/metadata chính thức để bổ sung tác giả, venue, năm xuất bản; không cào PDF ở giai đoạn này.
P0740	paper_metadata_only	https://arxiv.org/abs/2305.14283	P2	metadata_only; follow publisher access policy	primary_title_identifier_confirmed	Lấy BibTeX/metadata chính thức để bổ sung tác giả, venue, năm xuất bản; không cào PDF ở giai đoạn này.
P0741	paper_metadata_only	https://aclanthology.org/2022.emnlp-industry.50/	P2	metadata_only; follow publisher access policy	primary_title_identifier_confirmed	Lấy BibTeX/metadata chính thức để bổ sung tác giả, venue, năm xuất bản; không cào PDF ở giai đoạn này.
P0742	paper_metadata_only	https://arxiv.org/abs/2305.07402	P2	metadata_only; follow publisher access policy	primary_title_identifier_confirmed	Lấy BibTeX/metadata chính thức để bổ sung tác giả, venue, năm xuất bản; không cào PDF ở giai đoạn này.
P0743	paper_metadata_only	https://arxiv.org/abs/2202.05144	P2	metadata_only; follow publisher access policy	primary_title_identifier_confirmed	Lấy BibTeX/metadata chính thức để bổ sung tác giả, venue, năm xuất bản; không cào PDF ở giai đoạn này.
P0744	paper_metadata_only	https://arxiv.org/abs/2308.08285	P2	metadata_only; follow publisher access policy	primary_title_identifier_confirmed	Lấy BibTeX/metadata chính thức để bổ sung tác giả, venue, năm xuất bản; không cào PDF ở giai đoạn này.
P0745	paper_metadata_only	https://arxiv.org/abs/2301.01820	P2	metadata_only; follow publisher access policy	primary_title_identifier_confirmed	Lấy BibTeX/metadata chính thức để bổ sung tác giả, venue, năm xuất bản; không cào PDF ở giai đoạn này.
P0746	paper_metadata_only	https://arxiv.org/abs/2212.08841	P2	metadata_only; follow publisher access policy	primary_title_identifier_confirmed	Lấy BibTeX/metadata chính thức để bổ sung tác giả, venue, năm xuất bản; không cào PDF ở giai đoạn này.
P0747	paper_metadata_only	https://arxiv.org/abs/2307.08303	P2	metadata_only; follow publisher access policy	primary_title_identifier_confirmed	Lấy BibTeX/metadata chính thức để bổ sung tác giả, venue, năm xuất bản; không cào PDF ở giai đoạn này.
P0748	paper_metadata_only	https://aclanthology.org/2023.sigdial-1.34/	P2	metadata_only; follow publisher access policy	primary_title_identifier_confirmed	Lấy BibTeX/metadata chính thức để bổ sung tác giả, venue, năm xuất bản; không cào PDF ở giai đoạn này.
P0749	paper_metadata_only	https://arxiv.org/abs/2311.05800	P2	metadata_only; follow publisher access policy	primary_title_identifier_confirmed	Lấy BibTeX/metadata chính thức để bổ sung tác giả, venue, năm xuất bản; không cào PDF ở giai đoạn này.
P0750	paper_metadata_only	https://arxiv.org/abs/2310.07289	P2	metadata_only; follow publisher access policy	primary_title_identifier_confirmed	Lấy BibTeX/metadata chính thức để bổ sung tác giả, venue, năm xuất bản; không cào PDF ở giai đoạn này.
P0751	paper_metadata_only	https://arxiv.org/abs/2403.20327	P2	metadata_only; follow publisher access policy	primary_title_identifier_confirmed	Lấy BibTeX/metadata chính thức để bổ sung tác giả, venue, năm xuất bản; không cào PDF ở giai đoạn này.
P0752	paper_metadata_only	https://aclanthology.org/2024.acl-long.642/	P2	metadata_only; follow publisher access policy	primary_title_identifier_confirmed	Lấy BibTeX/metadata chính thức để bổ sung tác giả, venue, năm xuất bản; không cào PDF ở giai đoạn này.
P0753	paper_metadata_only	https://arxiv.org/abs/2310.08319	P2	metadata_only; follow publisher access policy	primary_title_identifier_confirmed	Lấy BibTeX/metadata chính thức để bổ sung tác giả, venue, năm xuất bản; không cào PDF ở giai đoạn này.
P0754	paper_metadata_only	https://aclanthology.org/2023.findings-acl.225/	P2	metadata_only; follow publisher access policy	primary_title_identifier_confirmed	Lấy BibTeX/metadata chính thức để bổ sung tác giả, venue, năm xuất bản; không cào PDF ở giai đoạn này.
P0755	paper_metadata_only	https://aclanthology.org/2023.findings-acl.167/	P2	metadata_only; follow publisher access policy	primary_title_identifier_confirmed	Lấy BibTeX/metadata chính thức để bổ sung tác giả, venue, năm xuất bản; không cào PDF ở giai đoạn này.
P0756	paper_metadata_only	https://arxiv.org/abs/2404.13556	P2	metadata_only; follow publisher access policy	primary_title_identifier_confirmed	Lấy BibTeX/metadata chính thức để bổ sung tác giả, venue, năm xuất bản; không cào PDF ở giai đoạn này.
P0757	paper_metadata_only	https://arxiv.org/abs/2412.17015	P1	metadata_only; follow publisher access policy	primary_title_identifier_confirmed	Lấy BibTeX/metadata chính thức để bổ sung tác giả, venue, năm xuất bản; không cào PDF ở giai đoạn này.
P0758	paper_metadata_only	https://arxiv.org/abs/2606.27154	P1	metadata_only; follow publisher access policy	primary_title_identifier_confirmed	Lấy BibTeX/metadata chính thức để bổ sung tác giả, venue, năm xuất bản; không cào PDF ở giai đoạn này.
P0759	paper_metadata_only	https://arxiv.org/abs/2406.05375	P1	metadata_only; follow publisher access policy	primary_title_identifier_confirmed	Lấy BibTeX/metadata chính thức để bổ sung tác giả, venue, năm xuất bản; không cào PDF ở giai đoạn này.
P0760	paper_metadata_only	https://arxiv.org/abs/2607.13548	P1	metadata_only; follow publisher access policy	blocked_or_unreadable	Lấy BibTeX/metadata chính thức để bổ sung tác giả, venue, năm xuất bản; không cào PDF ở giai đoạn này.
P0761	paper_metadata_only	https://arxiv.org/abs/2311.09476	P2	metadata_only; follow publisher access policy	primary_title_identifier_confirmed	Lấy BibTeX/metadata chính thức để bổ sung tác giả, venue, năm xuất bản; không cào PDF ở giai đoạn này.
P0762	paper_metadata_only	https://arxiv.org/abs/2405.07437	P2	metadata_only; follow publisher access policy	primary_title_identifier_confirmed	Lấy BibTeX/metadata chính thức để bổ sung tác giả, venue, năm xuất bản; không cào PDF ở giai đoạn này.
P0763	paper_metadata_only	https://arxiv.org/abs/2504.14891	P2	metadata_only; follow publisher access policy	primary_title_identifier_confirmed	Lấy BibTeX/metadata chính thức để bổ sung tác giả, venue, năm xuất bản; không cào PDF ở giai đoạn này.
P0764	paper_metadata_only	https://arxiv.org/abs/2501.09136	P2	metadata_only; follow publisher access policy	primary_title_identifier_confirmed	Lấy BibTeX/metadata chính thức để bổ sung tác giả, venue, năm xuất bản; không cào PDF ở giai đoạn này.
P0765	paper_metadata_only	https://ieeexplore.ieee.org/document/10552111	P1	metadata_only; follow publisher access policy	blocked_or_unreadable	Lấy BibTeX/metadata chính thức để bổ sung tác giả, venue, năm xuất bản; không cào PDF ở giai đoạn này.
P0766	paper_metadata_only	https://doi.org/10.1145/3580305.3599902	P1	metadata_only; follow publisher access policy	blocked_or_unreadable	Lấy BibTeX/metadata chính thức để bổ sung tác giả, venue, năm xuất bản; không cào PDF ở giai đoạn này.
P0767	paper_metadata_only	https://arxiv.org/abs/2604.13522	P1	metadata_only; follow publisher access policy	primary_title_identifier_confirmed	Lấy BibTeX/metadata chính thức để bổ sung tác giả, venue, năm xuất bản; không cào PDF ở giai đoạn này.
P0768	paper_metadata_only	https://arxiv.org/abs/2601.21359	P1	metadata_only; follow publisher access policy	primary_title_identifier_confirmed	Lấy BibTeX/metadata chính thức để bổ sung tác giả, venue, năm xuất bản; không cào PDF ở giai đoạn này.
P0769	paper_metadata_only	https://openreview.net/forum?id=l11DZY5Nxu	P1	metadata_only; follow publisher access policy	blocked_or_unreadable	Lấy BibTeX/metadata chính thức để bổ sung tác giả, venue, năm xuất bản; không cào PDF ở giai đoạn này.
P0770	paper_metadata_only	https://doi.org/10.1145/3674726	P1	metadata_only; follow publisher access policy	blocked_or_unreadable	Lấy BibTeX/metadata chính thức để bổ sung tác giả, venue, năm xuất bản; không cào PDF ở giai đoạn này.
P0771	paper_metadata_only	https://doi.org/10.1145/3603269.3604823	P1	metadata_only; follow publisher access policy	blocked_or_unreadable	Lấy BibTeX/metadata chính thức để bổ sung tác giả, venue, năm xuất bản; không cào PDF ở giai đoạn này.
P0772	paper_metadata_only	https://nkcs.iops.ai/wp-content/uploads/2025/01/AIOpsArena.pdf	P1	metadata_only; follow publisher access policy	pdf_readable_title_pending	Lấy BibTeX/metadata chính thức để bổ sung tác giả, venue, năm xuất bản; không cào PDF ở giai đoạn này.
P0773	paper_metadata_only	https://arxiv.org/abs/2407.01710	P1	metadata_only; follow publisher access policy	primary_title_identifier_confirmed	Lấy BibTeX/metadata chính thức để bổ sung tác giả, venue, năm xuất bản; không cào PDF ở giai đoạn này.
P0774	paper_metadata_only	https://arxiv.org/abs/2208.03938	P1	metadata_only; follow publisher access policy	primary_title_identifier_confirmed	Lấy BibTeX/metadata chính thức để bổ sung tác giả, venue, năm xuất bản; không cào PDF ở giai đoạn này.
P0775	paper_metadata_only	https://ieeexplore.ieee.org/document/9978764/	P1	metadata_only; follow publisher access policy	blocked_or_unreadable	Lấy BibTeX/metadata chính thức để bổ sung tác giả, venue, năm xuất bản; không cào PDF ở giai đoạn này.
P0776	paper_metadata_only	https://research.ibm.com/publications/wolffi-a-fault-injection-platform-for-learning-aiops-models	P1	metadata_only; follow publisher access policy	primary_title_identifier_confirmed	Lấy BibTeX/metadata chính thức để bổ sung tác giả, venue, năm xuất bản; không cào PDF ở giai đoạn này.
P0777	paper_metadata_only	https://doi.org/10.1145/3544497.3544499	P1	metadata_only; follow publisher access policy	blocked_or_unreadable	Lấy BibTeX/metadata chính thức để bổ sung tác giả, venue, năm xuất bản; không cào PDF ở giai đoạn này.
P0778	paper_metadata_only	https://doi.org/10.1007/978-3-030-76352-7_17	P1	metadata_only; follow publisher access policy	blocked_or_unreadable	Lấy BibTeX/metadata chính thức để bổ sung tác giả, venue, năm xuất bản; không cào PDF ở giai đoạn này.
P0779	paper_metadata_only	https://doi.org/10.1145/3468264.3473919	P1	metadata_only; follow publisher access policy	blocked_or_unreadable	Lấy BibTeX/metadata chính thức để bổ sung tác giả, venue, năm xuất bản; không cào PDF ở giai đoạn này.
P0780	paper_metadata_only	https://doi.org/10.1145/3368089.3417055	P1	metadata_only; follow publisher access policy	blocked_or_unreadable	Lấy BibTeX/metadata chính thức để bổ sung tác giả, venue, năm xuất bản; không cào PDF ở giai đoạn này.
P0781	paper_metadata_only	https://ieeexplore.ieee.org/document/8122062	P1	metadata_only; follow publisher access policy	blocked_or_unreadable	Lấy BibTeX/metadata chính thức để bổ sung tác giả, venue, năm xuất bản; không cào PDF ở giai đoạn này.
P0782	paper_metadata_only	https://doi.org/10.1145/3626772.3657778	P2	metadata_only; follow publisher access policy	blocked_or_unreadable	Lấy BibTeX/metadata chính thức để bổ sung tác giả, venue, năm xuất bản; không cào PDF ở giai đoạn này.
P0783	paper_metadata_only	https://doi.org/10.1145/3404835.3463048	P2	metadata_only; follow publisher access policy	blocked_or_unreadable	Lấy BibTeX/metadata chính thức để bổ sung tác giả, venue, năm xuất bản; không cào PDF ở giai đoạn này.
P0784	paper_metadata_only	https://doi.org/10.1145/3539618.3592047	P2	metadata_only; follow publisher access policy	blocked_or_unreadable	Lấy BibTeX/metadata chính thức để bổ sung tác giả, venue, năm xuất bản; không cào PDF ở giai đoạn này.
P0785	paper_metadata_only	https://aclanthology.org/2024.findings-acl.706/	P2	metadata_only; follow publisher access policy	primary_title_identifier_confirmed	Lấy BibTeX/metadata chính thức để bổ sung tác giả, venue, năm xuất bản; không cào PDF ở giai đoạn này.
P0786	paper_metadata_only	https://arxiv.org/abs/2312.02969	P2	metadata_only; follow publisher access policy	primary_title_identifier_confirmed	Lấy BibTeX/metadata chính thức để bổ sung tác giả, venue, năm xuất bản; không cào PDF ở giai đoạn này.
P0787	paper_metadata_only	https://aclanthology.org/2024.acl-long.125/	P2	metadata_only; follow publisher access policy	primary_title_identifier_confirmed	Lấy BibTeX/metadata chính thức để bổ sung tác giả, venue, năm xuất bản; không cào PDF ở giai đoạn này.
P0788	paper_metadata_only	https://arxiv.org/abs/2404.04522	P2	metadata_only; follow publisher access policy	primary_title_identifier_confirmed	Lấy BibTeX/metadata chính thức để bổ sung tác giả, venue, năm xuất bản; không cào PDF ở giai đoạn này.
P0789	paper_metadata_only	https://arxiv.org/abs/2406.14848	P2	metadata_only; follow publisher access policy	primary_title_identifier_confirmed	Lấy BibTeX/metadata chính thức để bổ sung tác giả, venue, năm xuất bản; không cào PDF ở giai đoạn này.
P0790	paper_metadata_only	https://aclanthology.org/2023.findings-acl.61/	P2	metadata_only; follow publisher access policy	primary_title_identifier_confirmed	Lấy BibTeX/metadata chính thức để bổ sung tác giả, venue, năm xuất bản; không cào PDF ở giai đoạn này.
P0791	paper_metadata_only	https://aclanthology.org/2023.findings-emnlp.590/	P2	metadata_only; follow publisher access policy	primary_title_identifier_confirmed	Lấy BibTeX/metadata chính thức để bổ sung tác giả, venue, năm xuất bản; không cào PDF ở giai đoạn này.
P0792	paper_metadata_only	https://aclanthology.org/2023.findings-emnlp.950/	P2	metadata_only; follow publisher access policy	primary_title_identifier_confirmed	Lấy BibTeX/metadata chính thức để bổ sung tác giả, venue, năm xuất bản; không cào PDF ở giai đoạn này.
P0793	paper_metadata_only	https://arxiv.org/abs/2310.14122	P2	metadata_only; follow publisher access policy	primary_title_identifier_confirmed	Lấy BibTeX/metadata chính thức để bổ sung tác giả, venue, năm xuất bản; không cào PDF ở giai đoạn này.
P0794	paper_metadata_only	https://aclanthology.org/2023.emnlp-main.923/	P2	metadata_only; follow publisher access policy	primary_title_identifier_confirmed	Lấy BibTeX/metadata chính thức để bổ sung tác giả, venue, năm xuất bản; không cào PDF ở giai đoạn này.
P0795	paper_metadata_only	https://arxiv.org/abs/2305.02156	P2	metadata_only; follow publisher access policy	primary_title_identifier_confirmed	Lấy BibTeX/metadata chính thức để bổ sung tác giả, venue, năm xuất bản; không cào PDF ở giai đoạn này.
P0796	paper_metadata_only	https://arxiv.org/abs/2310.07712	P2	metadata_only; follow publisher access policy	primary_title_identifier_confirmed	Lấy BibTeX/metadata chính thức để bổ sung tác giả, venue, năm xuất bản; không cào PDF ở giai đoạn này.
P0797	paper_metadata_only	https://aclanthology.org/2024.findings-naacl.97/	P2	metadata_only; follow publisher access policy	primary_title_identifier_confirmed	Lấy BibTeX/metadata chính thức để bổ sung tác giả, venue, năm xuất bản; không cào PDF ở giai đoạn này.
P0798	paper_metadata_only	https://arxiv.org/abs/2310.09497	P2	metadata_only; follow publisher access policy	primary_title_identifier_confirmed	Lấy BibTeX/metadata chính thức để bổ sung tác giả, venue, năm xuất bản; không cào PDF ở giai đoạn này.
P0799	paper_metadata_only	https://arxiv.org/abs/2403.16435	P2	metadata_only; follow publisher access policy	primary_title_identifier_confirmed	Lấy BibTeX/metadata chính thức để bổ sung tác giả, venue, năm xuất bản; không cào PDF ở giai đoạn này.
P0800	paper_metadata_only	https://arxiv.org/abs/2404.11960	P2	metadata_only; follow publisher access policy	primary_title_identifier_confirmed	Lấy BibTeX/metadata chính thức để bổ sung tác giả, venue, năm xuất bản; không cào PDF ở giai đoạn này.
P0801	paper_metadata_only	https://arxiv.org/abs/2406.16332	P2	metadata_only; follow publisher access policy	primary_title_identifier_confirmed	Lấy BibTeX/metadata chính thức để bổ sung tác giả, venue, năm xuất bản; không cào PDF ở giai đoạn này.
P0802	paper_metadata_only	https://arxiv.org/abs/2406.14117	P2	metadata_only; follow publisher access policy	primary_title_identifier_confirmed	Lấy BibTeX/metadata chính thức để bổ sung tác giả, venue, năm xuất bản; không cào PDF ở giai đoạn này.
P0803	paper_metadata_only	https://arxiv.org/abs/2406.11678	P2	metadata_only; follow publisher access policy	primary_title_identifier_confirmed	Lấy BibTeX/metadata chính thức để bổ sung tác giả, venue, năm xuất bản; không cào PDF ở giai đoạn này.
P0804	paper_metadata_only	https://arxiv.org/abs/2405.14589	P2	metadata_only; follow publisher access policy	primary_title_identifier_confirmed	Lấy BibTeX/metadata chính thức để bổ sung tác giả, venue, năm xuất bản; không cào PDF ở giai đoạn này.
P0805	paper_metadata_only	https://aclanthology.org/2024.acl-long.313/	P2	metadata_only; follow publisher access policy	primary_title_identifier_confirmed	Lấy BibTeX/metadata chính thức để bổ sung tác giả, venue, năm xuất bản; không cào PDF ở giai đoạn này.
P0806	paper_metadata_only	https://aclanthology.org/2024.emnlp-main.25/	P2	metadata_only; follow publisher access policy	primary_title_identifier_confirmed	Lấy BibTeX/metadata chính thức để bổ sung tác giả, venue, năm xuất bản; không cào PDF ở giai đoạn này.
P0807	paper_metadata_only	https://aclanthology.org/2025.acl-long.8/	P2	metadata_only; follow publisher access policy	primary_title_identifier_confirmed	Lấy BibTeX/metadata chính thức để bổ sung tác giả, venue, năm xuất bản; không cào PDF ở giai đoạn này.
P0808	paper_metadata_only	https://arxiv.org/abs/2503.23427	P2	metadata_only; follow publisher access policy	primary_title_identifier_confirmed	Lấy BibTeX/metadata chính thức để bổ sung tác giả, venue, năm xuất bản; không cào PDF ở giai đoạn này.
P0809	paper_metadata_only	https://doi.org/10.1145/3701716.3717574	P2	metadata_only; follow publisher access policy	blocked_or_unreadable	Lấy BibTeX/metadata chính thức để bổ sung tác giả, venue, năm xuất bản; không cào PDF ở giai đoạn này.
P0810	paper_metadata_only	https://doi.org/10.1145/3539618.3592067	P2	metadata_only; follow publisher access policy	blocked_or_unreadable	Lấy BibTeX/metadata chính thức để bổ sung tác giả, venue, năm xuất bản; không cào PDF ở giai đoạn này.
P0811	paper_metadata_only	https://arxiv.org/abs/2301.02998	P2	metadata_only; follow publisher access policy	primary_title_identifier_confirmed	Lấy BibTeX/metadata chính thức để bổ sung tác giả, venue, năm xuất bản; không cào PDF ở giai đoạn này.
P0812	paper_metadata_only	https://arxiv.org/abs/2305.02320	P2	metadata_only; follow publisher access policy	primary_title_identifier_confirmed	Lấy BibTeX/metadata chính thức để bổ sung tác giả, venue, năm xuất bản; không cào PDF ở giai đoạn này.
P0813	paper_metadata_only	https://arxiv.org/abs/2311.01555	P2	metadata_only; follow publisher access policy	primary_title_identifier_confirmed	Lấy BibTeX/metadata chính thức để bổ sung tác giả, venue, năm xuất bản; không cào PDF ở giai đoạn này.
P0814	paper_metadata_only	https://arxiv.org/abs/2309.15088	P2	metadata_only; follow publisher access policy	primary_title_identifier_confirmed	Lấy BibTeX/metadata chính thức để bổ sung tác giả, venue, năm xuất bản; không cào PDF ở giai đoạn này.
P0815	paper_metadata_only	https://arxiv.org/abs/2312.02724	P2	metadata_only; follow publisher access policy	primary_title_identifier_confirmed	Lấy BibTeX/metadata chính thức để bổ sung tác giả, venue, năm xuất bản; không cào PDF ở giai đoạn này.
P0816	paper_metadata_only	https://arxiv.org/abs/2402.06334	P2	metadata_only; follow publisher access policy	primary_title_identifier_confirmed	Lấy BibTeX/metadata chính thức để bổ sung tác giả, venue, năm xuất bản; không cào PDF ở giai đoạn này.
P0817	paper_metadata_only	https://aclanthology.org/2023.emnlp-main.623/	P2	metadata_only; follow publisher access policy	primary_title_identifier_confirmed	Lấy BibTeX/metadata chính thức để bổ sung tác giả, venue, năm xuất bản; không cào PDF ở giai đoạn này.
P0818	paper_metadata_only	https://arxiv.org/abs/2406.15657	P2	metadata_only; follow publisher access policy	primary_title_identifier_confirmed	Lấy BibTeX/metadata chính thức để bổ sung tác giả, venue, năm xuất bản; không cào PDF ở giai đoạn này.
P0819	paper_metadata_only	https://arxiv.org/abs/2508.07050	P2	metadata_only; follow publisher access policy	primary_title_identifier_confirmed	Lấy BibTeX/metadata chính thức để bổ sung tác giả, venue, năm xuất bản; không cào PDF ở giai đoạn này.
P0820	paper_metadata_only	https://arxiv.org/abs/2502.18418	P2	metadata_only; follow publisher access policy	primary_title_identifier_confirmed	Lấy BibTeX/metadata chính thức để bổ sung tác giả, venue, năm xuất bản; không cào PDF ở giai đoạn này.
P0821	paper_metadata_only	https://arxiv.org/abs/2505.14432	P2	metadata_only; follow publisher access policy	primary_title_identifier_confirmed	Lấy BibTeX/metadata chính thức để bổ sung tác giả, venue, năm xuất bản; không cào PDF ở giai đoạn này.
P0822	paper_metadata_only	https://arxiv.org/abs/2505.20046	P2	metadata_only; follow publisher access policy	primary_title_identifier_confirmed	Lấy BibTeX/metadata chính thức để bổ sung tác giả, venue, năm xuất bản; không cào PDF ở giai đoạn này.
P0823	paper_metadata_only	https://arxiv.org/abs/2503.06034	P2	metadata_only; follow publisher access policy	primary_title_identifier_confirmed	Lấy BibTeX/metadata chính thức để bổ sung tác giả, venue, năm xuất bản; không cào PDF ở giai đoạn này.
P0824	paper_metadata_only	https://arxiv.org/abs/2508.09539	P2	metadata_only; follow publisher access policy	primary_title_identifier_confirmed	Lấy BibTeX/metadata chính thức để bổ sung tác giả, venue, năm xuất bản; không cào PDF ở giai đoạn này.
P0825	paper_metadata_only	https://arxiv.org/abs/2310.03214	P2	metadata_only; follow publisher access policy	primary_title_identifier_confirmed	Lấy BibTeX/metadata chính thức để bổ sung tác giả, venue, năm xuất bản; không cào PDF ở giai đoạn này.
P0826	paper_metadata_only	https://aclanthology.org/2023.emnlp-main.398/	P2	metadata_only; follow publisher access policy	primary_title_identifier_confirmed	Lấy BibTeX/metadata chính thức để bổ sung tác giả, venue, năm xuất bản; không cào PDF ở giai đoạn này.
P0827	paper_metadata_only	https://arxiv.org/abs/2311.09210	P2	metadata_only; follow publisher access policy	primary_title_identifier_confirmed	Lấy BibTeX/metadata chính thức để bổ sung tác giả, venue, năm xuất bản; không cào PDF ở giai đoạn này.
P0828	paper_metadata_only	https://arxiv.org/abs/2307.03027	P2	metadata_only; follow publisher access policy	primary_title_identifier_confirmed	Lấy BibTeX/metadata chính thức để bổ sung tác giả, venue, năm xuất bản; không cào PDF ở giai đoạn này.
P0829	paper_metadata_only	https://arxiv.org/abs/2310.05149	P2	metadata_only; follow publisher access policy	primary_title_identifier_confirmed	Lấy BibTeX/metadata chính thức để bổ sung tác giả, venue, năm xuất bản; không cào PDF ở giai đoạn này.
P0830	paper_metadata_only	https://arxiv.org/abs/2304.13007	P2	metadata_only; follow publisher access policy	primary_title_identifier_confirmed	Lấy BibTeX/metadata chính thức để bổ sung tác giả, venue, năm xuất bản; không cào PDF ở giai đoạn này.
P0831	paper_metadata_only	https://arxiv.org/abs/2406.12430	P2	metadata_only; follow publisher access policy	primary_title_identifier_confirmed	Lấy BibTeX/metadata chính thức để bổ sung tác giả, venue, năm xuất bản; không cào PDF ở giai đoạn này.
P0832	paper_metadata_only	https://arxiv.org/abs/2406.14282	P2	metadata_only; follow publisher access policy	primary_title_identifier_confirmed	Lấy BibTeX/metadata chính thức để bổ sung tác giả, venue, năm xuất bản; không cào PDF ở giai đoạn này.
P0833	paper_metadata_only	https://arxiv.org/abs/2309.00841	P2	metadata_only; follow publisher access policy	primary_title_identifier_confirmed	Lấy BibTeX/metadata chính thức để bổ sung tác giả, venue, năm xuất bản; không cào PDF ở giai đoạn này.
P0834	paper_metadata_only	https://aclanthology.org/2023.findings-emnlp.655/	P2	metadata_only; follow publisher access policy	primary_title_identifier_confirmed	Lấy BibTeX/metadata chính thức để bổ sung tác giả, venue, năm xuất bản; không cào PDF ở giai đoạn này.
P0835	paper_metadata_only	https://arxiv.org/abs/2308.12574	P2	metadata_only; follow publisher access policy	primary_title_identifier_confirmed	Lấy BibTeX/metadata chính thức để bổ sung tác giả, venue, năm xuất bản; không cào PDF ở giai đoạn này.
P0836	paper_metadata_only	https://arxiv.org/abs/2302.05578	P2	metadata_only; follow publisher access policy	primary_title_identifier_confirmed	Lấy BibTeX/metadata chính thức để bổ sung tác giả, venue, năm xuất bản; không cào PDF ở giai đoạn này.
P0837	paper_metadata_only	https://arxiv.org/abs/2306.05212	P2	metadata_only; follow publisher access policy	primary_title_identifier_confirmed	Lấy BibTeX/metadata chính thức để bổ sung tác giả, venue, năm xuất bản; không cào PDF ở giai đoạn này.
P0838	paper_metadata_only	https://arxiv.org/abs/2310.09949	P2	metadata_only; follow publisher access policy	primary_title_identifier_confirmed	Lấy BibTeX/metadata chính thức để bổ sung tác giả, venue, năm xuất bản; không cào PDF ở giai đoạn này.
P0839	paper_metadata_only	https://aclanthology.org/2023.emnlp-demo.4/	P2	metadata_only; follow publisher access policy	primary_title_identifier_confirmed	Lấy BibTeX/metadata chính thức để bổ sung tác giả, venue, năm xuất bản; không cào PDF ở giai đoạn này.
P0840	paper_metadata_only	https://arxiv.org/abs/2311.12955	P2	metadata_only; follow publisher access policy	primary_title_identifier_confirmed	Lấy BibTeX/metadata chính thức để bổ sung tác giả, venue, năm xuất bản; không cào PDF ở giai đoạn này.
P0841	paper_metadata_only	https://arxiv.org/abs/2402.06360	P2	metadata_only; follow publisher access policy	primary_title_identifier_confirmed	Lấy BibTeX/metadata chính thức để bổ sung tác giả, venue, năm xuất bản; không cào PDF ở giai đoạn này.
P0842	paper_metadata_only	https://arxiv.org/abs/2501.05366	P2	metadata_only; follow publisher access policy	primary_title_identifier_confirmed	Lấy BibTeX/metadata chính thức để bổ sung tác giả, venue, năm xuất bản; không cào PDF ở giai đoạn này.
P0843	paper_metadata_only	https://arxiv.org/abs/2411.19443	P2	metadata_only; follow publisher access policy	primary_title_identifier_confirmed	Lấy BibTeX/metadata chính thức để bổ sung tác giả, venue, năm xuất bản; không cào PDF ở giai đoạn này.
P0844	paper_metadata_only	https://arxiv.org/abs/2505.16834	P2	metadata_only; follow publisher access policy	primary_title_identifier_confirmed	Lấy BibTeX/metadata chính thức để bổ sung tác giả, venue, năm xuất bản; không cào PDF ở giai đoạn này.
P0845	paper_metadata_only	https://arxiv.org/abs/2505.16410	P2	metadata_only; follow publisher access policy	primary_title_identifier_confirmed	Lấy BibTeX/metadata chính thức để bổ sung tác giả, venue, năm xuất bản; không cào PDF ở giai đoạn này.
P0846	paper_metadata_only	https://arxiv.org/abs/2505.04588	P2	metadata_only; follow publisher access policy	primary_title_identifier_confirmed	Lấy BibTeX/metadata chính thức để bổ sung tác giả, venue, năm xuất bản; không cào PDF ở giai đoạn này.
P0847	paper_metadata_only	https://arxiv.org/abs/2411.04368	P2	metadata_only; follow publisher access policy	primary_title_identifier_confirmed	Lấy BibTeX/metadata chính thức để bổ sung tác giả, venue, năm xuất bản; không cào PDF ở giai đoạn này.
P0848	paper_metadata_only	https://arxiv.org/abs/2011.01060	P2	metadata_only; follow publisher access policy	primary_title_identifier_confirmed	Lấy BibTeX/metadata chính thức để bổ sung tác giả, venue, năm xuất bản; không cào PDF ở giai đoạn này.
P0849	paper_metadata_only	https://arxiv.org/abs/2504.12516	P2	metadata_only; follow publisher access policy	primary_title_identifier_confirmed	Lấy BibTeX/metadata chính thức để bổ sung tác giả, venue, năm xuất bản; không cào PDF ở giai đoạn này.
P0850	paper_metadata_only	https://arxiv.org/abs/2407.15711	P2	metadata_only; follow publisher access policy	primary_title_identifier_confirmed	Lấy BibTeX/metadata chính thức để bổ sung tác giả, venue, năm xuất bản; không cào PDF ở giai đoạn này.
P0851	paper_metadata_only	https://arxiv.org/abs/2310.06770	P2	metadata_only; follow publisher access policy	primary_title_identifier_confirmed	Lấy BibTeX/metadata chính thức để bổ sung tác giả, venue, năm xuất bản; không cào PDF ở giai đoạn này.
P0852	paper_metadata_only	https://arxiv.org/abs/2501.07572	P2	metadata_only; follow publisher access policy	primary_title_identifier_confirmed	Lấy BibTeX/metadata chính thức để bổ sung tác giả, venue, năm xuất bản; không cào PDF ở giai đoạn này.
P0853	paper_metadata_only	https://arxiv.org/abs/2505.22648	P2	metadata_only; follow publisher access policy	primary_title_identifier_confirmed	Lấy BibTeX/metadata chính thức để bổ sung tác giả, venue, năm xuất bản; không cào PDF ở giai đoạn này.
P0854	paper_metadata_only	https://arxiv.org/abs/2606.00610	P2	metadata_only; follow publisher access policy	primary_title_identifier_confirmed	Lấy BibTeX/metadata chính thức để bổ sung tác giả, venue, năm xuất bản; không cào PDF ở giai đoạn này.
P0855	paper_metadata_only	https://arxiv.org/abs/2605.31010	P2	metadata_only; follow publisher access policy	primary_title_identifier_confirmed	Lấy BibTeX/metadata chính thức để bổ sung tác giả, venue, năm xuất bản; không cào PDF ở giai đoạn này.
P0856	paper_metadata_only	https://arxiv.org/abs/2605.28004	P2	metadata_only; follow publisher access policy	blocked_or_unreadable	Lấy BibTeX/metadata chính thức để bổ sung tác giả, venue, năm xuất bản; không cào PDF ở giai đoạn này.
P0857	paper_metadata_only	https://arxiv.org/abs/2604.22282	P2	metadata_only; follow publisher access policy	primary_title_identifier_confirmed	Lấy BibTeX/metadata chính thức để bổ sung tác giả, venue, năm xuất bản; không cào PDF ở giai đoạn này.
P0858	paper_metadata_only	https://arxiv.org/abs/2604.20844	P2	metadata_only; follow publisher access policy	primary_title_identifier_confirmed	Lấy BibTeX/metadata chính thức để bổ sung tác giả, venue, năm xuất bản; không cào PDF ở giai đoạn này.
P0859	paper_metadata_only	https://arxiv.org/abs/2603.14828	P2	metadata_only; follow publisher access policy	primary_title_identifier_confirmed	Lấy BibTeX/metadata chính thức để bổ sung tác giả, venue, năm xuất bản; không cào PDF ở giai đoạn này.
P0860	paper_metadata_only	https://arxiv.org/abs/2603.11223	P2	metadata_only; follow publisher access policy	primary_title_identifier_confirmed	Lấy BibTeX/metadata chính thức để bổ sung tác giả, venue, năm xuất bản; không cào PDF ở giai đoạn này.
P0861	paper_metadata_only	https://arxiv.org/abs/2603.05207	P2	metadata_only; follow publisher access policy	primary_title_identifier_confirmed	Lấy BibTeX/metadata chính thức để bổ sung tác giả, venue, năm xuất bản; không cào PDF ở giai đoạn này.
P0862	paper_metadata_only	https://arxiv.org/abs/2603.02248	P2	metadata_only; follow publisher access policy	primary_title_identifier_confirmed	Lấy BibTeX/metadata chính thức để bổ sung tác giả, venue, năm xuất bản; không cào PDF ở giai đoạn này.
P0863	paper_metadata_only	https://arxiv.org/abs/2602.14470	P2	metadata_only; follow publisher access policy	primary_title_identifier_confirmed	Lấy BibTeX/metadata chính thức để bổ sung tác giả, venue, năm xuất bản; không cào PDF ở giai đoạn này.
P0864	paper_metadata_only	https://arxiv.org/abs/2602.05143	P2	metadata_only; follow publisher access policy	primary_title_identifier_confirmed	Lấy BibTeX/metadata chính thức để bổ sung tác giả, venue, năm xuất bản; không cào PDF ở giai đoạn này.
P0865	paper_metadata_only	https://arxiv.org/abs/2602.01965	P2	metadata_only; follow publisher access policy	primary_title_identifier_confirmed	Lấy BibTeX/metadata chính thức để bổ sung tác giả, venue, năm xuất bản; không cào PDF ở giai đoạn này.
P0866	paper_metadata_only	https://arxiv.org/abs/2502.14802	P2	metadata_only; follow publisher access policy	primary_title_identifier_confirmed	Lấy BibTeX/metadata chính thức để bổ sung tác giả, venue, năm xuất bản; không cào PDF ở giai đoạn này.
P0867	paper_metadata_only	https://arxiv.org/abs/2405.14831	P2	metadata_only; follow publisher access policy	primary_title_identifier_confirmed	Lấy BibTeX/metadata chính thức để bổ sung tác giả, venue, năm xuất bản; không cào PDF ở giai đoạn này.
P0868	paper_metadata_only	https://arxiv.org/abs/2309.11206	P2	metadata_only; follow publisher access policy	primary_title_identifier_confirmed	Lấy BibTeX/metadata chính thức để bổ sung tác giả, venue, năm xuất bản; không cào PDF ở giai đoạn này.
P0869	paper_metadata_only	https://arxiv.org/abs/2201.08860	P2	metadata_only; follow publisher access policy	primary_title_identifier_confirmed	Lấy BibTeX/metadata chính thức để bổ sung tác giả, venue, năm xuất bản; không cào PDF ở giai đoạn này.
P0870	paper_metadata_only	https://arxiv.org/abs/2202.13296	P2	metadata_only; follow publisher access policy	primary_title_identifier_confirmed	Lấy BibTeX/metadata chính thức để bổ sung tác giả, venue, năm xuất bản; không cào PDF ở giai đoạn này.
P0871	paper_metadata_only	https://arxiv.org/abs/2104.06378	P2	metadata_only; follow publisher access policy	primary_title_identifier_confirmed	Lấy BibTeX/metadata chính thức để bổ sung tác giả, venue, năm xuất bản; không cào PDF ở giai đoạn này.
P0872	paper_metadata_only	https://arxiv.org/abs/1904.09537	P2	metadata_only; follow publisher access policy	primary_title_identifier_confirmed	Lấy BibTeX/metadata chính thức để bổ sung tác giả, venue, năm xuất bản; không cào PDF ở giai đoạn này.
P0873	paper_metadata_only	https://arxiv.org/abs/2607.14561	P2	metadata_only; follow publisher access policy	blocked_or_unreadable	Lấy BibTeX/metadata chính thức để bổ sung tác giả, venue, năm xuất bản; không cào PDF ở giai đoạn này.
P0874	paper_metadata_only	https://arxiv.org/abs/2604.12487	P2	metadata_only; follow publisher access policy	primary_title_identifier_confirmed	Lấy BibTeX/metadata chính thức để bổ sung tác giả, venue, năm xuất bản; không cào PDF ở giai đoạn này.
P0875	paper_metadata_only	https://arxiv.org/abs/2603.28533	P2	metadata_only; follow publisher access policy	primary_title_identifier_confirmed	Lấy BibTeX/metadata chính thức để bổ sung tác giả, venue, năm xuất bản; không cào PDF ở giai đoạn này.
P0876	paper_metadata_only	https://arxiv.org/abs/2603.21440	P2	metadata_only; follow publisher access policy	primary_title_identifier_confirmed	Lấy BibTeX/metadata chính thức để bổ sung tác giả, venue, năm xuất bản; không cào PDF ở giai đoạn này.
P0877	paper_metadata_only	https://arxiv.org/abs/2603.20017	P2	metadata_only; follow publisher access policy	primary_title_identifier_confirmed	Lấy BibTeX/metadata chính thức để bổ sung tác giả, venue, năm xuất bản; không cào PDF ở giai đoạn này.
P0878	paper_metadata_only	https://arxiv.org/abs/2211.08380	P2	metadata_only; follow publisher access policy	primary_title_identifier_confirmed	Lấy BibTeX/metadata chính thức để bổ sung tác giả, venue, năm xuất bản; không cào PDF ở giai đoạn này.
P0879	paper_metadata_only	https://arxiv.org/abs/2312.15880	P2	metadata_only; follow publisher access policy	primary_title_identifier_confirmed	Lấy BibTeX/metadata chính thức để bổ sung tác giả, venue, năm xuất bản; không cào PDF ở giai đoạn này.
P0880	paper_metadata_only	https://arxiv.org/abs/2405.12035	P2	metadata_only; follow publisher access policy	primary_title_identifier_confirmed	Lấy BibTeX/metadata chính thức để bổ sung tác giả, venue, năm xuất bản; không cào PDF ở giai đoạn này.
P0881	paper_metadata_only	https://arxiv.org/abs/2405.06545	P2	metadata_only; follow publisher access policy	primary_title_identifier_confirmed	Lấy BibTeX/metadata chính thức để bổ sung tác giả, venue, năm xuất bản; không cào PDF ở giai đoạn này.
P0882	paper_metadata_only	https://arxiv.org/abs/2606.17209	P2	metadata_only; follow publisher access policy	blocked_or_unreadable	Lấy BibTeX/metadata chính thức để bổ sung tác giả, venue, năm xuất bản; không cào PDF ở giai đoạn này.
P0883	paper_metadata_only	https://arxiv.org/abs/2606.00660	P2	metadata_only; follow publisher access policy	blocked_or_unreadable	Lấy BibTeX/metadata chính thức để bổ sung tác giả, venue, năm xuất bản; không cào PDF ở giai đoạn này.
P0884	paper_metadata_only	https://arxiv.org/abs/2605.10848	P2	metadata_only; follow publisher access policy	primary_title_identifier_confirmed	Lấy BibTeX/metadata chính thức để bổ sung tác giả, venue, năm xuất bản; không cào PDF ở giai đoạn này.
P0885	paper_metadata_only	https://arxiv.org/abs/2604.14572	P2	metadata_only; follow publisher access policy	primary_title_identifier_confirmed	Lấy BibTeX/metadata chính thức để bổ sung tác giả, venue, năm xuất bản; không cào PDF ở giai đoạn này.
P0886	paper_metadata_only	https://arxiv.org/abs/2602.18734	P2	metadata_only; follow publisher access policy	primary_title_identifier_confirmed	Lấy BibTeX/metadata chính thức để bổ sung tác giả, venue, năm xuất bản; không cào PDF ở giai đoạn này.
P0887	paper_metadata_only	https://arxiv.org/abs/2602.03689	P2	metadata_only; follow publisher access policy	primary_title_identifier_confirmed	Lấy BibTeX/metadata chính thức để bổ sung tác giả, venue, năm xuất bản; không cào PDF ở giai đoạn này.
P0888	paper_metadata_only	https://arxiv.org/abs/2511.10375	P2	metadata_only; follow publisher access policy	primary_title_identifier_confirmed	Lấy BibTeX/metadata chính thức để bổ sung tác giả, venue, năm xuất bản; không cào PDF ở giai đoạn này.
P0889	paper_metadata_only	https://arxiv.org/abs/2504.13079	P2	metadata_only; follow publisher access policy	primary_title_identifier_confirmed	Lấy BibTeX/metadata chính thức để bổ sung tác giả, venue, năm xuất bản; không cào PDF ở giai đoạn này.
P0890	paper_metadata_only	https://arxiv.org/abs/2504.18243	P2	metadata_only; follow publisher access policy	primary_title_identifier_confirmed	Lấy BibTeX/metadata chính thức để bổ sung tác giả, venue, năm xuất bản; không cào PDF ở giai đoạn này.
P0891	paper_metadata_only	https://arxiv.org/abs/2605.28837	P2	metadata_only; follow publisher access policy	primary_title_identifier_confirmed	Lấy BibTeX/metadata chính thức để bổ sung tác giả, venue, năm xuất bản; không cào PDF ở giai đoạn này.
P0892	paper_metadata_only	https://arxiv.org/abs/2603.20673	P2	metadata_only; follow publisher access policy	primary_title_identifier_confirmed	Lấy BibTeX/metadata chính thức để bổ sung tác giả, venue, năm xuất bản; không cào PDF ở giai đoạn này.
P0893	paper_metadata_only	https://arxiv.org/abs/2603.16091	P2	metadata_only; follow publisher access policy	primary_title_identifier_confirmed	Lấy BibTeX/metadata chính thức để bổ sung tác giả, venue, năm xuất bản; không cào PDF ở giai đoạn này.
P0894	paper_metadata_only	https://arxiv.org/abs/2601.08699	P2	metadata_only; follow publisher access policy	primary_title_identifier_confirmed	Lấy BibTeX/metadata chính thức để bổ sung tác giả, venue, năm xuất bản; không cào PDF ở giai đoạn này.
P0895	paper_metadata_only	https://arxiv.org/abs/2601.04377	P2	metadata_only; follow publisher access policy	primary_title_identifier_confirmed	Lấy BibTeX/metadata chính thức để bổ sung tác giả, venue, năm xuất bản; không cào PDF ở giai đoạn này.
P0896	paper_metadata_only	https://arxiv.org/abs/2507.15586	P2	metadata_only; follow publisher access policy	primary_title_identifier_confirmed	Lấy BibTeX/metadata chính thức để bổ sung tác giả, venue, năm xuất bản; không cào PDF ở giai đoạn này.
P0897	paper_metadata_only	https://arxiv.org/abs/2601.06922	P2	metadata_only; follow publisher access policy	primary_title_identifier_confirmed	Lấy BibTeX/metadata chính thức để bổ sung tác giả, venue, năm xuất bản; không cào PDF ở giai đoạn này.
P0898	paper_metadata_only	https://arxiv.org/abs/2503.23513	P2	metadata_only; follow publisher access policy	primary_title_identifier_confirmed	Lấy BibTeX/metadata chính thức để bổ sung tác giả, venue, năm xuất bản; không cào PDF ở giai đoạn này.
P0899	paper_metadata_only	https://arxiv.org/abs/2504.14858	P2	metadata_only; follow publisher access policy	primary_title_identifier_confirmed	Lấy BibTeX/metadata chính thức để bổ sung tác giả, venue, năm xuất bản; không cào PDF ở giai đoạn này.
P0900	paper_metadata_only	https://arxiv.org/abs/2406.11460	P2	metadata_only; follow publisher access policy	primary_title_identifier_confirmed	Lấy BibTeX/metadata chính thức để bổ sung tác giả, venue, năm xuất bản; không cào PDF ở giai đoạn này.
P0901	paper_metadata_only	https://arxiv.org/abs/2508.01680	P2	metadata_only; follow publisher access policy	primary_title_identifier_confirmed	Lấy BibTeX/metadata chính thức để bổ sung tác giả, venue, năm xuất bản; không cào PDF ở giai đoạn này.
P0902	paper_metadata_only	https://arxiv.org/abs/2410.10450	P2	metadata_only; follow publisher access policy	primary_title_identifier_confirmed	Lấy BibTeX/metadata chính thức để bổ sung tác giả, venue, năm xuất bản; không cào PDF ở giai đoạn này.
P0903	paper_metadata_only	https://arxiv.org/abs/2503.21729	P2	metadata_only; follow publisher access policy	primary_title_identifier_confirmed	Lấy BibTeX/metadata chính thức để bổ sung tác giả, venue, năm xuất bản; không cào PDF ở giai đoạn này.
P0904	paper_metadata_only	https://arxiv.org/abs/2504.01281	P2	metadata_only; follow publisher access policy	primary_title_identifier_confirmed	Lấy BibTeX/metadata chính thức để bổ sung tác giả, venue, năm xuất bản; không cào PDF ở giai đoạn này.
P0905	paper_metadata_only	https://arxiv.org/abs/2401.15391	P2	metadata_only; follow publisher access policy	primary_title_identifier_confirmed	Lấy BibTeX/metadata chính thức để bổ sung tác giả, venue, năm xuất bản; không cào PDF ở giai đoạn này.
P0906	paper_metadata_only	https://arxiv.org/abs/2602.21456	P2	metadata_only; follow publisher access policy	primary_title_identifier_confirmed	Lấy BibTeX/metadata chính thức để bổ sung tác giả, venue, năm xuất bản; không cào PDF ở giai đoạn này.
P0907	paper_metadata_only	https://arxiv.org/abs/2601.04888	P2	metadata_only; follow publisher access policy	primary_title_identifier_confirmed	Lấy BibTeX/metadata chính thức để bổ sung tác giả, venue, năm xuất bản; không cào PDF ở giai đoạn này.
P0908	paper_metadata_only	https://arxiv.org/abs/2601.08282	P2	metadata_only; follow publisher access policy	primary_title_identifier_confirmed	Lấy BibTeX/metadata chính thức để bổ sung tác giả, venue, năm xuất bản; không cào PDF ở giai đoạn này.
P0909	paper_metadata_only	https://arxiv.org/abs/2510.07794	P2	metadata_only; follow publisher access policy	primary_title_identifier_confirmed	Lấy BibTeX/metadata chính thức để bổ sung tác giả, venue, năm xuất bản; không cào PDF ở giai đoạn này.
P0910	paper_metadata_only	https://arxiv.org/abs/2504.03947	P2	metadata_only; follow publisher access policy	primary_title_identifier_confirmed	Lấy BibTeX/metadata chính thức để bổ sung tác giả, venue, năm xuất bản; không cào PDF ở giai đoạn này.
P0911	paper_metadata_only	https://arxiv.org/abs/2604.07816	P2	metadata_only; follow publisher access policy	primary_title_identifier_confirmed	Lấy BibTeX/metadata chính thức để bổ sung tác giả, venue, năm xuất bản; không cào PDF ở giai đoạn này.
P0912	paper_metadata_only	https://arxiv.org/abs/2601.07782	P2	metadata_only; follow publisher access policy	primary_title_identifier_confirmed	Lấy BibTeX/metadata chính thức để bổ sung tác giả, venue, năm xuất bản; không cào PDF ở giai đoạn này.
P0913	paper_metadata_only	https://arxiv.org/abs/2511.01854	P2	metadata_only; follow publisher access policy	primary_title_identifier_confirmed	Lấy BibTeX/metadata chính thức để bổ sung tác giả, venue, năm xuất bản; không cào PDF ở giai đoạn này.
P0914	paper_metadata_only	https://arxiv.org/abs/2411.04535	P2	metadata_only; follow publisher access policy	primary_title_identifier_confirmed	Lấy BibTeX/metadata chính thức để bổ sung tác giả, venue, năm xuất bản; không cào PDF ở giai đoạn này.
P0915	paper_metadata_only	https://arxiv.org/abs/2502.05867	P2	metadata_only; follow publisher access policy	primary_title_identifier_confirmed	Lấy BibTeX/metadata chính thức để bổ sung tác giả, venue, năm xuất bản; không cào PDF ở giai đoạn này.
P0916	paper_metadata_only	https://arxiv.org/abs/2305.17126	P2	metadata_only; follow publisher access policy	primary_title_identifier_confirmed	Lấy BibTeX/metadata chính thức để bổ sung tác giả, venue, năm xuất bản; không cào PDF ở giai đoạn này.
P0917	paper_metadata_only	https://arxiv.org/abs/2509.00244	P2	metadata_only; follow publisher access policy	primary_title_identifier_confirmed	Lấy BibTeX/metadata chính thức để bổ sung tác giả, venue, năm xuất bản; không cào PDF ở giai đoạn này.
P0918	paper_metadata_only	https://arxiv.org/abs/2502.04644	P2	metadata_only; follow publisher access policy	primary_title_identifier_confirmed	Lấy BibTeX/metadata chính thức để bổ sung tác giả, venue, năm xuất bản; không cào PDF ở giai đoạn này.
P0919	paper_metadata_only	https://arxiv.org/abs/2504.04915	P2	metadata_only; follow publisher access policy	primary_title_identifier_confirmed	Lấy BibTeX/metadata chính thức để bổ sung tác giả, venue, năm xuất bản; không cào PDF ở giai đoạn này.
P0920	paper_metadata_only	https://arxiv.org/abs/2503.13275	P2	metadata_only; follow publisher access policy	primary_title_identifier_confirmed	Lấy BibTeX/metadata chính thức để bổ sung tác giả, venue, năm xuất bản; không cào PDF ở giai đoạn này.
P0921	paper_metadata_only	https://arxiv.org/abs/2504.12330	P2	metadata_only; follow publisher access policy	primary_title_identifier_confirmed	Lấy BibTeX/metadata chính thức để bổ sung tác giả, venue, năm xuất bản; không cào PDF ở giai đoạn này.
P0922	paper_metadata_only	https://arxiv.org/abs/2503.13514	P2	metadata_only; follow publisher access policy	primary_title_identifier_confirmed	Lấy BibTeX/metadata chính thức để bổ sung tác giả, venue, năm xuất bản; không cào PDF ở giai đoạn này.
P0923	paper_metadata_only	https://arxiv.org/abs/2503.13964	P2	metadata_only; follow publisher access policy	primary_title_identifier_confirmed	Lấy BibTeX/metadata chính thức để bổ sung tác giả, venue, năm xuất bản; không cào PDF ở giai đoạn này.
P0924	paper_metadata_only	https://arxiv.org/abs/2503.14340	P2	metadata_only; follow publisher access policy	primary_title_identifier_confirmed	Lấy BibTeX/metadata chính thức để bổ sung tác giả, venue, năm xuất bản; không cào PDF ở giai đoạn này.
P0925	paper_metadata_only	https://arxiv.org/abs/2501.07813	P2	metadata_only; follow publisher access policy	primary_title_identifier_confirmed	Lấy BibTeX/metadata chính thức để bổ sung tác giả, venue, năm xuất bản; không cào PDF ở giai đoạn này.
P0926	paper_metadata_only	https://arxiv.org/abs/2501.15228	P2	metadata_only; follow publisher access policy	primary_title_identifier_confirmed	Lấy BibTeX/metadata chính thức để bổ sung tác giả, venue, năm xuất bản; không cào PDF ở giai đoạn này.
P0927	paper_metadata_only	https://arxiv.org/abs/2410.09713	P2	metadata_only; follow publisher access policy	primary_title_identifier_confirmed	Lấy BibTeX/metadata chính thức để bổ sung tác giả, venue, năm xuất bản; không cào PDF ở giai đoạn này.
P0928	paper_metadata_only	https://arxiv.org/abs/2405.16420	P2	metadata_only; follow publisher access policy	primary_title_identifier_confirmed	Lấy BibTeX/metadata chính thức để bổ sung tác giả, venue, năm xuất bản; không cào PDF ở giai đoạn này.
P0929	paper_metadata_only	https://arxiv.org/abs/2412.05838	P2	metadata_only; follow publisher access policy	primary_title_identifier_confirmed	Lấy BibTeX/metadata chính thức để bổ sung tác giả, venue, năm xuất bản; không cào PDF ở giai đoạn này.
P0930	paper_metadata_only	https://arxiv.org/abs/2407.20183	P2	metadata_only; follow publisher access policy	primary_title_identifier_confirmed	Lấy BibTeX/metadata chính thức để bổ sung tác giả, venue, năm xuất bản; không cào PDF ở giai đoạn này.
P0931	paper_metadata_only	https://arxiv.org/abs/2409.12941	P2	metadata_only; follow publisher access policy	primary_title_identifier_confirmed	Lấy BibTeX/metadata chính thức để bổ sung tác giả, venue, năm xuất bản; không cào PDF ở giai đoạn này.
P0932	paper_metadata_only	https://arxiv.org/abs/2412.17032	P2	metadata_only; follow publisher access policy	primary_title_identifier_confirmed	Lấy BibTeX/metadata chính thức để bổ sung tác giả, venue, năm xuất bản; không cào PDF ở giai đoạn này.
P0933	paper_metadata_only	https://arxiv.org/abs/2603.16654	P2	metadata_only; follow publisher access policy	primary_title_identifier_confirmed	Lấy BibTeX/metadata chính thức để bổ sung tác giả, venue, năm xuất bản; không cào PDF ở giai đoạn này.
P0934	paper_metadata_only	https://arxiv.org/abs/2602.19127	P2	metadata_only; follow publisher access policy	primary_title_identifier_confirmed	Lấy BibTeX/metadata chính thức để bổ sung tác giả, venue, năm xuất bản; không cào PDF ở giai đoạn này.
P0935	paper_metadata_only	https://arxiv.org/abs/2602.02053	P2	metadata_only; follow publisher access policy	primary_title_identifier_confirmed	Lấy BibTeX/metadata chính thức để bổ sung tác giả, venue, năm xuất bản; không cào PDF ở giai đoạn này.
P0936	paper_metadata_only	https://arxiv.org/abs/2602.23286	P2	metadata_only; follow publisher access policy	primary_title_identifier_confirmed	Lấy BibTeX/metadata chính thức để bổ sung tác giả, venue, năm xuất bản; không cào PDF ở giai đoạn này.
P0937	paper_metadata_only	https://arxiv.org/abs/2605.05253	P2	metadata_only; follow publisher access policy	primary_title_identifier_confirmed	Lấy BibTeX/metadata chính thức để bổ sung tác giả, venue, năm xuất bản; không cào PDF ở giai đoạn này.
P0938	paper_metadata_only	https://arxiv.org/abs/2603.06198	P2	metadata_only; follow publisher access policy	primary_title_identifier_confirmed	Lấy BibTeX/metadata chính thức để bổ sung tác giả, venue, năm xuất bản; không cào PDF ở giai đoạn này.
P0939	paper_metadata_only	https://arxiv.org/abs/2601.05503	P2	metadata_only; follow publisher access policy	primary_title_identifier_confirmed	Lấy BibTeX/metadata chính thức để bổ sung tác giả, venue, năm xuất bản; không cào PDF ở giai đoạn này.
P0940	paper_metadata_only	https://arxiv.org/abs/2606.21777	P2	metadata_only; follow publisher access policy	blocked_or_unreadable	Lấy BibTeX/metadata chính thức để bổ sung tác giả, venue, năm xuất bản; không cào PDF ở giai đoạn này.
P0941	paper_metadata_only	https://arxiv.org/abs/2606.13814	P2	metadata_only; follow publisher access policy	primary_title_identifier_confirmed	Lấy BibTeX/metadata chính thức để bổ sung tác giả, venue, năm xuất bản; không cào PDF ở giai đoạn này.
P0942	paper_metadata_only	https://arxiv.org/abs/2604.26649	P2	metadata_only; follow publisher access policy	primary_title_identifier_confirmed	Lấy BibTeX/metadata chính thức để bổ sung tác giả, venue, năm xuất bản; không cào PDF ở giai đoạn này.
P0943	paper_metadata_only	https://arxiv.org/abs/2604.25676	P2	metadata_only; follow publisher access policy	primary_title_identifier_confirmed	Lấy BibTeX/metadata chính thức để bổ sung tác giả, venue, năm xuất bản; không cào PDF ở giai đoạn này.
P0944	paper_metadata_only	https://arxiv.org/abs/2604.23783	P2	metadata_only; follow publisher access policy	primary_title_identifier_confirmed	Lấy BibTeX/metadata chính thức để bổ sung tác giả, venue, năm xuất bản; không cào PDF ở giai đoạn này.
P0945	paper_metadata_only	https://arxiv.org/abs/2603.21024	P2	metadata_only; follow publisher access policy	primary_title_identifier_confirmed	Lấy BibTeX/metadata chính thức để bổ sung tác giả, venue, năm xuất bản; không cào PDF ở giai đoạn này.
P0946	paper_metadata_only	https://arxiv.org/abs/2601.08105	P2	metadata_only; follow publisher access policy	primary_title_identifier_confirmed	Lấy BibTeX/metadata chính thức để bổ sung tác giả, venue, năm xuất bản; không cào PDF ở giai đoạn này.
P0947	paper_metadata_only	https://arxiv.org/abs/2510.24652	P2	metadata_only; follow publisher access policy	primary_title_identifier_confirmed	Lấy BibTeX/metadata chính thức để bổ sung tác giả, venue, năm xuất bản; không cào PDF ở giai đoạn này.
P0948	paper_metadata_only	https://arxiv.org/abs/2510.24120	P2	metadata_only; follow publisher access policy	primary_title_identifier_confirmed	Lấy BibTeX/metadata chính thức để bổ sung tác giả, venue, năm xuất bản; không cào PDF ở giai đoạn này.
P0949	paper_metadata_only	https://arxiv.org/abs/2507.23242	P2	metadata_only; follow publisher access policy	primary_title_identifier_confirmed	Lấy BibTeX/metadata chính thức để bổ sung tác giả, venue, năm xuất bản; không cào PDF ở giai đoạn này.
P0950	paper_metadata_only	https://arxiv.org/abs/2503.00223	P2	metadata_only; follow publisher access policy	primary_title_identifier_confirmed	Lấy BibTeX/metadata chính thức để bổ sung tác giả, venue, năm xuất bản; không cào PDF ở giai đoạn này.
P0951	paper_metadata_only	https://arxiv.org/abs/2504.16787	P2	metadata_only; follow publisher access policy	primary_title_identifier_confirmed	Lấy BibTeX/metadata chính thức để bổ sung tác giả, venue, năm xuất bản; không cào PDF ở giai đoạn này.
P0952	paper_metadata_only	https://arxiv.org/abs/2505.04253	P2	metadata_only; follow publisher access policy	primary_title_identifier_confirmed	Lấy BibTeX/metadata chính thức để bổ sung tác giả, venue, năm xuất bản; không cào PDF ở giai đoạn này.
P0953	paper_metadata_only	https://arxiv.org/abs/2607.05069	P2	metadata_only; follow publisher access policy	primary_title_identifier_confirmed	Lấy BibTeX/metadata chính thức để bổ sung tác giả, venue, năm xuất bản; không cào PDF ở giai đoạn này.
P0954	paper_metadata_only	https://arxiv.org/abs/2606.27786	P2	metadata_only; follow publisher access policy	blocked_or_unreadable	Lấy BibTeX/metadata chính thức để bổ sung tác giả, venue, năm xuất bản; không cào PDF ở giai đoạn này.
P0955	paper_metadata_only	https://arxiv.org/abs/2605.18792	P2	metadata_only; follow publisher access policy	primary_title_identifier_confirmed	Lấy BibTeX/metadata chính thức để bổ sung tác giả, venue, năm xuất bản; không cào PDF ở giai đoạn này.
P0956	paper_metadata_only	https://arxiv.org/abs/2605.05245	P2	metadata_only; follow publisher access policy	primary_title_identifier_confirmed	Lấy BibTeX/metadata chính thức để bổ sung tác giả, venue, năm xuất bản; không cào PDF ở giai đoạn này.
P0957	paper_metadata_only	https://arxiv.org/abs/2605.01399	P2	metadata_only; follow publisher access policy	primary_title_identifier_confirmed	Lấy BibTeX/metadata chính thức để bổ sung tác giả, venue, năm xuất bản; không cào PDF ở giai đoạn này.
P0958	paper_metadata_only	https://arxiv.org/abs/2605.01302	P2	metadata_only; follow publisher access policy	primary_title_identifier_confirmed	Lấy BibTeX/metadata chính thức để bổ sung tác giả, venue, năm xuất bản; không cào PDF ở giai đoạn này.
P0959	paper_metadata_only	https://arxiv.org/abs/2604.18362	P2	metadata_only; follow publisher access policy	primary_title_identifier_confirmed	Lấy BibTeX/metadata chính thức để bổ sung tác giả, venue, năm xuất bản; không cào PDF ở giai đoạn này.
P0960	paper_metadata_only	https://arxiv.org/abs/2201.04837	P1	metadata_only; follow publisher access policy	primary_title_identifier_confirmed	Lấy BibTeX/metadata chính thức để bổ sung tác giả, venue, năm xuất bản; không cào PDF ở giai đoạn này.
P0961	paper_metadata_only	https://arxiv.org/abs/2505.16590	P1	metadata_only; follow publisher access policy	primary_title_identifier_confirmed	Lấy BibTeX/metadata chính thức để bổ sung tác giả, venue, năm xuất bản; không cào PDF ở giai đoạn này.
P0962	paper_metadata_only	https://arxiv.org/abs/2508.08545	P1	metadata_only; follow publisher access policy	primary_title_identifier_confirmed	Lấy BibTeX/metadata chính thức để bổ sung tác giả, venue, năm xuất bản; không cào PDF ở giai đoạn này.
P0963	paper_metadata_only	https://arxiv.org/abs/2410.08499	P1	metadata_only; follow publisher access policy	primary_title_identifier_confirmed	Lấy BibTeX/metadata chính thức để bổ sung tác giả, venue, năm xuất bản; không cào PDF ở giai đoạn này.
P0964	paper_metadata_only	https://arxiv.org/abs/2508.04820	P1	metadata_only; follow publisher access policy	primary_title_identifier_confirmed	Lấy BibTeX/metadata chính thức để bổ sung tác giả, venue, năm xuất bản; không cào PDF ở giai đoạn này.
P0965	paper_metadata_only	https://arxiv.org/abs/2508.11305	P1	metadata_only; follow publisher access policy	primary_title_identifier_confirmed	Lấy BibTeX/metadata chính thức để bổ sung tác giả, venue, năm xuất bản; không cào PDF ở giai đoạn này.
P0966	paper_metadata_only	https://arxiv.org/abs/2412.18835	P1	metadata_only; follow publisher access policy	primary_title_identifier_confirmed	Lấy BibTeX/metadata chính thức để bổ sung tác giả, venue, năm xuất bản; không cào PDF ở giai đoạn này.
P0967	paper_metadata_only	https://arxiv.org/abs/2507.19951	P1	metadata_only; follow publisher access policy	primary_title_identifier_confirmed	Lấy BibTeX/metadata chính thức để bổ sung tác giả, venue, năm xuất bản; không cào PDF ở giai đoạn này.
P0968	paper_metadata_only	https://arxiv.org/abs/2502.03160	P1	metadata_only; follow publisher access policy	primary_title_identifier_confirmed	Lấy BibTeX/metadata chính thức để bổ sung tác giả, venue, năm xuất bản; không cào PDF ở giai đoạn này.
P0969	paper_metadata_only	https://arxiv.org/abs/2508.20977	P1	metadata_only; follow publisher access policy	primary_title_identifier_confirmed	Lấy BibTeX/metadata chính thức để bổ sung tác giả, venue, năm xuất bản; không cào PDF ở giai đoạn này.
P0970	paper_metadata_only	https://arxiv.org/abs/2408.13727	P1	metadata_only; follow publisher access policy	primary_title_identifier_confirmed	Lấy BibTeX/metadata chính thức để bổ sung tác giả, venue, năm xuất bản; không cào PDF ở giai đoạn này.
P0971	paper_metadata_only	https://arxiv.org/abs/2408.08300	P1	metadata_only; follow publisher access policy	primary_title_identifier_confirmed	Lấy BibTeX/metadata chính thức để bổ sung tác giả, venue, năm xuất bản; không cào PDF ở giai đoạn này.
P0972	paper_metadata_only	https://arxiv.org/abs/2407.01896	P1	metadata_only; follow publisher access policy	primary_title_identifier_confirmed	Lấy BibTeX/metadata chính thức để bổ sung tác giả, venue, năm xuất bản; không cào PDF ở giai đoạn này.
P0973	paper_metadata_only	https://arxiv.org/abs/2410.09352	P1	metadata_only; follow publisher access policy	primary_title_identifier_confirmed	Lấy BibTeX/metadata chính thức để bổ sung tác giả, venue, năm xuất bản; không cào PDF ở giai đoạn này.
P0974	paper_metadata_only	https://arxiv.org/abs/2412.01377	P1	metadata_only; follow publisher access policy	primary_title_identifier_confirmed	Lấy BibTeX/metadata chính thức để bổ sung tác giả, venue, năm xuất bản; không cào PDF ở giai đoạn này.
P0975	paper_metadata_only	https://arxiv.org/abs/2507.08523	P1	metadata_only; follow publisher access policy	primary_title_identifier_confirmed	Lấy BibTeX/metadata chính thức để bổ sung tác giả, venue, năm xuất bản; không cào PDF ở giai đoạn này.
P0976	paper_metadata_only	https://arxiv.org/abs/2401.04749	P1	metadata_only; follow publisher access policy	primary_title_identifier_confirmed	Lấy BibTeX/metadata chính thức để bổ sung tác giả, venue, năm xuất bản; không cào PDF ở giai đoạn này.
P0977	paper_metadata_only	https://arxiv.org/abs/2408.08902	P1	metadata_only; follow publisher access policy	primary_title_identifier_confirmed	Lấy BibTeX/metadata chính thức để bổ sung tác giả, venue, năm xuất bản; không cào PDF ở giai đoạn này.
P0978	paper_metadata_only	https://arxiv.org/abs/2411.08561	P1	metadata_only; follow publisher access policy	primary_title_identifier_confirmed	Lấy BibTeX/metadata chính thức để bổ sung tác giả, venue, năm xuất bản; không cào PDF ở giai đoạn này.
P0979	paper_metadata_only	https://arxiv.org/abs/2505.13496	P1	metadata_only; follow publisher access policy	primary_title_identifier_confirmed	Lấy BibTeX/metadata chính thức để bổ sung tác giả, venue, năm xuất bản; không cào PDF ở giai đoạn này.
P0980	paper_metadata_only	https://arxiv.org/abs/2501.11031	P1	metadata_only; follow publisher access policy	primary_title_identifier_confirmed	Lấy BibTeX/metadata chính thức để bổ sung tác giả, venue, năm xuất bản; không cào PDF ở giai đoạn này.
P0981	paper_metadata_only	https://arxiv.org/abs/2503.08045	P1	metadata_only; follow publisher access policy	primary_title_identifier_confirmed	Lấy BibTeX/metadata chính thức để bổ sung tác giả, venue, năm xuất bản; không cào PDF ở giai đoạn này.
P0982	paper_metadata_only	https://arxiv.org/abs/2504.12250	P1	metadata_only; follow publisher access policy	primary_title_identifier_confirmed	Lấy BibTeX/metadata chính thức để bổ sung tác giả, venue, năm xuất bản; không cào PDF ở giai đoạn này.
P0983	paper_metadata_only	https://arxiv.org/abs/2508.01844	P1	metadata_only; follow publisher access policy	primary_title_identifier_confirmed	Lấy BibTeX/metadata chính thức để bổ sung tác giả, venue, năm xuất bản; không cào PDF ở giai đoạn này.
P0984	paper_metadata_only	https://arxiv.org/abs/2412.11142	P1	metadata_only; follow publisher access policy	primary_title_identifier_confirmed	Lấy BibTeX/metadata chính thức để bổ sung tác giả, venue, năm xuất bản; không cào PDF ở giai đoạn này.
P0985	paper_metadata_only	https://arxiv.org/abs/2507.01077	P1	metadata_only; follow publisher access policy	primary_title_identifier_confirmed	Lấy BibTeX/metadata chính thức để bổ sung tác giả, venue, năm xuất bản; không cào PDF ở giai đoạn này.
P0986	paper_metadata_only	https://arxiv.org/abs/2502.09385	P1	metadata_only; follow publisher access policy	primary_title_identifier_confirmed	Lấy BibTeX/metadata chính thức để bổ sung tác giả, venue, năm xuất bản; không cào PDF ở giai đoạn này.
P0987	paper_metadata_only	https://arxiv.org/abs/2509.00069	P1	metadata_only; follow publisher access policy	primary_title_identifier_confirmed	Lấy BibTeX/metadata chính thức để bổ sung tác giả, venue, năm xuất bản; không cào PDF ở giai đoạn này.
P0988	paper_metadata_only	https://arxiv.org/abs/2507.10873	P1	metadata_only; follow publisher access policy	primary_title_identifier_confirmed	Lấy BibTeX/metadata chính thức để bổ sung tác giả, venue, năm xuất bản; không cào PDF ở giai đoạn này.
P0989	paper_metadata_only	https://arxiv.org/abs/2409.01909	P1	metadata_only; follow publisher access policy	primary_title_identifier_confirmed	Lấy BibTeX/metadata chính thức để bổ sung tác giả, venue, năm xuất bản; không cào PDF ở giai đoạn này.
P0990	paper_metadata_only	https://arxiv.org/abs/2509.20798	P1	metadata_only; follow publisher access policy	primary_title_identifier_confirmed	Lấy BibTeX/metadata chính thức để bổ sung tác giả, venue, năm xuất bản; không cào PDF ở giai đoạn này.
P0991	paper_metadata_only	https://arxiv.org/abs/2407.15716	P1	metadata_only; follow publisher access policy	primary_title_identifier_confirmed	Lấy BibTeX/metadata chính thức để bổ sung tác giả, venue, năm xuất bản; không cào PDF ở giai đoạn này.
P0992	paper_metadata_only	https://arxiv.org/abs/2404.00640	P1	metadata_only; follow publisher access policy	primary_title_identifier_confirmed	Lấy BibTeX/metadata chính thức để bổ sung tác giả, venue, năm xuất bản; không cào PDF ở giai đoạn này.
P0993	paper_metadata_only	https://arxiv.org/abs/2506.03691	P1	metadata_only; follow publisher access policy	primary_title_identifier_confirmed	Lấy BibTeX/metadata chính thức để bổ sung tác giả, venue, năm xuất bản; không cào PDF ở giai đoạn này.
P0994	paper_metadata_only	https://arxiv.org/abs/2504.20462	P1	metadata_only; follow publisher access policy	primary_title_identifier_confirmed	Lấy BibTeX/metadata chính thức để bổ sung tác giả, venue, năm xuất bản; không cào PDF ở giai đoạn này.
P0995	paper_metadata_only	https://arxiv.org/abs/2508.20370	P1	metadata_only; follow publisher access policy	primary_title_identifier_confirmed	Lấy BibTeX/metadata chính thức để bổ sung tác giả, venue, năm xuất bản; không cào PDF ở giai đoạn này.
P0996	paper_metadata_only	https://arxiv.org/abs/2509.15635	P1	metadata_only; follow publisher access policy	primary_title_identifier_confirmed	Lấy BibTeX/metadata chính thức để bổ sung tác giả, venue, năm xuất bản; không cào PDF ở giai đoạn này.
P0997	paper_metadata_only	https://arxiv.org/abs/2409.13561	P1	metadata_only; follow publisher access policy	primary_title_identifier_confirmed	Lấy BibTeX/metadata chính thức để bổ sung tác giả, venue, năm xuất bản; không cào PDF ở giai đoạn này.
P0998	paper_metadata_only	https://arxiv.org/abs/2504.04877	P1	metadata_only; follow publisher access policy	primary_title_identifier_confirmed	Lấy BibTeX/metadata chính thức để bổ sung tác giả, venue, năm xuất bản; không cào PDF ở giai đoạn này.
P0999	paper_metadata_only	https://arxiv.org/abs/2507.20051	P1	metadata_only; follow publisher access policy	primary_title_identifier_confirmed	Lấy BibTeX/metadata chính thức để bổ sung tác giả, venue, năm xuất bản; không cào PDF ở giai đoạn này.
P1000	paper_metadata_only	https://arxiv.org/abs/2512.11997	P1	metadata_only; follow publisher access policy	primary_title_identifier_confirmed	Lấy BibTeX/metadata chính thức để bổ sung tác giả, venue, năm xuất bản; không cào PDF ở giai đoạn này.
P1001	paper_metadata_only	https://arxiv.org/abs/2504.09113	P1	metadata_only; follow publisher access policy	primary_title_identifier_confirmed	Lấy BibTeX/metadata chính thức để bổ sung tác giả, venue, năm xuất bản; không cào PDF ở giai đoạn này.
P1002	paper_metadata_only	https://arxiv.org/abs/2512.09627	P1	metadata_only; follow publisher access policy	primary_title_identifier_confirmed	Lấy BibTeX/metadata chính thức để bổ sung tác giả, venue, năm xuất bản; không cào PDF ở giai đoạn này.
P1003	paper_metadata_only	https://arxiv.org/abs/2507.11071	P1	metadata_only; follow publisher access policy	primary_title_identifier_confirmed	Lấy BibTeX/metadata chính thức để bổ sung tác giả, venue, năm xuất bản; không cào PDF ở giai đoạn này.
P1004	paper_metadata_only	https://arxiv.org/abs/2506.01147	P1	metadata_only; follow publisher access policy	primary_title_identifier_confirmed	Lấy BibTeX/metadata chính thức để bổ sung tác giả, venue, năm xuất bản; không cào PDF ở giai đoạn này.
P1005	paper_metadata_only	https://arxiv.org/abs/2404.01363	P1	metadata_only; follow publisher access policy	primary_title_identifier_confirmed	Lấy BibTeX/metadata chính thức để bổ sung tác giả, venue, năm xuất bản; không cào PDF ở giai đoạn này.
P1006	paper_metadata_only	https://arxiv.org/abs/2603.18196	P1	metadata_only; follow publisher access policy	primary_title_identifier_confirmed	Lấy BibTeX/metadata chính thức để bổ sung tác giả, venue, năm xuất bản; không cào PDF ở giai đoạn này.
P1007	paper_metadata_only	https://arxiv.org/abs/2603.09891	P1	metadata_only; follow publisher access policy	primary_title_identifier_confirmed	Lấy BibTeX/metadata chính thức để bổ sung tác giả, venue, năm xuất bản; không cào PDF ở giai đoạn này.
P1008	paper_metadata_only	https://arxiv.org/abs/2607.24348	P1	metadata_only; follow publisher access policy	primary_title_identifier_confirmed	Lấy BibTeX/metadata chính thức để bổ sung tác giả, venue, năm xuất bản; không cào PDF ở giai đoạn này.
P1009	paper_metadata_only	https://arxiv.org/abs/2604.13462	P1	metadata_only; follow publisher access policy	primary_title_identifier_confirmed	Lấy BibTeX/metadata chính thức để bổ sung tác giả, venue, năm xuất bản; không cào PDF ở giai đoạn này.
D001	dataset_collection	https://huggingface.co/datasets/phamquiluan/RCAEval	P0	REVIEW_STATED_TERMS_BEFORE_COLLECTION	public_landing_and_file_or_download_listing; assets_not_tested	Đối chiếu giấy phép đúng phiên bản; ghi revision/ngày truy cập; chỉ sau đó tải mẫu nhỏ để kiểm tra schema và nhãn.
D002	dataset_collection	https://drive.google.com/drive/folders/1wGiEnu4OkWrjPxfx5ZTROnU37-5UDoPM?usp=drive_link	P1	HOLD_FOR_CLARIFICATION	public_repository; external_download_not_tested	Đối chiếu giấy phép đúng phiên bản; ghi revision/ngày truy cập; chỉ sau đó tải mẫu nhỏ để kiểm tra schema và nhãn.
D003	benchmark_release_unconfirmed	https://arxiv.org/abs/2606.27154	P2	HOLD_FOR_CLARIFICATION	paper_readable; data_release_not_confirmed	Đối chiếu giấy phép đúng phiên bản; ghi revision/ngày truy cập; chỉ sau đó tải mẫu nhỏ để kiểm tra schema và nhãn.
D004	dataset_collection	https://huggingface.co/datasets/Lemma-RCA-NEC/Product_Review_Original	P1	HOLD_FOR_CLARIFICATION	public_dataset_cards; license_conflict_blocks_release_decision	Đối chiếu giấy phép đúng phiên bản; ghi revision/ngày truy cập; chỉ sau đó tải mẫu nhỏ để kiểm tra schema và nhãn.
D005	dataset_collection	https://zenodo.org/records/8196385	P1	REVIEW_STATED_TERMS_BEFORE_COLLECTION	public_landing_and_file_or_download_listing; assets_not_tested	Đối chiếu giấy phép đúng phiên bản; ghi revision/ngày truy cập; chỉ sau đó tải mẫu nhỏ để kiểm tra schema và nhãn.
D006	dataset_collection	https://github.com/logpai/loghub-2.0	P1	REVIEW_STATED_TERMS_BEFORE_COLLECTION	public_landing_and_file_or_download_listing; assets_not_tested	Đối chiếu giấy phép đúng phiên bản; ghi revision/ngày truy cập; chỉ sau đó tải mẫu nhỏ để kiểm tra schema và nhãn.
D007	dataset_collection	https://github.com/CloudWise-OpenSource/GAIA-DataSet	P1	HOLD_FOR_CLARIFICATION	public_repository; license_conflict_blocks_release_decision	Đối chiếu giấy phép đúng phiên bản; ghi revision/ngày truy cập; chỉ sau đó tải mẫu nhỏ để kiểm tra schema và nhãn.
D008	dataset	https://zenodo.org/records/3549604	P2	HOLD_FOR_CLARIFICATION	public_landing_and_file_or_download_listing; assets_not_tested	Đối chiếu giấy phép đúng phiên bản; ghi revision/ngày truy cập; chỉ sau đó tải mẫu nhỏ để kiểm tra schema và nhãn.
D009	dataset_artifact	https://github.com/IntelligentDDS/Nezha	P1	HOLD_FOR_CLARIFICATION	public_landing_and_file_or_download_listing; assets_not_tested	Đối chiếu giấy phép đúng phiên bản; ghi revision/ngày truy cập; chỉ sau đó tải mẫu nhỏ để kiểm tra schema và nhãn.
D010	dataset_artifact	https://zenodo.org/records/7615393	P1	HOLD_FOR_CLARIFICATION	public_repository; external_download_not_tested	Đối chiếu giấy phép đúng phiên bản; ghi revision/ngày truy cập; chỉ sau đó tải mẫu nhỏ để kiểm tra schema và nhãn.
D011	dataset_collection	https://zenodo.org/records/6955909	P1	HOLD_FOR_CLARIFICATION	public_repository; external_download_not_tested	Đối chiếu giấy phép đúng phiên bản; ghi revision/ngày truy cập; chỉ sau đó tải mẫu nhỏ để kiểm tra schema và nhãn.
D012	dataset_artifact	https://cloud.tsinghua.edu.cn/d/8371855eddd64a8db23b/	P2	HOLD_FOR_CLARIFICATION	public_repository; external_download_not_tested	Đối chiếu giấy phép đúng phiên bản; ghi revision/ngày truy cập; chỉ sau đó tải mẫu nhỏ để kiểm tra schema và nhãn.
D013	method_only	https://github.com/IntelligentDDS/MicroRank	P2	REVIEW_STATED_TERMS_BEFORE_COLLECTION	public_method_repository; no_dataset_release_confirmed	Đối chiếu giấy phép đúng phiên bản; ghi revision/ngày truy cập; chỉ sau đó tải mẫu nhỏ để kiểm tra schema và nhãn.
D014	generation_platform	https://github.com/NetManAIOps/CIRCA	P2	REVIEW_STATED_TERMS_BEFORE_COLLECTION	public_code_and_simulation_resources	Đối chiếu giấy phép đúng phiên bản; ghi revision/ngày truy cập; chỉ sau đó tải mẫu nhỏ để kiểm tra schema và nhãn.
D015	dataset_artifact	https://github.com/IntelligentDDS/Post-mortems-Analysis	P1	HOLD_FOR_CLARIFICATION	public_repository_with_documents_and_annotations	Đối chiếu giấy phép đúng phiên bản; ghi revision/ngày truy cập; chỉ sau đó tải mẫu nhỏ để kiểm tra schema và nhãn.
D016	dataset	https://github.com/NetManAIOps/OmniAnomaly	P3	HOLD_FOR_CLARIFICATION	public_landing_and_file_or_download_listing; assets_not_tested	Đối chiếu giấy phép đúng phiên bản; ghi revision/ngày truy cập; chỉ sau đó tải mẫu nhỏ để kiểm tra schema và nhãn.
D017	dataset_collection	https://github.com/khundman/telemanom	P3	HOLD_FOR_CLARIFICATION	public_landing_and_file_or_download_listing; assets_not_tested	Đối chiếu giấy phép đúng phiên bản; ghi revision/ngày truy cập; chỉ sau đó tải mẫu nhỏ để kiểm tra schema và nhãn.
D018	dataset_collection	https://github.com/numenta/NAB	P3	HOLD_FOR_CLARIFICATION	public_landing_and_file_or_download_listing; assets_not_tested	Đối chiếu giấy phép đúng phiên bản; ghi revision/ngày truy cập; chỉ sau đó tải mẫu nhỏ để kiểm tra schema và nhãn.
D019	sample_dataset	https://github.com/ModelInteraction/MSQA	P1	HOLD_FOR_CLARIFICATION	public_sample_only; full_release_not_confirmed	Đối chiếu giấy phép đúng phiên bản; ghi revision/ngày truy cập; chỉ sau đó tải mẫu nhỏ để kiểm tra schema và nhãn.
D020	sample_dataset	https://github.com/HC-Guo/Owl	P2	HOLD_FOR_CLARIFICATION	public_repository_and_examples; full_dataset_not_confirmed	Đối chiếu giấy phép đúng phiên bản; ghi revision/ngày truy cập; chỉ sau đó tải mẫu nhỏ để kiểm tra schema và nhãn.
D021	dataset	https://huggingface.co/datasets/NASP/neteval-exam	P2	REVIEW_STATED_TERMS_BEFORE_COLLECTION	public_landing_and_file_or_download_listing; assets_not_tested	Đối chiếu giấy phép đúng phiên bản; ghi revision/ngày truy cập; chỉ sau đó tải mẫu nhỏ để kiểm tra schema và nhãn.
D022	dataset_collection	https://huggingface.co/datasets/galileo-ai/ragbench	P1	REVIEW_STATED_TERMS_BEFORE_COLLECTION	public_landing_and_file_or_download_listing; assets_not_tested	Đối chiếu giấy phép đúng phiên bản; ghi revision/ngày truy cập; chỉ sau đó tải mẫu nhỏ để kiểm tra schema và nhãn.
D023	dataset	https://github.com/chen700564/RGB	P1	REVIEW_STATED_TERMS_BEFORE_COLLECTION	public_landing_and_file_or_download_listing; assets_not_tested	Đối chiếu giấy phép đúng phiên bản; ghi revision/ngày truy cập; chỉ sau đó tải mẫu nhỏ để kiểm tra schema và nhãn.
D024	dataset	https://github.com/yixuantt/MultiHop-RAG	P1	REVIEW_STATED_TERMS_BEFORE_COLLECTION	public_landing_and_file_or_download_listing; assets_not_tested	Đối chiếu giấy phép đúng phiên bản; ghi revision/ngày truy cập; chỉ sau đó tải mẫu nhỏ để kiểm tra schema và nhãn.
D025	dataset	https://github.com/IAAR-Shanghai/CRUD_RAG	P2	HOLD_FOR_CLARIFICATION	public_landing_and_file_or_download_listing; assets_not_tested	Đối chiếu giấy phép đúng phiên bản; ghi revision/ngày truy cập; chỉ sau đó tải mẫu nhỏ để kiểm tra schema và nhãn.
D026	dataset_artifact	https://github.com/ielab/FeB4RAG	P2	REVIEW_UPSTREAM_AND_RELEASE	public_landing_and_file_or_download_listing; assets_not_tested	Đối chiếu giấy phép đúng phiên bản; ghi revision/ngày truy cập; chỉ sau đó tải mẫu nhỏ để kiểm tra schema và nhãn.
D027	dataset_collection	https://github.com/IBM/mt-rag-benchmark	P0	REVIEW_UPSTREAM_AND_RELEASE	public_landing_and_file_or_download_listing; assets_not_tested	Đối chiếu giấy phép đúng phiên bản; ghi revision/ngày truy cập; chỉ sau đó tải mẫu nhỏ để kiểm tra schema và nhãn.
D028	dataset	https://github.com/facebookresearch/CRAG	P2	REVIEW_STATED_TERMS_BEFORE_COLLECTION	public_landing_and_file_or_download_listing; assets_not_tested	Đối chiếu giấy phép đúng phiên bản; ghi revision/ngày truy cập; chỉ sau đó tải mẫu nhỏ để kiểm tra schema và nhãn.
D029	dataset	https://github.com/freshllms/freshqa	P2	REVIEW_UPSTREAM_AND_RELEASE	public_repository; external_download_not_tested	Đối chiếu giấy phép đúng phiên bản; ghi revision/ngày truy cập; chỉ sau đó tải mẫu nhỏ để kiểm tra schema và nhãn.
D030	dataset	https://huggingface.co/datasets/miracl/nomiracl	P1	REVIEW_UPSTREAM_AND_RELEASE	public_files; viewer_disabled_custom_loader	Đối chiếu giấy phép đúng phiên bản; ghi revision/ngày truy cập; chỉ sau đó tải mẫu nhỏ để kiểm tra schema và nhãn.
D031	generation_platform	https://github.com/OpenBMB/RAGEval	P2	HOLD_FOR_CLARIFICATION	public_code_and_example_assets	Đối chiếu giấy phép đúng phiên bản; ghi revision/ngày truy cập; chỉ sau đó tải mẫu nhỏ để kiểm tra schema và nhãn.
D032	dataset	https://huggingface.co/datasets/PrimeQA/TechQA	P0	REVIEW_STATED_TERMS_BEFORE_COLLECTION	public_file_listing; viewer_error; binary_not_downloaded	Đối chiếu giấy phép đúng phiên bản; ghi revision/ngày truy cập; chỉ sau đó tải mẫu nhỏ để kiểm tra schema và nhãn.
D033	dataset_collection	https://huggingface.co/datasets/xlangai/BRIGHT	P1	REVIEW_STATED_TERMS_BEFORE_COLLECTION	public_landing_and_file_or_download_listing; assets_not_tested	Đối chiếu giấy phép đúng phiên bản; ghi revision/ngày truy cập; chỉ sau đó tải mẫu nhỏ để kiểm tra schema và nhãn.
D034	dataset_collection	https://github.com/beir-cellar/beir	P2	REVIEW_UPSTREAM_AND_RELEASE	public_landing_and_file_or_download_listing; assets_not_tested	Đối chiếu giấy phép đúng phiên bản; ghi revision/ngày truy cập; chỉ sau đó tải mẫu nhỏ để kiểm tra schema và nhãn.
D035	dataset_collection	https://microsoft.github.io/msmarco/	P2	REVIEW_STATED_TERMS_BEFORE_COLLECTION	public_landing_and_file_or_download_listing; assets_not_tested	Đối chiếu giấy phép đúng phiên bản; ghi revision/ngày truy cập; chỉ sau đó tải mẫu nhỏ để kiểm tra schema và nhãn.
D036	dataset_collection	https://huggingface.co/datasets/miracl/miracl	P2	REVIEW_UPSTREAM_AND_RELEASE	public_files; viewer_disabled_custom_loader	Đối chiếu giấy phép đúng phiên bản; ghi revision/ngày truy cập; chỉ sau đó tải mẫu nhỏ để kiểm tra schema và nhãn.
D037	derived_dataset	https://github.com/unicamp-dl/mMARCO	P2	REVIEW_UPSTREAM_AND_RELEASE	public_landing_and_file_or_download_listing; assets_not_tested	Đối chiếu giấy phép đúng phiên bản; ghi revision/ngày truy cập; chỉ sau đó tải mẫu nhỏ để kiểm tra schema và nhãn.
D038	dataset	https://huggingface.co/datasets/google/frames-benchmark	P2	REVIEW_STATED_TERMS_BEFORE_COLLECTION	public_landing_and_file_or_download_listing; assets_not_tested	Đối chiếu giấy phép đúng phiên bản; ghi revision/ngày truy cập; chỉ sau đó tải mẫu nhỏ để kiểm tra schema và nhãn.
D039	dataset_artifact	https://github.com/onyx-dot-app/EnterpriseRAG-Bench	P2	REVIEW_UPSTREAM_AND_RELEASE	public_landing_and_file_or_download_listing; assets_not_tested	Đối chiếu giấy phép đúng phiên bản; ghi revision/ngày truy cập; chỉ sau đó tải mẫu nhỏ để kiểm tra schema và nhãn.
D040	dataset	https://github.com/stonybrooknlp/musique	P2	REVIEW_STATED_TERMS_BEFORE_COLLECTION	public_repository; external_download_not_tested	Đối chiếu giấy phép đúng phiên bản; ghi revision/ngày truy cập; chỉ sau đó tải mẫu nhỏ để kiểm tra schema và nhãn.
D041	dataset	https://hotpotqa.github.io/	P2	REVIEW_STATED_TERMS_BEFORE_COLLECTION	public_landing_and_file_or_download_listing; assets_not_tested	Đối chiếu giấy phép đúng phiên bản; ghi revision/ngày truy cập; chỉ sau đó tải mẫu nhỏ để kiểm tra schema và nhãn.
D042	dataset_artifact	https://github.com/princeton-nlp/ALCE	P1	REVIEW_UPSTREAM_AND_RELEASE	public_landing_and_file_or_download_listing; assets_not_tested	Đối chiếu giấy phép đúng phiên bản; ghi revision/ngày truy cập; chỉ sau đó tải mẫu nhỏ để kiểm tra schema và nhãn.
D043	dataset	https://github.com/ParticleMedia/RAGTruth	P1	REVIEW_UPSTREAM_AND_RELEASE	public_landing_and_file_or_download_listing; assets_not_tested	Đối chiếu giấy phép đúng phiên bản; ghi revision/ngày truy cập; chỉ sau đó tải mẫu nhỏ để kiểm tra schema và nhãn.
D044	dataset	https://github.com/Alibaba-NLP/CDQA	P3	HOLD_FOR_CLARIFICATION	public_landing_and_file_or_download_listing; assets_not_tested	Đối chiếu giấy phép đúng phiên bản; ghi revision/ngày truy cập; chỉ sau đó tải mẫu nhỏ để kiểm tra schema và nhãn.
D045	dataset_collection	https://github.com/facebookresearch/KILT	P2	REVIEW_UPSTREAM_AND_RELEASE	public_landing_and_file_or_download_listing; assets_not_tested	Đối chiếu giấy phép đúng phiên bản; ghi revision/ngày truy cập; chỉ sau đó tải mẫu nhỏ để kiểm tra schema và nhãn.
D046	dataset_collection	https://github.com/swe-bench/SWE-bench	P3	REVIEW_UPSTREAM_AND_RELEASE	public_landing_and_file_or_download_listing; assets_not_tested	Đối chiếu giấy phép đúng phiên bản; ghi revision/ngày truy cập; chỉ sau đó tải mẫu nhỏ để kiểm tra schema và nhãn.
D047	dataset_collection	https://github.com/google/cluster-data	P3	REVIEW_STATED_TERMS_BEFORE_COLLECTION	public_landing_and_file_or_download_listing; assets_not_tested	Đối chiếu giấy phép đúng phiên bản; ghi revision/ngày truy cập; chỉ sau đó tải mẫu nhỏ để kiểm tra schema và nhãn.
D048	dataset_collection	https://github.com/alibaba/clusterdata	P3	HOLD_FOR_CLARIFICATION	public_landing_and_file_or_download_listing; assets_not_tested	Đối chiếu giấy phép đúng phiên bản; ghi revision/ngày truy cập; chỉ sau đó tải mẫu nhỏ để kiểm tra schema và nhãn.
D049	dataset_collection	https://github.com/Azure/AzurePublicDataset	P3	REVIEW_STATED_TERMS_BEFORE_COLLECTION	public_landing_and_file_or_download_listing; assets_not_tested	Đối chiếu giấy phép đúng phiên bản; ghi revision/ngày truy cập; chỉ sau đó tải mẫu nhỏ để kiểm tra schema và nhãn.
D050	dataset_release_access_unconfirmed	https://webscope.sandbox.yahoo.com/catalog.php?datatype=s&did=70	P3	HOLD_FOR_CLARIFICATION	landing_blocked_in_audit; access_requirements_unconfirmed	Đối chiếu giấy phép đúng phiên bản; ghi revision/ngày truy cập; chỉ sau đó tải mẫu nhỏ để kiểm tra schema và nhãn.
D051	dataset_collection	https://huggingface.co/datasets/ibm-research/ITBench-Lite	P0	REVIEW_STATED_TERMS_BEFORE_COLLECTION	public_landing_and_file_or_download_listing; assets_not_tested	Đối chiếu giấy phép đúng phiên bản; ghi revision/ngày truy cập; chỉ sau đó tải mẫu nhỏ để kiểm tra schema và nhãn.
D052	generation_platform	https://github.com/itbench-hub/ITBench	P2	REVIEW_STATED_TERMS_BEFORE_COLLECTION	public_platform_repository	Đối chiếu giấy phép đúng phiên bản; ghi revision/ngày truy cập; chỉ sau đó tải mẫu nhỏ để kiểm tra schema và nhãn.
D053	generation_platform	https://github.com/microsoft/AIOpsLab	P2	REVIEW_STATED_TERMS_BEFORE_COLLECTION	public_platform_repository	Đối chiếu giấy phép đúng phiên bản; ghi revision/ngày truy cập; chỉ sau đó tải mẫu nhỏ để kiểm tra schema và nhãn.
D054	generation_platform	https://github.com/open-telemetry/opentelemetry-demo	P2	REVIEW_STATED_TERMS_BEFORE_COLLECTION	public_demo_repository	Đối chiếu giấy phép đúng phiên bản; ghi revision/ngày truy cập; chỉ sau đó tải mẫu nhỏ để kiểm tra schema và nhãn.
D055	generation_platform	https://github.com/delimitrou/DeathStarBench	P3	HOLD_FOR_CLARIFICATION	public_repository; code_license_conflict	Đối chiếu giấy phép đúng phiên bản; ghi revision/ngày truy cập; chỉ sau đó tải mẫu nhỏ để kiểm tra schema và nhãn.
D056	generation_platform	https://github.com/FudanSELab/train-ticket	P2	REVIEW_STATED_TERMS_BEFORE_COLLECTION	public_application_repository	Đối chiếu giấy phép đúng phiên bản; ghi revision/ngày truy cập; chỉ sau đó tải mẫu nhỏ để kiểm tra schema và nhãn.
D057	generation_platform	https://github.com/GoogleCloudPlatform/microservices-demo	P2	REVIEW_STATED_TERMS_BEFORE_COLLECTION	public_application_repository	Đối chiếu giấy phép đúng phiên bản; ghi revision/ngày truy cập; chỉ sau đó tải mẫu nhỏ để kiểm tra schema và nhãn.
D058	corpus_to_collect	https://kubernetes.io/docs/tasks/debug/	P0	REVIEW_STATED_TERMS_BEFORE_COLLECTION	public_documentation_pages	Đối chiếu giấy phép đúng phiên bản; ghi revision/ngày truy cập; chỉ sau đó tải mẫu nhỏ để kiểm tra schema và nhãn.
D059	corpus_to_collect	https://runbooks.prometheus-operator.dev/	P0	REVIEW_STATED_TERMS_BEFORE_COLLECTION	public_repository_and_runbook_site	Đối chiếu giấy phép đúng phiên bản; ghi revision/ngày truy cập; chỉ sau đó tải mẫu nhỏ để kiểm tra schema và nhãn.
D060	corpus_access_unconfirmed	https://sre.google/workbook/	P3	HOLD_FOR_CLARIFICATION	landing_blocked_in_audit	Đối chiếu giấy phép đúng phiên bản; ghi revision/ngày truy cập; chỉ sau đó tải mẫu nhỏ để kiểm tra schema và nhãn.
D061	corpus_to_collect	https://status.cloud.google.com/summary	P1	HOLD_FOR_CLARIFICATION	public_history_landing	Đối chiếu giấy phép đúng phiên bản; ghi revision/ngày truy cập; chỉ sau đó tải mẫu nhỏ để kiểm tra schema và nhãn.
D062	corpus_to_collect	https://aws.amazon.com/premiumsupport/technology/pes/	P1	HOLD_FOR_CLARIFICATION	public_postevent_landing	Đối chiếu giấy phép đúng phiên bản; ghi revision/ngày truy cập; chỉ sau đó tải mẫu nhỏ để kiểm tra schema và nhãn.
D063	corpus_to_collect	https://blog.cloudflare.com/tag/post-mortem/	P1	HOLD_FOR_CLARIFICATION	public_tag_landing	Đối chiếu giấy phép đúng phiên bản; ghi revision/ngày truy cập; chỉ sau đó tải mẫu nhỏ để kiểm tra schema và nhãn.
D064	corpus_to_collect	https://www.githubstatus.com/history	P2	HOLD_FOR_CLARIFICATION	public_history_landing	Đối chiếu giấy phép đúng phiên bản; ghi revision/ngày truy cập; chỉ sau đó tải mẫu nhỏ để kiểm tra schema và nhãn.
D065	subset	https://huggingface.co/datasets/phamquiluan/RCAEval	P1	REVIEW_STATED_TERMS_BEFORE_COLLECTION	public_landing_and_file_or_download_listing; assets_not_tested	Đối chiếu giấy phép đúng phiên bản; ghi revision/ngày truy cập; chỉ sau đó tải mẫu nhỏ để kiểm tra schema và nhãn.
D066	subset	https://huggingface.co/datasets/phamquiluan/RCAEval	P1	REVIEW_STATED_TERMS_BEFORE_COLLECTION	public_landing_and_file_or_download_listing; assets_not_tested	Đối chiếu giấy phép đúng phiên bản; ghi revision/ngày truy cập; chỉ sau đó tải mẫu nhỏ để kiểm tra schema và nhãn.
D067	subset	https://huggingface.co/datasets/phamquiluan/RCAEval	P1	REVIEW_STATED_TERMS_BEFORE_COLLECTION	public_landing_and_file_or_download_listing; assets_not_tested	Đối chiếu giấy phép đúng phiên bản; ghi revision/ngày truy cập; chỉ sau đó tải mẫu nhỏ để kiểm tra schema và nhãn.
D068	subset	https://huggingface.co/datasets/phamquiluan/RCAEval	P0	REVIEW_STATED_TERMS_BEFORE_COLLECTION	public_landing_and_file_or_download_listing; assets_not_tested	Đối chiếu giấy phép đúng phiên bản; ghi revision/ngày truy cập; chỉ sau đó tải mẫu nhỏ để kiểm tra schema và nhãn.
D069	subset	https://huggingface.co/datasets/phamquiluan/RCAEval	P1	REVIEW_STATED_TERMS_BEFORE_COLLECTION	public_landing_and_file_or_download_listing; assets_not_tested	Đối chiếu giấy phép đúng phiên bản; ghi revision/ngày truy cập; chỉ sau đó tải mẫu nhỏ để kiểm tra schema và nhãn.
D070	subset	https://huggingface.co/datasets/phamquiluan/RCAEval	P1	REVIEW_STATED_TERMS_BEFORE_COLLECTION	public_landing_and_file_or_download_listing; assets_not_tested	Đối chiếu giấy phép đúng phiên bản; ghi revision/ngày truy cập; chỉ sau đó tải mẫu nhỏ để kiểm tra schema và nhãn.
D071	subset	https://huggingface.co/datasets/phamquiluan/RCAEval	P1	REVIEW_STATED_TERMS_BEFORE_COLLECTION	public_landing_and_file_or_download_listing; assets_not_tested	Đối chiếu giấy phép đúng phiên bản; ghi revision/ngày truy cập; chỉ sau đó tải mẫu nhỏ để kiểm tra schema và nhãn.
D072	subset	https://huggingface.co/datasets/phamquiluan/RCAEval	P1	REVIEW_STATED_TERMS_BEFORE_COLLECTION	public_landing_and_file_or_download_listing; assets_not_tested	Đối chiếu giấy phép đúng phiên bản; ghi revision/ngày truy cập; chỉ sau đó tải mẫu nhỏ để kiểm tra schema và nhãn.
D073	subset	https://huggingface.co/datasets/phamquiluan/RCAEval	P1	REVIEW_STATED_TERMS_BEFORE_COLLECTION	public_landing_and_file_or_download_listing; assets_not_tested	Đối chiếu giấy phép đúng phiên bản; ghi revision/ngày truy cập; chỉ sau đó tải mẫu nhỏ để kiểm tra schema và nhãn.
D074	subset	https://zenodo.org/records/8196385	P1	REVIEW_STATED_TERMS_BEFORE_COLLECTION	public_landing_and_file_or_download_listing; assets_not_tested	Đối chiếu giấy phép đúng phiên bản; ghi revision/ngày truy cập; chỉ sau đó tải mẫu nhỏ để kiểm tra schema và nhãn.
D075	subset	https://zenodo.org/records/8196385	P2	REVIEW_STATED_TERMS_BEFORE_COLLECTION	public_landing_and_file_or_download_listing; assets_not_tested	Đối chiếu giấy phép đúng phiên bản; ghi revision/ngày truy cập; chỉ sau đó tải mẫu nhỏ để kiểm tra schema và nhãn.
D076	subset	https://zenodo.org/records/8196385	P2	REVIEW_STATED_TERMS_BEFORE_COLLECTION	public_landing_and_file_or_download_listing; assets_not_tested	Đối chiếu giấy phép đúng phiên bản; ghi revision/ngày truy cập; chỉ sau đó tải mẫu nhỏ để kiểm tra schema và nhãn.
D077	subset	https://zenodo.org/records/8196385	P2	REVIEW_STATED_TERMS_BEFORE_COLLECTION	public_landing_and_file_or_download_listing; assets_not_tested	Đối chiếu giấy phép đúng phiên bản; ghi revision/ngày truy cập; chỉ sau đó tải mẫu nhỏ để kiểm tra schema và nhãn.
D078	subset	https://zenodo.org/records/8196385	P2	REVIEW_STATED_TERMS_BEFORE_COLLECTION	public_landing_and_file_or_download_listing; assets_not_tested	Đối chiếu giấy phép đúng phiên bản; ghi revision/ngày truy cập; chỉ sau đó tải mẫu nhỏ để kiểm tra schema và nhãn.
D079	subset	https://zenodo.org/records/8196385	P2	REVIEW_STATED_TERMS_BEFORE_COLLECTION	public_landing_and_file_or_download_listing; assets_not_tested	Đối chiếu giấy phép đúng phiên bản; ghi revision/ngày truy cập; chỉ sau đó tải mẫu nhỏ để kiểm tra schema và nhãn.
D080	subset	https://zenodo.org/records/8196385	P1	REVIEW_STATED_TERMS_BEFORE_COLLECTION	public_landing_and_file_or_download_listing; assets_not_tested	Đối chiếu giấy phép đúng phiên bản; ghi revision/ngày truy cập; chỉ sau đó tải mẫu nhỏ để kiểm tra schema và nhãn.
D081	subset	https://zenodo.org/records/8196385	P1	REVIEW_STATED_TERMS_BEFORE_COLLECTION	public_landing_and_file_or_download_listing; assets_not_tested	Đối chiếu giấy phép đúng phiên bản; ghi revision/ngày truy cập; chỉ sau đó tải mẫu nhỏ để kiểm tra schema và nhãn.
D082	subset	https://zenodo.org/records/8196385	P2	REVIEW_STATED_TERMS_BEFORE_COLLECTION	public_landing_and_file_or_download_listing; assets_not_tested	Đối chiếu giấy phép đúng phiên bản; ghi revision/ngày truy cập; chỉ sau đó tải mẫu nhỏ để kiểm tra schema và nhãn.
D083	subset	https://zenodo.org/records/8196385	P2	REVIEW_STATED_TERMS_BEFORE_COLLECTION	public_landing_and_file_or_download_listing; assets_not_tested	Đối chiếu giấy phép đúng phiên bản; ghi revision/ngày truy cập; chỉ sau đó tải mẫu nhỏ để kiểm tra schema và nhãn.
D084	subset	https://zenodo.org/records/8196385	P2	REVIEW_STATED_TERMS_BEFORE_COLLECTION	public_landing_and_file_or_download_listing; assets_not_tested	Đối chiếu giấy phép đúng phiên bản; ghi revision/ngày truy cập; chỉ sau đó tải mẫu nhỏ để kiểm tra schema và nhãn.
D085	subset	https://zenodo.org/records/8196385	P2	REVIEW_STATED_TERMS_BEFORE_COLLECTION	public_landing_and_file_or_download_listing; assets_not_tested	Đối chiếu giấy phép đúng phiên bản; ghi revision/ngày truy cập; chỉ sau đó tải mẫu nhỏ để kiểm tra schema và nhãn.
D086	subset	https://zenodo.org/records/8196385	P2	REVIEW_STATED_TERMS_BEFORE_COLLECTION	public_landing_and_file_or_download_listing; assets_not_tested	Đối chiếu giấy phép đúng phiên bản; ghi revision/ngày truy cập; chỉ sau đó tải mẫu nhỏ để kiểm tra schema và nhãn.
D087	subset	https://zenodo.org/records/8196385	P2	REVIEW_STATED_TERMS_BEFORE_COLLECTION	public_landing_and_file_or_download_listing; assets_not_tested	Đối chiếu giấy phép đúng phiên bản; ghi revision/ngày truy cập; chỉ sau đó tải mẫu nhỏ để kiểm tra schema và nhãn.
D088	subset	https://zenodo.org/records/8196385	P2	REVIEW_STATED_TERMS_BEFORE_COLLECTION	public_landing_and_file_or_download_listing; assets_not_tested	Đối chiếu giấy phép đúng phiên bản; ghi revision/ngày truy cập; chỉ sau đó tải mẫu nhỏ để kiểm tra schema và nhãn.
D089	subset	https://zenodo.org/records/8196385	P2	REVIEW_STATED_TERMS_BEFORE_COLLECTION	public_landing_and_file_or_download_listing; assets_not_tested	Đối chiếu giấy phép đúng phiên bản; ghi revision/ngày truy cập; chỉ sau đó tải mẫu nhỏ để kiểm tra schema và nhãn.
D090	subset	https://zenodo.org/records/8196385	P1	REVIEW_STATED_TERMS_BEFORE_COLLECTION	public_landing_and_file_or_download_listing; assets_not_tested	Đối chiếu giấy phép đúng phiên bản; ghi revision/ngày truy cập; chỉ sau đó tải mẫu nhỏ để kiểm tra schema và nhãn.
D091	subset	https://zenodo.org/records/8196385	P2	REVIEW_STATED_TERMS_BEFORE_COLLECTION	public_landing_and_file_or_download_listing; assets_not_tested	Đối chiếu giấy phép đúng phiên bản; ghi revision/ngày truy cập; chỉ sau đó tải mẫu nhỏ để kiểm tra schema và nhãn.
D092	subset	https://zenodo.org/records/8196385	P2	REVIEW_STATED_TERMS_BEFORE_COLLECTION	public_landing_and_file_or_download_listing; assets_not_tested	Đối chiếu giấy phép đúng phiên bản; ghi revision/ngày truy cập; chỉ sau đó tải mẫu nhỏ để kiểm tra schema và nhãn.
D093	subset	https://huggingface.co/datasets/Lemma-RCA-NEC/Product_Review_Original	P1	HOLD_FOR_CLARIFICATION	public_dataset_cards; license_conflict_blocks_release_decision	Đối chiếu giấy phép đúng phiên bản; ghi revision/ngày truy cập; chỉ sau đó tải mẫu nhỏ để kiểm tra schema và nhãn.
D094	subset	https://huggingface.co/datasets/Lemma-RCA-NEC/Product_Review_Original	P1	HOLD_FOR_CLARIFICATION	public_dataset_cards; license_conflict_blocks_release_decision	Đối chiếu giấy phép đúng phiên bản; ghi revision/ngày truy cập; chỉ sau đó tải mẫu nhỏ để kiểm tra schema và nhãn.
D095	subset	https://huggingface.co/datasets/Lemma-RCA-NEC/Product_Review_Original	P3	HOLD_FOR_CLARIFICATION	public_dataset_cards; license_conflict_blocks_release_decision	Đối chiếu giấy phép đúng phiên bản; ghi revision/ngày truy cập; chỉ sau đó tải mẫu nhỏ để kiểm tra schema và nhãn.
D096	subset	https://huggingface.co/datasets/Lemma-RCA-NEC/Product_Review_Original	P3	HOLD_FOR_CLARIFICATION	public_dataset_cards; license_conflict_blocks_release_decision	Đối chiếu giấy phép đúng phiên bản; ghi revision/ngày truy cập; chỉ sau đó tải mẫu nhỏ để kiểm tra schema và nhãn.
D097	subset	https://drive.google.com/drive/folders/1wGiEnu4OkWrjPxfx5ZTROnU37-5UDoPM?usp=drive_link	P1	HOLD_FOR_CLARIFICATION	public_repository; external_download_not_tested	Đối chiếu giấy phép đúng phiên bản; ghi revision/ngày truy cập; chỉ sau đó tải mẫu nhỏ để kiểm tra schema và nhãn.
D098	subset	https://drive.google.com/drive/folders/1wGiEnu4OkWrjPxfx5ZTROnU37-5UDoPM?usp=drive_link	P1	HOLD_FOR_CLARIFICATION	public_repository; external_download_not_tested	Đối chiếu giấy phép đúng phiên bản; ghi revision/ngày truy cập; chỉ sau đó tải mẫu nhỏ để kiểm tra schema và nhãn.
D099	subset	https://drive.google.com/drive/folders/1wGiEnu4OkWrjPxfx5ZTROnU37-5UDoPM?usp=drive_link	P1	HOLD_FOR_CLARIFICATION	public_repository; external_download_not_tested	Đối chiếu giấy phép đúng phiên bản; ghi revision/ngày truy cập; chỉ sau đó tải mẫu nhỏ để kiểm tra schema và nhãn.
D100	benchmark_version	https://github.com/IBM/mt-rag-benchmark	P1	REVIEW_UPSTREAM_AND_RELEASE	public_landing_and_file_or_download_listing; assets_not_tested	Đối chiếu giấy phép đúng phiên bản; ghi revision/ngày truy cập; chỉ sau đó tải mẫu nhỏ để kiểm tra schema và nhãn.
D101	subset	https://huggingface.co/datasets/ibm-research/ITBench-Lite	P0	REVIEW_STATED_TERMS_BEFORE_COLLECTION	public_landing_and_file_or_download_listing; assets_not_tested	Đối chiếu giấy phép đúng phiên bản; ghi revision/ngày truy cập; chỉ sau đó tải mẫu nhỏ để kiểm tra schema và nhãn.
D102	subset	https://github.com/IBM/mt-rag-benchmark	P0	REVIEW_UPSTREAM_AND_RELEASE	public_landing_and_file_or_download_listing; assets_not_tested	Đối chiếu giấy phép đúng phiên bản; ghi revision/ngày truy cập; chỉ sau đó tải mẫu nhỏ để kiểm tra schema và nhãn.
