document_id	source_id	source_path	decision	reason	review_state	reviewer	reviewed_at	owner	check_owner	check_reviewer	check_reviewed_at	decision_version	decision_origin	allowed_experiment_mode	app_version	platform_version	deployment_compatibility	config_preconditions	evidence_role	conditional_use	evidence_ids	source_evidence_span	source_revision	source_url	raw_sha256	text_hash	available_at	availability_basis	retrieved_at	published_at	updated_at	deployment_evidence_ids	is_qrel
KBH-D057-0ad6299a6f1d	D057	kubernetes-manifests/redis.yaml	unknown	Upstream redis configuration defines Deployment/Service objects; deployed release/configuration match is unverified.	pending			A	B			applicability-proposal-v1	codex_proposal_not_human_review	candidate_conditional	unknown	unknown	unknown	Require deployed workload/configuration evidence before using ports, dependencies, image names or resource values as facts; source manifests require Skaffold image substitution.	upstream_configuration_reference	No use until required review/release gates. For a locally authorized candidate, use only as a conditional diagnostic/reference hypothesis; never claim compatibility, causal relevance or an observed incident fact.	"[""KBH-D057-0ad6299a6f1d"",""03_collection_plan/knowledge-corpus-historical/raw/source-snapshots/D057/files/kubernetes-manifests/redis.yaml"",""03_collection_plan/knowledge-corpus-historical/raw/source-snapshots/D057/files/kubernetes-manifests/redis.yaml.receipt.json""]"	"{""document_id"":""KBH-D057-0ad6299a6f1d"",""offset_unit"":""unicode_codepoint_in_source_document_text"",""start_offset"":576,""end_offset"":1176,""text_sha256"":""91e9f1a17ba9e8c545fa1b237d6180a5315bfd3f5899a3d48155554586590c7f"",""document_text_sha256"":""d4d5c22c12a7d8d6bb8362e23d0b82873528eea47c1fcc3960d868c46a8e1349""}"	80bea9bfd97bec107361d4663e207aa8d3f312c6	https://github.com/GoogleCloudPlatform/microservices-demo/blob/80bea9bfd97bec107361d4663e207aa8d3f312c6/kubernetes-manifests/redis.yaml	d4d5c22c12a7d8d6bb8362e23d0b82873528eea47c1fcc3960d868c46a8e1349	d4d5c22c12a7d8d6bb8362e23d0b82873528eea47c1fcc3960d868c46a8e1349	2023-12-28T18:03:44Z	conservative_repository_snapshot_commit_time_not_document_publication	2026-09-12T16:58:02.175009Z			[]	False
KBH-D057-0df08c03749a	D057	kubernetes-manifests/README.md	unknown	Explicit warning that source manifests require Skaffold image substitution; deployed implementation/configuration match is unverified.	pending			A	B			applicability-proposal-v1	codex_proposal_not_human_review	candidate_conditional	unknown	unknown	unknown	Use as a qualification on source YAML; these files do not establish the deployed images or directly deployable release.	application_reference	No use until required review/release gates. For a locally authorized candidate, use only as a conditional diagnostic/reference hypothesis; never claim compatibility, causal relevance or an observed incident fact.	"[""KBH-D057-0df08c03749a"",""03_collection_plan/knowledge-corpus-historical/raw/source-snapshots/D057/files/kubernetes-manifests/README.md"",""03_collection_plan/knowledge-corpus-historical/raw/source-snapshots/D057/files/kubernetes-manifests/README.md.receipt.json""]"	"{""document_id"":""KBH-D057-0df08c03749a"",""offset_unit"":""unicode_codepoint_in_source_document_text"",""start_offset"":0,""end_offset"":317,""text_sha256"":""2ed98a865924152336d2292e9c438c32195c393de262e51ebf99d26765242cd5"",""document_text_sha256"":""2ed98a865924152336d2292e9c438c32195c393de262e51ebf99d26765242cd5""}"	80bea9bfd97bec107361d4663e207aa8d3f312c6	https://github.com/GoogleCloudPlatform/microservices-demo/blob/80bea9bfd97bec107361d4663e207aa8d3f312c6/kubernetes-manifests/README.md	2ed98a865924152336d2292e9c438c32195c393de262e51ebf99d26765242cd5	2ed98a865924152336d2292e9c438c32195c393de262e51ebf99d26765242cd5	2023-12-28T18:03:44Z	conservative_repository_snapshot_commit_time_not_document_publication	2026-09-12T16:57:59.908028Z			[]	False
KBH-D057-10119f6772e5	D057	kustomize/components/google-cloud-operations/README.md	unknown	Optional Google Cloud Operations instrumentation, explicitly disabled by default; deployed implementation/configuration match is unverified.	pending			A	B			applicability-proposal-v1	codex_proposal_not_human_review	candidate_conditional	unknown	unknown	unknown	Require evidence that the component, tracing/metrics environment options and collector are enabled; do not assume telemetry exists.	application_reference	No use until required review/release gates. For a locally authorized candidate, use only as a conditional diagnostic/reference hypothesis; never claim compatibility, causal relevance or an observed incident fact.	"[""KBH-D057-10119f6772e5"",""03_collection_plan/knowledge-corpus-historical/raw/source-snapshots/D057/files/kustomize/components/google-cloud-operations/README.md"",""03_collection_plan/knowledge-corpus-historical/raw/source-snapshots/D057/files/kustomize/components/google-cloud-operations/README.md.receipt.json""]"	"{""document_id"":""KBH-D057-10119f6772e5"",""offset_unit"":""unicode_codepoint_in_source_document_text"",""start_offset"":0,""end_offset"":600,""text_sha256"":""c119c4a58d9251f1805156bb35a4fc020674acd7a9f5740cac285c15de04c15d"",""document_text_sha256"":""192e69975d8a1694bc055d9de4f87233f1857cb3571cd0384176b11ecddc3416""}"	80bea9bfd97bec107361d4663e207aa8d3f312c6	https://github.com/GoogleCloudPlatform/microservices-demo/blob/80bea9bfd97bec107361d4663e207aa8d3f312c6/kustomize/components/google-cloud-operations/README.md	192e69975d8a1694bc055d9de4f87233f1857cb3571cd0384176b11ecddc3416	192e69975d8a1694bc055d9de4f87233f1857cb3571cd0384176b11ecddc3416	2023-12-28T18:03:44Z	conservative_repository_snapshot_commit_time_not_document_publication	2026-09-12T16:58:00.554761Z			[]	False
KBH-D057-1abc0a247aed	D057	kubernetes-manifests/cartservice.yaml	unknown	Upstream cartservice configuration defines Deployment/Service objects; deployed release/configuration match is unverified.	pending			A	B			applicability-proposal-v1	codex_proposal_not_human_review	candidate_conditional	unknown	unknown	unknown	Require deployed workload/configuration evidence before using ports, dependencies, image names or resource values as facts; source manifests require Skaffold image substitution.	upstream_configuration_reference	No use until required review/release gates. For a locally authorized candidate, use only as a conditional diagnostic/reference hypothesis; never claim compatibility, causal relevance or an observed incident fact.	"[""KBH-D057-1abc0a247aed"",""03_collection_plan/knowledge-corpus-historical/raw/source-snapshots/D057/files/kubernetes-manifests/cartservice.yaml"",""03_collection_plan/knowledge-corpus-historical/raw/source-snapshots/D057/files/kubernetes-manifests/cartservice.yaml.receipt.json""]"	"{""document_id"":""KBH-D057-1abc0a247aed"",""offset_unit"":""unicode_codepoint_in_source_document_text"",""start_offset"":576,""end_offset"":1176,""text_sha256"":""ce8ac89ac9365069b75ff44c31eec8aac03c2e57bcb478f61544fcce8e0940f5"",""document_text_sha256"":""8198d8f4ccab29076f027f6ee21cc1dc438c07c22a32e7df6260008825582147""}"	80bea9bfd97bec107361d4663e207aa8d3f312c6	https://github.com/GoogleCloudPlatform/microservices-demo/blob/80bea9bfd97bec107361d4663e207aa8d3f312c6/kubernetes-manifests/cartservice.yaml	8198d8f4ccab29076f027f6ee21cc1dc438c07c22a32e7df6260008825582147	8198d8f4ccab29076f027f6ee21cc1dc438c07c22a32e7df6260008825582147	2023-12-28T18:03:44Z	conservative_repository_snapshot_commit_time_not_document_publication	2026-09-12T16:58:01.074167Z			[]	False
KBH-D057-3265685291bc	D057	src/adservice/README.md	unknown	Ad service context-key behavior and local Gradle/Docker build instructions; deployed implementation/configuration match is unverified.	pending			A	B			applicability-proposal-v1	codex_proposal_not_human_review	candidate_conditional	unknown	unknown	unknown	Verify matching adservice implementation; local build commands are development context, not incident evidence.	application_reference	No use until required review/release gates. For a locally authorized candidate, use only as a conditional diagnostic/reference hypothesis; never claim compatibility, causal relevance or an observed incident fact.	"[""KBH-D057-3265685291bc"",""03_collection_plan/knowledge-corpus-historical/raw/source-snapshots/D057/files/src/adservice/README.md"",""03_collection_plan/knowledge-corpus-historical/raw/source-snapshots/D057/files/src/adservice/README.md.receipt.json""]"	"{""document_id"":""KBH-D057-3265685291bc"",""offset_unit"":""unicode_codepoint_in_source_document_text"",""start_offset"":0,""end_offset"":600,""text_sha256"":""3d5cb47efdeba45eaf7be0df48290b62372234d210d1f7c0aa0e56a68ff73694"",""document_text_sha256"":""363d8d5e709a15b0813fa88d6b375435d86646f82f78e0c942b7883523ef91d0""}"	80bea9bfd97bec107361d4663e207aa8d3f312c6	https://github.com/GoogleCloudPlatform/microservices-demo/blob/80bea9bfd97bec107361d4663e207aa8d3f312c6/src/adservice/README.md	363d8d5e709a15b0813fa88d6b375435d86646f82f78e0c942b7883523ef91d0	363d8d5e709a15b0813fa88d6b375435d86646f82f78e0c942b7883523ef91d0	2023-12-28T18:03:44Z	conservative_repository_snapshot_commit_time_not_document_publication	2026-09-12T16:57:59.843680Z			[]	False
KBH-D057-4849feed2498	D057	kubernetes-manifests/productcatalogservice.yaml	unknown	Upstream productcatalogservice configuration defines Deployment/Service objects; deployed release/configuration match is unverified.	pending			A	B			applicability-proposal-v1	codex_proposal_not_human_review	candidate_conditional	unknown	unknown	unknown	Require deployed workload/configuration evidence before using ports, dependencies, image names or resource values as facts; source manifests require Skaffold image substitution.	upstream_configuration_reference	No use until required review/release gates. For a locally authorized candidate, use only as a conditional diagnostic/reference hypothesis; never claim compatibility, causal relevance or an observed incident fact.	"[""KBH-D057-4849feed2498"",""03_collection_plan/knowledge-corpus-historical/raw/source-snapshots/D057/files/kubernetes-manifests/productcatalogservice.yaml"",""03_collection_plan/knowledge-corpus-historical/raw/source-snapshots/D057/files/kubernetes-manifests/productcatalogservice.yaml.receipt.json""]"	"{""document_id"":""KBH-D057-4849feed2498"",""offset_unit"":""unicode_codepoint_in_source_document_text"",""start_offset"":576,""end_offset"":1176,""text_sha256"":""e12a813d0d2ddbc24ce7f3245a83ef324e7ec10cbc508453697a113f49fc99e4"",""document_text_sha256"":""a992d1f3606e252a422834040eaba329552d3dc1f25f532cd83181617fdcf5bc""}"	80bea9bfd97bec107361d4663e207aa8d3f312c6	https://github.com/GoogleCloudPlatform/microservices-demo/blob/80bea9bfd97bec107361d4663e207aa8d3f312c6/kubernetes-manifests/productcatalogservice.yaml	a992d1f3606e252a422834040eaba329552d3dc1f25f532cd83181617fdcf5bc	a992d1f3606e252a422834040eaba329552d3dc1f25f532cd83181617fdcf5bc	2023-12-28T18:03:44Z	conservative_repository_snapshot_commit_time_not_document_publication	2026-09-12T16:58:02.364973Z			[]	False
KBH-D057-4fe9c69346cd	D057	src/frontend/README.md	excluded	Only a local dependency vendoring command; no service behavior or diagnostic content.	pending			A	B			applicability-proposal-v1	codex_proposal_not_human_review	excluded	unknown	unknown	unknown	Retain in source registry; excluded from candidate retrieval pending A/B review.	non_operational_or_incomplete_source	No use until required review/release gates. For a locally authorized candidate, use only as a conditional diagnostic/reference hypothesis; never claim compatibility, causal relevance or an observed incident fact.	"[""KBH-D057-4fe9c69346cd"",""03_collection_plan/knowledge-corpus-historical/raw/source-snapshots/D057/files/src/frontend/README.md"",""03_collection_plan/knowledge-corpus-historical/raw/source-snapshots/D057/files/src/frontend/README.md.receipt.json""]"	"{""document_id"":""KBH-D057-4fe9c69346cd"",""offset_unit"":""unicode_codepoint_in_source_document_text"",""start_offset"":0,""end_offset"":116,""text_sha256"":""7eaaadf5badc6d88fc1c39e4eec70ccdc62d2a132bb9f43008526cd4dd45412e"",""document_text_sha256"":""7eaaadf5badc6d88fc1c39e4eec70ccdc62d2a132bb9f43008526cd4dd45412e""}"	80bea9bfd97bec107361d4663e207aa8d3f312c6	https://github.com/GoogleCloudPlatform/microservices-demo/blob/80bea9bfd97bec107361d4663e207aa8d3f312c6/src/frontend/README.md	7eaaadf5badc6d88fc1c39e4eec70ccdc62d2a132bb9f43008526cd4dd45412e	7eaaadf5badc6d88fc1c39e4eec70ccdc62d2a132bb9f43008526cd4dd45412e	2023-12-28T18:03:44Z	conservative_repository_snapshot_commit_time_not_document_publication	2026-09-12T16:58:00.019017Z			[]	False
KBH-D057-562ed69e4788	D057	kubernetes-manifests/frontend.yaml	unknown	Upstream frontend configuration defines Deployment/Service objects; deployed release/configuration match is unverified.	pending			A	B			applicability-proposal-v1	codex_proposal_not_human_review	candidate_conditional	unknown	unknown	unknown	Require deployed workload/configuration evidence before using ports, dependencies, image names or resource values as facts; source manifests require Skaffold image substitution.	upstream_configuration_reference	No use until required review/release gates. For a locally authorized candidate, use only as a conditional diagnostic/reference hypothesis; never claim compatibility, causal relevance or an observed incident fact.	"[""KBH-D057-562ed69e4788"",""03_collection_plan/knowledge-corpus-historical/raw/source-snapshots/D057/files/kubernetes-manifests/frontend.yaml"",""03_collection_plan/knowledge-corpus-historical/raw/source-snapshots/D057/files/kubernetes-manifests/frontend.yaml.receipt.json""]"	"{""document_id"":""KBH-D057-562ed69e4788"",""offset_unit"":""unicode_codepoint_in_source_document_text"",""start_offset"":576,""end_offset"":1176,""text_sha256"":""e9a1f7cef8c82bef5453d13f4136057088ed489f079f2ba8389268de1ca43446"",""document_text_sha256"":""0604873bb6f8eac9f678fec315e8bf562ff09151a3d3f304f8411fa509632ff5""}"	80bea9bfd97bec107361d4663e207aa8d3f312c6	https://github.com/GoogleCloudPlatform/microservices-demo/blob/80bea9bfd97bec107361d4663e207aa8d3f312c6/kubernetes-manifests/frontend.yaml	0604873bb6f8eac9f678fec315e8bf562ff09151a3d3f304f8411fa509632ff5	0604873bb6f8eac9f678fec315e8bf562ff09151a3d3f304f8411fa509632ff5	2023-12-28T18:03:44Z	conservative_repository_snapshot_commit_time_not_document_publication	2026-09-12T16:58:01.638802Z			[]	False
KBH-D057-86278876e6bf	D057	kubernetes-manifests/loadgenerator.yaml	unknown	Upstream loadgenerator configuration defines Deployment objects; deployed release/configuration match is unverified.	pending			A	B			applicability-proposal-v1	codex_proposal_not_human_review	candidate_conditional	unknown	unknown	unknown	Require deployed workload/configuration evidence before using ports, dependencies, image names or resource values as facts; source manifests require Skaffold image substitution.	upstream_configuration_reference	No use until required review/release gates. For a locally authorized candidate, use only as a conditional diagnostic/reference hypothesis; never claim compatibility, causal relevance or an observed incident fact.	"[""KBH-D057-86278876e6bf"",""03_collection_plan/knowledge-corpus-historical/raw/source-snapshots/D057/files/kubernetes-manifests/loadgenerator.yaml"",""03_collection_plan/knowledge-corpus-historical/raw/source-snapshots/D057/files/kubernetes-manifests/loadgenerator.yaml.receipt.json""]"	"{""document_id"":""KBH-D057-86278876e6bf"",""offset_unit"":""unicode_codepoint_in_source_document_text"",""start_offset"":575,""end_offset"":1175,""text_sha256"":""9084022c6ee70fe4d2cfacb962b062a6354b864cf41728915b4624001e4baa6d"",""document_text_sha256"":""1aef175d1cee25cbd4d947d6d5a9f4362e9efede59040731272065ab89521e82""}"	80bea9bfd97bec107361d4663e207aa8d3f312c6	https://github.com/GoogleCloudPlatform/microservices-demo/blob/80bea9bfd97bec107361d4663e207aa8d3f312c6/kubernetes-manifests/loadgenerator.yaml	1aef175d1cee25cbd4d947d6d5a9f4362e9efede59040731272065ab89521e82	1aef175d1cee25cbd4d947d6d5a9f4362e9efede59040731272065ab89521e82	2023-12-28T18:03:44Z	conservative_repository_snapshot_commit_time_not_document_publication	2026-09-12T16:58:01.729066Z			[]	False
KBH-D057-9151fc03d266	D057	kubernetes-manifests/emailservice.yaml	unknown	Upstream emailservice configuration defines Deployment/Service objects; deployed release/configuration match is unverified.	pending			A	B			applicability-proposal-v1	codex_proposal_not_human_review	candidate_conditional	unknown	unknown	unknown	Require deployed workload/configuration evidence before using ports, dependencies, image names or resource values as facts; source manifests require Skaffold image substitution.	upstream_configuration_reference	No use until required review/release gates. For a locally authorized candidate, use only as a conditional diagnostic/reference hypothesis; never claim compatibility, causal relevance or an observed incident fact.	"[""KBH-D057-9151fc03d266"",""03_collection_plan/knowledge-corpus-historical/raw/source-snapshots/D057/files/kubernetes-manifests/emailservice.yaml"",""03_collection_plan/knowledge-corpus-historical/raw/source-snapshots/D057/files/kubernetes-manifests/emailservice.yaml.receipt.json""]"	"{""document_id"":""KBH-D057-9151fc03d266"",""offset_unit"":""unicode_codepoint_in_source_document_text"",""start_offset"":576,""end_offset"":1176,""text_sha256"":""b20401c92da29242180343f12dd4d054d4f6a565c8d7ce5a54eed62f16c36902"",""document_text_sha256"":""b3e8869a9fbb027aa7e090cf8a1ccfddf91db32850f39e8f43fd63d593b91596""}"	80bea9bfd97bec107361d4663e207aa8d3f312c6	https://github.com/GoogleCloudPlatform/microservices-demo/blob/80bea9bfd97bec107361d4663e207aa8d3f312c6/kubernetes-manifests/emailservice.yaml	b3e8869a9fbb027aa7e090cf8a1ccfddf91db32850f39e8f43fd63d593b91596	b3e8869a9fbb027aa7e090cf8a1ccfddf91db32850f39e8f43fd63d593b91596	2023-12-28T18:03:44Z	conservative_repository_snapshot_commit_time_not_document_publication	2026-09-12T16:58:01.637800Z			[]	False
KBH-D057-92b8eacf1ebb	D057	src/shippingservice/README.md	unknown	Shipping quote/tracking behavior plus local build and test instructions; deployed implementation/configuration match is unverified.	pending			A	B			applicability-proposal-v1	codex_proposal_not_human_review	candidate_conditional	unknown	unknown	unknown	Verify matching shippingservice implementation and RPC behavior before applying the interface description.	application_reference	No use until required review/release gates. For a locally authorized candidate, use only as a conditional diagnostic/reference hypothesis; never claim compatibility, causal relevance or an observed incident fact.	"[""KBH-D057-92b8eacf1ebb"",""03_collection_plan/knowledge-corpus-historical/raw/source-snapshots/D057/files/src/shippingservice/README.md"",""03_collection_plan/knowledge-corpus-historical/raw/source-snapshots/D057/files/src/shippingservice/README.md.receipt.json""]"	"{""document_id"":""KBH-D057-92b8eacf1ebb"",""offset_unit"":""unicode_codepoint_in_source_document_text"",""start_offset"":0,""end_offset"":351,""text_sha256"":""0924e707f06f7e983ea78ce9cedb8dea22b94c42729cc4a786a263d0f3fec6b6"",""document_text_sha256"":""0924e707f06f7e983ea78ce9cedb8dea22b94c42729cc4a786a263d0f3fec6b6""}"	80bea9bfd97bec107361d4663e207aa8d3f312c6	https://github.com/GoogleCloudPlatform/microservices-demo/blob/80bea9bfd97bec107361d4663e207aa8d3f312c6/src/shippingservice/README.md	0924e707f06f7e983ea78ce9cedb8dea22b94c42729cc4a786a263d0f3fec6b6	0924e707f06f7e983ea78ce9cedb8dea22b94c42729cc4a786a263d0f3fec6b6	2023-12-28T18:03:44Z	conservative_repository_snapshot_commit_time_not_document_publication	2026-09-12T16:58:00.452197Z			[]	False
KBH-D057-938597fb30c8	D057	kubernetes-manifests/recommendationservice.yaml	unknown	Upstream recommendationservice configuration defines Deployment/Service objects; deployed release/configuration match is unverified.	pending			A	B			applicability-proposal-v1	codex_proposal_not_human_review	candidate_conditional	unknown	unknown	unknown	Require deployed workload/configuration evidence before using ports, dependencies, image names or resource values as facts; source manifests require Skaffold image substitution.	upstream_configuration_reference	No use until required review/release gates. For a locally authorized candidate, use only as a conditional diagnostic/reference hypothesis; never claim compatibility, causal relevance or an observed incident fact.	"[""KBH-D057-938597fb30c8"",""03_collection_plan/knowledge-corpus-historical/raw/source-snapshots/D057/files/kubernetes-manifests/recommendationservice.yaml"",""03_collection_plan/knowledge-corpus-historical/raw/source-snapshots/D057/files/kubernetes-manifests/recommendationservice.yaml.receipt.json""]"	"{""document_id"":""KBH-D057-938597fb30c8"",""offset_unit"":""unicode_codepoint_in_source_document_text"",""start_offset"":576,""end_offset"":1176,""text_sha256"":""4e75cd0c941c177a788ffcd6774962d4cda751891103510412aab5406f5e910e"",""document_text_sha256"":""eb07628abb581a21fa498d2a6c959b79b0e77a474ea1d1eaab0fea7a453d15ec""}"	80bea9bfd97bec107361d4663e207aa8d3f312c6	https://github.com/GoogleCloudPlatform/microservices-demo/blob/80bea9bfd97bec107361d4663e207aa8d3f312c6/kubernetes-manifests/recommendationservice.yaml	eb07628abb581a21fa498d2a6c959b79b0e77a474ea1d1eaab0fea7a453d15ec	eb07628abb581a21fa498d2a6c959b79b0e77a474ea1d1eaab0fea7a453d15ec	2023-12-28T18:03:44Z	conservative_repository_snapshot_commit_time_not_document_publication	2026-09-12T16:58:02.235645Z			[]	False
KBH-D057-9db557923ec4	D057	kubernetes-manifests/adservice.yaml	unknown	Upstream adservice configuration defines Deployment/Service objects; deployed release/configuration match is unverified.	pending			A	B			applicability-proposal-v1	codex_proposal_not_human_review	candidate_conditional	unknown	unknown	unknown	Require deployed workload/configuration evidence before using ports, dependencies, image names or resource values as facts; source manifests require Skaffold image substitution.	upstream_configuration_reference	No use until required review/release gates. For a locally authorized candidate, use only as a conditional diagnostic/reference hypothesis; never claim compatibility, causal relevance or an observed incident fact.	"[""KBH-D057-9db557923ec4"",""03_collection_plan/knowledge-corpus-historical/raw/source-snapshots/D057/files/kubernetes-manifests/adservice.yaml"",""03_collection_plan/knowledge-corpus-historical/raw/source-snapshots/D057/files/kubernetes-manifests/adservice.yaml.receipt.json""]"	"{""document_id"":""KBH-D057-9db557923ec4"",""offset_unit"":""unicode_codepoint_in_source_document_text"",""start_offset"":576,""end_offset"":1176,""text_sha256"":""bd5f27cd3d0cda8d83e549d1a6c6f9001b2a53e0d5a2fee3bda017331b39f073"",""document_text_sha256"":""f6b8c44f94af1addd4f4aa222011a948840876934b0e624b574d66b71e6f7820""}"	80bea9bfd97bec107361d4663e207aa8d3f312c6	https://github.com/GoogleCloudPlatform/microservices-demo/blob/80bea9bfd97bec107361d4663e207aa8d3f312c6/kubernetes-manifests/adservice.yaml	f6b8c44f94af1addd4f4aa222011a948840876934b0e624b574d66b71e6f7820	f6b8c44f94af1addd4f4aa222011a948840876934b0e624b574d66b71e6f7820	2023-12-28T18:03:44Z	conservative_repository_snapshot_commit_time_not_document_publication	2026-09-12T16:58:01.026815Z			[]	False
KBH-D057-a0e4aadcfe2b	D057	kubernetes-manifests/shippingservice.yaml	unknown	Upstream shippingservice configuration defines Deployment/Service objects; deployed release/configuration match is unverified.	pending			A	B			applicability-proposal-v1	codex_proposal_not_human_review	candidate_conditional	unknown	unknown	unknown	Require deployed workload/configuration evidence before using ports, dependencies, image names or resource values as facts; source manifests require Skaffold image substitution.	upstream_configuration_reference	No use until required review/release gates. For a locally authorized candidate, use only as a conditional diagnostic/reference hypothesis; never claim compatibility, causal relevance or an observed incident fact.	"[""KBH-D057-a0e4aadcfe2b"",""03_collection_plan/knowledge-corpus-historical/raw/source-snapshots/D057/files/kubernetes-manifests/shippingservice.yaml"",""03_collection_plan/knowledge-corpus-historical/raw/source-snapshots/D057/files/kubernetes-manifests/shippingservice.yaml.receipt.json""]"	"{""document_id"":""KBH-D057-a0e4aadcfe2b"",""offset_unit"":""unicode_codepoint_in_source_document_text"",""start_offset"":576,""end_offset"":1176,""text_sha256"":""8fe006d33b6232ff34fc4db4390054b06c41647b86c26d26576665ce885c94b8"",""document_text_sha256"":""567359463eb8af70470c92fc80699924cb7136da7f94a4e57fe3f5ee2c477275""}"	80bea9bfd97bec107361d4663e207aa8d3f312c6	https://github.com/GoogleCloudPlatform/microservices-demo/blob/80bea9bfd97bec107361d4663e207aa8d3f312c6/kubernetes-manifests/shippingservice.yaml	567359463eb8af70470c92fc80699924cb7136da7f94a4e57fe3f5ee2c477275	567359463eb8af70470c92fc80699924cb7136da7f94a4e57fe3f5ee2c477275	2023-12-28T18:03:44Z	conservative_repository_snapshot_commit_time_not_document_publication	2026-09-12T16:58:03.271486Z			[]	False
KBH-D057-a23e26c1b47c	D057	src/productcatalogservice/README.md	unknown	Optional dynamic catalog reloading and an artificial delay described by the upstream service; deployed implementation/configuration match is unverified.	pending			A	B			applicability-proposal-v1	codex_proposal_not_human_review	candidate_conditional	unknown	unknown	unknown	Require deployed feature/environment configuration and observed behavior; do not infer this optional delay is active or caused an incident.	application_reference	No use until required review/release gates. For a locally authorized candidate, use only as a conditional diagnostic/reference hypothesis; never claim compatibility, causal relevance or an observed incident fact.	"[""KBH-D057-a23e26c1b47c"",""03_collection_plan/knowledge-corpus-historical/raw/source-snapshots/D057/files/src/productcatalogservice/README.md"",""03_collection_plan/knowledge-corpus-historical/raw/source-snapshots/D057/files/src/productcatalogservice/README.md.receipt.json""]"	"{""document_id"":""KBH-D057-a23e26c1b47c"",""offset_unit"":""unicode_codepoint_in_source_document_text"",""start_offset"":0,""end_offset"":600,""text_sha256"":""e11bfefc59ef117757b8973fc0d9de7e28c423ff205ad96d89875575658d44e4"",""document_text_sha256"":""40c67975726aedce74e39bd07743377c3fddc41db4c15e91c13a08c8a1f2351c""}"	80bea9bfd97bec107361d4663e207aa8d3f312c6	https://github.com/GoogleCloudPlatform/microservices-demo/blob/80bea9bfd97bec107361d4663e207aa8d3f312c6/src/productcatalogservice/README.md	40c67975726aedce74e39bd07743377c3fddc41db4c15e91c13a08c8a1f2351c	40c67975726aedce74e39bd07743377c3fddc41db4c15e91c13a08c8a1f2351c	2023-12-28T18:03:44Z	conservative_repository_snapshot_commit_time_not_document_publication	2026-09-12T16:58:00.500757Z			[]	False
KBH-D057-b33563055168	D057	README.md	unknown	Upstream application overview, service table and deployment instructions; deployed implementation/configuration match is unverified.	pending			A	B			applicability-proposal-v1	codex_proposal_not_human_review	candidate_conditional	unknown	unknown	unknown	Verify the deployed application revision, service names and enabled optional components; upstream architecture is a reference hypothesis.	application_reference	No use until required review/release gates. For a locally authorized candidate, use only as a conditional diagnostic/reference hypothesis; never claim compatibility, causal relevance or an observed incident fact.	"[""KBH-D057-b33563055168"",""03_collection_plan/knowledge-corpus-historical/raw/source-snapshots/D057/files/README.md"",""03_collection_plan/knowledge-corpus-historical/raw/source-snapshots/D057/files/README.md.receipt.json""]"	"{""document_id"":""KBH-D057-b33563055168"",""offset_unit"":""unicode_codepoint_in_source_document_text"",""start_offset"":0,""end_offset"":600,""text_sha256"":""7fb4f9d16db6dbab2c9a67732cf0bc53cabfa2fe9aebd4e89da443a1c42fb3c6"",""document_text_sha256"":""9f27bf2276415b49184aefeab6a977ce8b60810cb68f47fe09284061477ce375""}"	80bea9bfd97bec107361d4663e207aa8d3f312c6	https://github.com/GoogleCloudPlatform/microservices-demo/blob/80bea9bfd97bec107361d4663e207aa8d3f312c6/README.md	9f27bf2276415b49184aefeab6a977ce8b60810cb68f47fe09284061477ce375	9f27bf2276415b49184aefeab6a977ce8b60810cb68f47fe09284061477ce375	2023-12-28T18:03:44Z	conservative_repository_snapshot_commit_time_not_document_publication	2026-09-12T16:57:59.338209Z			[]	False
KBH-D057-c118fc413f7c	D057	kustomize/components/network-policies/README.md	unknown	Optional NetworkPolicy component and network enforcement setup; deployed implementation/configuration match is unverified.	pending			A	B			applicability-proposal-v1	codex_proposal_not_human_review	candidate_conditional	unknown	unknown	unknown	Require the applied NetworkPolicy objects and an enforcing CNI; policy support or denial cannot be inferred from the upstream component.	application_reference	No use until required review/release gates. For a locally authorized candidate, use only as a conditional diagnostic/reference hypothesis; never claim compatibility, causal relevance or an observed incident fact.	"[""KBH-D057-c118fc413f7c"",""03_collection_plan/knowledge-corpus-historical/raw/source-snapshots/D057/files/kustomize/components/network-policies/README.md"",""03_collection_plan/knowledge-corpus-historical/raw/source-snapshots/D057/files/kustomize/components/network-policies/README.md.receipt.json""]"	"{""document_id"":""KBH-D057-c118fc413f7c"",""offset_unit"":""unicode_codepoint_in_source_document_text"",""start_offset"":0,""end_offset"":600,""text_sha256"":""1f8f62f3e43416f6a02f192f7cd7d6eeed54811e92d810e844d2f1b1ddb9b968"",""document_text_sha256"":""d9af7d6ed0d63c7dc357171fff2e2509a3dddcd0db91df302c70d4fcfbedd9d7""}"	80bea9bfd97bec107361d4663e207aa8d3f312c6	https://github.com/GoogleCloudPlatform/microservices-demo/blob/80bea9bfd97bec107361d4663e207aa8d3f312c6/kustomize/components/network-policies/README.md	d9af7d6ed0d63c7dc357171fff2e2509a3dddcd0db91df302c70d4fcfbedd9d7	d9af7d6ed0d63c7dc357171fff2e2509a3dddcd0db91df302c70d4fcfbedd9d7	2023-12-28T18:03:44Z	conservative_repository_snapshot_commit_time_not_document_publication	2026-09-12T16:58:00.553760Z			[]	False
KBH-D057-c14488b4640d	D057	src/checkoutservice/README.md	excluded	Only a local dependency vendoring command; no service behavior or diagnostic content.	pending			A	B			applicability-proposal-v1	codex_proposal_not_human_review	excluded	unknown	unknown	unknown	Retain in source registry; excluded from candidate retrieval pending A/B review.	non_operational_or_incomplete_source	No use until required review/release gates. For a locally authorized candidate, use only as a conditional diagnostic/reference hypothesis; never claim compatibility, causal relevance or an observed incident fact.	"[""KBH-D057-c14488b4640d"",""03_collection_plan/knowledge-corpus-historical/raw/source-snapshots/D057/files/src/checkoutservice/README.md"",""03_collection_plan/knowledge-corpus-historical/raw/source-snapshots/D057/files/src/checkoutservice/README.md.receipt.json""]"	"{""document_id"":""KBH-D057-c14488b4640d"",""offset_unit"":""unicode_codepoint_in_source_document_text"",""start_offset"":0,""end_offset"":123,""text_sha256"":""6c5e1bebc29e5aba859054e8d698f766a33d6a76aa507989be49682233044a51"",""document_text_sha256"":""6c5e1bebc29e5aba859054e8d698f766a33d6a76aa507989be49682233044a51""}"	80bea9bfd97bec107361d4663e207aa8d3f312c6	https://github.com/GoogleCloudPlatform/microservices-demo/blob/80bea9bfd97bec107361d4663e207aa8d3f312c6/src/checkoutservice/README.md	6c5e1bebc29e5aba859054e8d698f766a33d6a76aa507989be49682233044a51	6c5e1bebc29e5aba859054e8d698f766a33d6a76aa507989be49682233044a51	2023-12-28T18:03:44Z	conservative_repository_snapshot_commit_time_not_document_publication	2026-09-12T16:57:59.909026Z			[]	False
KBH-D057-cb3046b350d8	D057	docs/product-requirements.md	excluded	Requirements for demo simplicity and contributor changes; not incident troubleshooting evidence.	pending			A	B			applicability-proposal-v1	codex_proposal_not_human_review	excluded	unknown	unknown	unknown	Retain in source registry; excluded from candidate retrieval pending A/B review.	non_operational_or_incomplete_source	No use until required review/release gates. For a locally authorized candidate, use only as a conditional diagnostic/reference hypothesis; never claim compatibility, causal relevance or an observed incident fact.	"[""KBH-D057-cb3046b350d8"",""03_collection_plan/knowledge-corpus-historical/raw/source-snapshots/D057/files/docs/product-requirements.md"",""03_collection_plan/knowledge-corpus-historical/raw/source-snapshots/D057/files/docs/product-requirements.md.receipt.json""]"	"{""document_id"":""KBH-D057-cb3046b350d8"",""offset_unit"":""unicode_codepoint_in_source_document_text"",""start_offset"":0,""end_offset"":600,""text_sha256"":""2dd65ddc7578a46c7a77be483ae5067318b5800f444bcece4608b870e8fd1484"",""document_text_sha256"":""2876a577a78d4b93f8ef4cc85c90fac103f8d4e9f3c10aab0d225fabce06181d""}"	80bea9bfd97bec107361d4663e207aa8d3f312c6	https://github.com/GoogleCloudPlatform/microservices-demo/blob/80bea9bfd97bec107361d4663e207aa8d3f312c6/docs/product-requirements.md	2876a577a78d4b93f8ef4cc85c90fac103f8d4e9f3c10aab0d225fabce06181d	2876a577a78d4b93f8ef4cc85c90fac103f8d4e9f3c10aab0d225fabce06181d	2023-12-28T18:03:44Z	conservative_repository_snapshot_commit_time_not_document_publication	2026-09-12T16:57:59.274696Z			[]	False
KBH-D057-ccf307e9aff7	D057	docs/purpose.md	excluded	Project purpose and contributor prioritization; no operational diagnosis or configuration reference.	pending			A	B			applicability-proposal-v1	codex_proposal_not_human_review	excluded	unknown	unknown	unknown	Retain in source registry; excluded from candidate retrieval pending A/B review.	non_operational_or_incomplete_source	No use until required review/release gates. For a locally authorized candidate, use only as a conditional diagnostic/reference hypothesis; never claim compatibility, causal relevance or an observed incident fact.	"[""KBH-D057-ccf307e9aff7"",""03_collection_plan/knowledge-corpus-historical/raw/source-snapshots/D057/files/docs/purpose.md"",""03_collection_plan/knowledge-corpus-historical/raw/source-snapshots/D057/files/docs/purpose.md.receipt.json""]"	"{""document_id"":""KBH-D057-ccf307e9aff7"",""offset_unit"":""unicode_codepoint_in_source_document_text"",""start_offset"":0,""end_offset"":600,""text_sha256"":""23c834ebf9a368d4ae8f4443359a6280690e8a58b126bc6e9c795094bcf597ab"",""document_text_sha256"":""9def55b9b50685b06c1b8d094058f5b967a22c14a65dad9d23299c612581149e""}"	80bea9bfd97bec107361d4663e207aa8d3f312c6	https://github.com/GoogleCloudPlatform/microservices-demo/blob/80bea9bfd97bec107361d4663e207aa8d3f312c6/docs/purpose.md	9def55b9b50685b06c1b8d094058f5b967a22c14a65dad9d23299c612581149e	9def55b9b50685b06c1b8d094058f5b967a22c14a65dad9d23299c612581149e	2023-12-28T18:03:44Z	conservative_repository_snapshot_commit_time_not_document_publication	2026-09-12T16:57:59.334208Z			[]	False
KBH-D057-da18896de895	D057	docs/development-guide.md	unknown	Local Skaffold build and development deployment workflow; deployed implementation/configuration match is unverified.	pending			A	B			applicability-proposal-v1	codex_proposal_not_human_review	candidate_conditional	unknown	unknown	unknown	Verify a source-built deployment and compatible Skaffold/Docker/kubectl versions before using development steps.	application_reference	No use until required review/release gates. For a locally authorized candidate, use only as a conditional diagnostic/reference hypothesis; never claim compatibility, causal relevance or an observed incident fact.	"[""KBH-D057-da18896de895"",""03_collection_plan/knowledge-corpus-historical/raw/source-snapshots/D057/files/docs/development-guide.md"",""03_collection_plan/knowledge-corpus-historical/raw/source-snapshots/D057/files/docs/development-guide.md.receipt.json""]"	"{""document_id"":""KBH-D057-da18896de895"",""offset_unit"":""unicode_codepoint_in_source_document_text"",""start_offset"":0,""end_offset"":600,""text_sha256"":""a1bc89165e7a640b5a082efb062d737ac8c8c4db4d9672f977e5f3061d1b488a"",""document_text_sha256"":""a511f8ec92ef5b747fe1621d64ec0798c94fe2cbeef6a2c7fcca1c38ad4367e4""}"	80bea9bfd97bec107361d4663e207aa8d3f312c6	https://github.com/GoogleCloudPlatform/microservices-demo/blob/80bea9bfd97bec107361d4663e207aa8d3f312c6/docs/development-guide.md	a511f8ec92ef5b747fe1621d64ec0798c94fe2cbeef6a2c7fcca1c38ad4367e4	a511f8ec92ef5b747fe1621d64ec0798c94fe2cbeef6a2c7fcca1c38ad4367e4	2023-12-28T18:03:44Z	conservative_repository_snapshot_commit_time_not_document_publication	2026-09-12T16:57:59.336207Z			[]	False
KBH-D057-da53c9e679f7	D057	kubernetes-manifests/checkoutservice.yaml	unknown	Upstream checkoutservice configuration defines Deployment/Service objects; deployed release/configuration match is unverified.	pending			A	B			applicability-proposal-v1	codex_proposal_not_human_review	candidate_conditional	unknown	unknown	unknown	Require deployed workload/configuration evidence before using ports, dependencies, image names or resource values as facts; source manifests require Skaffold image substitution.	upstream_configuration_reference	No use until required review/release gates. For a locally authorized candidate, use only as a conditional diagnostic/reference hypothesis; never claim compatibility, causal relevance or an observed incident fact.	"[""KBH-D057-da53c9e679f7"",""03_collection_plan/knowledge-corpus-historical/raw/source-snapshots/D057/files/kubernetes-manifests/checkoutservice.yaml"",""03_collection_plan/knowledge-corpus-historical/raw/source-snapshots/D057/files/kubernetes-manifests/checkoutservice.yaml.receipt.json""]"	"{""document_id"":""KBH-D057-da53c9e679f7"",""offset_unit"":""unicode_codepoint_in_source_document_text"",""start_offset"":576,""end_offset"":1176,""text_sha256"":""f71aa55851683c99e177579f31be7d6406ee968cf43ec88e13e26813ec9995f8"",""document_text_sha256"":""0986f2ab93612ff5e5ae7a3a8a1454c9c1796acb094d9ab6ac70937af501cd3f""}"	80bea9bfd97bec107361d4663e207aa8d3f312c6	https://github.com/GoogleCloudPlatform/microservices-demo/blob/80bea9bfd97bec107361d4663e207aa8d3f312c6/kubernetes-manifests/checkoutservice.yaml	0986f2ab93612ff5e5ae7a3a8a1454c9c1796acb094d9ab6ac70937af501cd3f	0986f2ab93612ff5e5ae7a3a8a1454c9c1796acb094d9ab6ac70937af501cd3f	2023-12-28T18:03:44Z	conservative_repository_snapshot_commit_time_not_document_publication	2026-09-12T16:58:01.076683Z			[]	False
KBH-D057-e84a682ff5d9	D057	kubernetes-manifests/paymentservice.yaml	unknown	Upstream paymentservice configuration defines Deployment/Service objects; deployed release/configuration match is unverified.	pending			A	B			applicability-proposal-v1	codex_proposal_not_human_review	candidate_conditional	unknown	unknown	unknown	Require deployed workload/configuration evidence before using ports, dependencies, image names or resource values as facts; source manifests require Skaffold image substitution.	upstream_configuration_reference	No use until required review/release gates. For a locally authorized candidate, use only as a conditional diagnostic/reference hypothesis; never claim compatibility, causal relevance or an observed incident fact.	"[""KBH-D057-e84a682ff5d9"",""03_collection_plan/knowledge-corpus-historical/raw/source-snapshots/D057/files/kubernetes-manifests/paymentservice.yaml"",""03_collection_plan/knowledge-corpus-historical/raw/source-snapshots/D057/files/kubernetes-manifests/paymentservice.yaml.receipt.json""]"	"{""document_id"":""KBH-D057-e84a682ff5d9"",""offset_unit"":""unicode_codepoint_in_source_document_text"",""start_offset"":576,""end_offset"":1176,""text_sha256"":""01edf00dbc86be2e12a5111fe4dd780e07eaa3f31f6fe7e12556e03393b17425"",""document_text_sha256"":""63822c66bed8974fccc7c5f26cf1a2ead8c8664597d9b85458d437824a5159c6""}"	80bea9bfd97bec107361d4663e207aa8d3f312c6	https://github.com/GoogleCloudPlatform/microservices-demo/blob/80bea9bfd97bec107361d4663e207aa8d3f312c6/kubernetes-manifests/paymentservice.yaml	63822c66bed8974fccc7c5f26cf1a2ead8c8664597d9b85458d437824a5159c6	63822c66bed8974fccc7c5f26cf1a2ead8c8664597d9b85458d437824a5159c6	2023-12-28T18:03:44Z	conservative_repository_snapshot_commit_time_not_document_publication	2026-09-12T16:58:02.091301Z			[]	False
KBH-D057-f4bcce2e6d7e	D057	protos/demo.proto	unknown	Upstream protobuf service/RPC and message definitions; deployed implementation/configuration match is unverified.	pending			A	B			applicability-proposal-v1	codex_proposal_not_human_review	candidate_conditional	unknown	unknown	unknown	Require matching deployed proto/application revision before asserting an RPC edge or message contract.	upstream_interface_reference	No use until required review/release gates. For a locally authorized candidate, use only as a conditional diagnostic/reference hypothesis; never claim compatibility, causal relevance or an observed incident fact.	"[""KBH-D057-f4bcce2e6d7e"",""03_collection_plan/knowledge-corpus-historical/raw/source-snapshots/D057/files/protos/demo.proto"",""03_collection_plan/knowledge-corpus-historical/raw/source-snapshots/D057/files/protos/demo.proto.receipt.json""]"	"{""document_id"":""KBH-D057-f4bcce2e6d7e"",""offset_unit"":""unicode_codepoint_in_source_document_text"",""start_offset"":589,""end_offset"":1189,""text_sha256"":""ba084500672462d2c77525b100b1d82d2cf5d9f5b7c528a4866518e8802dd64a"",""document_text_sha256"":""850feb8b21f5e40adc72d86f85f0c978f460e7d6e0735994ea3dff08228ea57a""}"	80bea9bfd97bec107361d4663e207aa8d3f312c6	https://github.com/GoogleCloudPlatform/microservices-demo/blob/80bea9bfd97bec107361d4663e207aa8d3f312c6/protos/demo.proto	850feb8b21f5e40adc72d86f85f0c978f460e7d6e0735994ea3dff08228ea57a	850feb8b21f5e40adc72d86f85f0c978f460e7d6e0735994ea3dff08228ea57a	2023-12-28T18:03:44Z	conservative_repository_snapshot_commit_time_not_document_publication	2026-09-12T16:58:01.075675Z			[]	False
KBH-D057-fda19af7a97a	D057	kubernetes-manifests/currencyservice.yaml	unknown	Upstream currencyservice configuration defines Deployment/Service objects; deployed release/configuration match is unverified.	pending			A	B			applicability-proposal-v1	codex_proposal_not_human_review	candidate_conditional	unknown	unknown	unknown	Require deployed workload/configuration evidence before using ports, dependencies, image names or resource values as facts; source manifests require Skaffold image substitution.	upstream_configuration_reference	No use until required review/release gates. For a locally authorized candidate, use only as a conditional diagnostic/reference hypothesis; never claim compatibility, causal relevance or an observed incident fact.	"[""KBH-D057-fda19af7a97a"",""03_collection_plan/knowledge-corpus-historical/raw/source-snapshots/D057/files/kubernetes-manifests/currencyservice.yaml"",""03_collection_plan/knowledge-corpus-historical/raw/source-snapshots/D057/files/kubernetes-manifests/currencyservice.yaml.receipt.json""]"	"{""document_id"":""KBH-D057-fda19af7a97a"",""offset_unit"":""unicode_codepoint_in_source_document_text"",""start_offset"":576,""end_offset"":1176,""text_sha256"":""0b4f027d403e2d0b529561918260b3c15239d03ea5fa0b003634e7d71da13594"",""document_text_sha256"":""4c68212acc1d22b6c67f14570b07e2e669ee4a4eaaef72eb7ca1ca7a540ca4fe""}"	80bea9bfd97bec107361d4663e207aa8d3f312c6	https://github.com/GoogleCloudPlatform/microservices-demo/blob/80bea9bfd97bec107361d4663e207aa8d3f312c6/kubernetes-manifests/currencyservice.yaml	4c68212acc1d22b6c67f14570b07e2e669ee4a4eaaef72eb7ca1ca7a540ca4fe	4c68212acc1d22b6c67f14570b07e2e669ee4a4eaaef72eb7ca1ca7a540ca4fe	2023-12-28T18:03:44Z	conservative_repository_snapshot_commit_time_not_document_publication	2026-09-12T16:58:01.584164Z			[]	False
KBH-D058-1288140b93d4	D058	content/en/docs/tasks/debug/debug-cluster/resource-usage-monitoring.md	unknown	Monitoring approaches and full metrics pipeline overview; cluster/version compatibility is unverified.	pending			A	B			applicability-proposal-v1	codex_proposal_not_human_review	candidate_conditional	unknown	unknown	unknown	Verify the selected monitoring backend, exporters and retention; a list of tools does not prove their deployment.	conditional_platform_diagnostic_reference	No use until required review/release gates. For a locally authorized candidate, use only as a conditional diagnostic/reference hypothesis; never claim compatibility, causal relevance or an observed incident fact.	"[""KBH-D058-1288140b93d4"",""03_collection_plan/knowledge-corpus-historical/raw/source-snapshots/D058/files/content/en/docs/tasks/debug/debug-cluster/resource-usage-monitoring.md"",""03_collection_plan/knowledge-corpus-historical/raw/source-snapshots/D058/files/content/en/docs/tasks/debug/debug-cluster/resource-usage-monitoring.md.receipt.json""]"	"{""document_id"":""KBH-D058-1288140b93d4"",""offset_unit"":""unicode_codepoint_in_source_document_text"",""start_offset"":104,""end_offset"":704,""text_sha256"":""a834d233aa06e6d637d842a4f49312f486f1bd3fc3ce153150d7c286a8594317"",""document_text_sha256"":""53f37535cbca7096765db7f4f2dc6f362dc17b9b2272b1d627abc36778a203b6""}"	7e631d0318dc279cb2d31231d8823360e61e9304	https://github.com/kubernetes/website/blob/7e631d0318dc279cb2d31231d8823360e61e9304/content/en/docs/tasks/debug/debug-cluster/resource-usage-monitoring.md	53f37535cbca7096765db7f4f2dc6f362dc17b9b2272b1d627abc36778a203b6	53f37535cbca7096765db7f4f2dc6f362dc17b9b2272b1d627abc36778a203b6	2023-12-31T15:40:05Z	conservative_repository_snapshot_commit_time_not_document_publication	2026-09-12T16:58:04.366403Z			[]	False
KBH-D058-14d8b6f74be5	D058	content/en/docs/tasks/debug/debug-cluster/resource-metrics-pipeline.md	unknown	Kubelet, Metrics Server and the resource metrics API pipeline; cluster/version compatibility is unverified.	pending			A	B			applicability-proposal-v1	codex_proposal_not_human_review	candidate_conditional	unknown	unknown	unknown	Verify Metrics Server/API availability, kubelet configuration and versions before interpreting resource metrics.	conditional_platform_diagnostic_reference	No use until required review/release gates. For a locally authorized candidate, use only as a conditional diagnostic/reference hypothesis; never claim compatibility, causal relevance or an observed incident fact.	"[""KBH-D058-14d8b6f74be5"",""03_collection_plan/knowledge-corpus-historical/raw/source-snapshots/D058/files/content/en/docs/tasks/debug/debug-cluster/resource-metrics-pipeline.md"",""03_collection_plan/knowledge-corpus-historical/raw/source-snapshots/D058/files/content/en/docs/tasks/debug/debug-cluster/resource-metrics-pipeline.md.receipt.json""]"	"{""document_id"":""KBH-D058-14d8b6f74be5"",""offset_unit"":""unicode_codepoint_in_source_document_text"",""start_offset"":109,""end_offset"":709,""text_sha256"":""c1b1b922d5f432e9cfbce28968725b78c86622bfe636313e7c4ffad9d8be5457"",""document_text_sha256"":""57c6c88335ea4dcfcd126c248471fc353033fcdf9eed08dea1bf0b0fd8e73fba""}"	7e631d0318dc279cb2d31231d8823360e61e9304	https://github.com/kubernetes/website/blob/7e631d0318dc279cb2d31231d8823360e61e9304/content/en/docs/tasks/debug/debug-cluster/resource-metrics-pipeline.md	57c6c88335ea4dcfcd126c248471fc353033fcdf9eed08dea1bf0b0fd8e73fba	57c6c88335ea4dcfcd126c248471fc353033fcdf9eed08dea1bf0b0fd8e73fba	2023-12-31T15:40:05Z	conservative_repository_snapshot_commit_time_not_document_publication	2026-09-12T16:58:03.988360Z			[]	False
KBH-D058-22bb04d72ccf	D058	content/en/docs/tasks/administer-cluster/dns-debugging-resolution.md	unknown	Inspect DNS resolver, DNS Pods, Service and CoreDNS configuration; cluster/version compatibility is unverified.	pending			A	B			applicability-proposal-v1	codex_proposal_not_human_review	candidate_conditional	unknown	unknown	unknown	Require the deployed DNS provider, resolver configuration and Service endpoints; CoreDNS-specific steps are conditional.	conditional_platform_diagnostic_reference	No use until required review/release gates. For a locally authorized candidate, use only as a conditional diagnostic/reference hypothesis; never claim compatibility, causal relevance or an observed incident fact.	"[""KBH-D058-22bb04d72ccf"",""03_collection_plan/knowledge-corpus-historical/raw/source-snapshots/D058/files/content/en/docs/tasks/administer-cluster/dns-debugging-resolution.md"",""03_collection_plan/knowledge-corpus-historical/raw/source-snapshots/D058/files/content/en/docs/tasks/administer-cluster/dns-debugging-resolution.md.receipt.json""]"	"{""document_id"":""KBH-D058-22bb04d72ccf"",""offset_unit"":""unicode_codepoint_in_source_document_text"",""start_offset"":138,""end_offset"":738,""text_sha256"":""8c557507b53c89a10e6946954760617ec75da173178ab5b9ac614f8aa796d019"",""document_text_sha256"":""aa95bab004e3ecae05923c45a09ddbafa1cd96032f81795e8e91eba380906d6e""}"	7e631d0318dc279cb2d31231d8823360e61e9304	https://github.com/kubernetes/website/blob/7e631d0318dc279cb2d31231d8823360e61e9304/content/en/docs/tasks/administer-cluster/dns-debugging-resolution.md	aa95bab004e3ecae05923c45a09ddbafa1cd96032f81795e8e91eba380906d6e	aa95bab004e3ecae05923c45a09ddbafa1cd96032f81795e8e91eba380906d6e	2023-12-31T15:40:05Z	conservative_repository_snapshot_commit_time_not_document_publication	2026-09-12T16:58:04.428822Z			[]	False
KBH-D058-4067ea9b384b	D058	content/en/docs/tasks/debug/debug-application/debug-running-pod.md	unknown	Inspect running Pod resources, logs and debug containers; cluster/version compatibility is unverified.	pending			A	B			applicability-proposal-v1	codex_proposal_not_human_review	candidate_conditional	unknown	unknown	unknown	Verify Kubernetes version, runtime support and debug permissions; ephemeral container steps have feature/version requirements.	conditional_platform_diagnostic_reference	No use until required review/release gates. For a locally authorized candidate, use only as a conditional diagnostic/reference hypothesis; never claim compatibility, causal relevance or an observed incident fact.	"[""KBH-D058-4067ea9b384b"",""03_collection_plan/knowledge-corpus-historical/raw/source-snapshots/D058/files/content/en/docs/tasks/debug/debug-application/debug-running-pod.md"",""03_collection_plan/knowledge-corpus-historical/raw/source-snapshots/D058/files/content/en/docs/tasks/debug/debug-application/debug-running-pod.md.receipt.json""]"	"{""document_id"":""KBH-D058-4067ea9b384b"",""offset_unit"":""unicode_codepoint_in_source_document_text"",""start_offset"":82,""end_offset"":682,""text_sha256"":""e157d8c393305b077104f9462fd263b7fc72ada859f87584089ec17bc9026edf"",""document_text_sha256"":""d3f765ebd861d9727a6acdaf5bf269594ca075d944f1aa2893d21c2b59e987de""}"	7e631d0318dc279cb2d31231d8823360e61e9304	https://github.com/kubernetes/website/blob/7e631d0318dc279cb2d31231d8823360e61e9304/content/en/docs/tasks/debug/debug-application/debug-running-pod.md	d3f765ebd861d9727a6acdaf5bf269594ca075d944f1aa2893d21c2b59e987de	d3f765ebd861d9727a6acdaf5bf269594ca075d944f1aa2893d21c2b59e987de	2023-12-31T15:40:05Z	conservative_repository_snapshot_commit_time_not_document_publication	2026-09-12T16:58:03.274825Z			[]	False
KBH-D058-54c2092d43a5	D058	content/en/docs/tasks/debug/debug-application/debug-service.md	unknown	Check Service reachability, endpoints, selectors and network routing; cluster/version compatibility is unverified.	pending			A	B			applicability-proposal-v1	codex_proposal_not_human_review	candidate_conditional	unknown	unknown	unknown	Verify Service type, endpoints, proxy/CNI mode, DNS setup and permissions before selecting a branch.	conditional_platform_diagnostic_reference	No use until required review/release gates. For a locally authorized candidate, use only as a conditional diagnostic/reference hypothesis; never claim compatibility, causal relevance or an observed incident fact.	"[""KBH-D058-54c2092d43a5"",""03_collection_plan/knowledge-corpus-historical/raw/source-snapshots/D058/files/content/en/docs/tasks/debug/debug-application/debug-service.md"",""03_collection_plan/knowledge-corpus-historical/raw/source-snapshots/D058/files/content/en/docs/tasks/debug/debug-application/debug-service.md.receipt.json""]"	"{""document_id"":""KBH-D058-54c2092d43a5"",""offset_unit"":""unicode_codepoint_in_source_document_text"",""start_offset"":90,""end_offset"":690,""text_sha256"":""308b0d75499525298b1247fcd7853b5ee5bcff8a6231e825c910e9d053991aa9"",""document_text_sha256"":""dc240d70ba564a724b07b837efd1473a8084ea40e009a0241fc58b4b3a065f1e""}"	7e631d0318dc279cb2d31231d8823360e61e9304	https://github.com/kubernetes/website/blob/7e631d0318dc279cb2d31231d8823360e61e9304/content/en/docs/tasks/debug/debug-application/debug-service.md	dc240d70ba564a724b07b837efd1473a8084ea40e009a0241fc58b4b3a065f1e	dc240d70ba564a724b07b837efd1473a8084ea40e009a0241fc58b4b3a065f1e	2023-12-31T15:40:05Z	conservative_repository_snapshot_commit_time_not_document_publication	2026-09-12T16:58:03.738556Z			[]	False
KBH-D058-57df42feca96	D058	content/en/docs/concepts/workloads/pods/pod-lifecycle.md	unknown	Pod phases, container states, readiness and termination behavior; cluster/version compatibility is unverified.	pending			A	B			applicability-proposal-v1	codex_proposal_not_human_review	candidate_conditional	unknown	unknown	unknown	Verify Kubernetes/runtime version and enabled features; sidecars, readiness gates and alpha/beta behaviors need configuration proof.	conditional_platform_diagnostic_reference	No use until required review/release gates. For a locally authorized candidate, use only as a conditional diagnostic/reference hypothesis; never claim compatibility, causal relevance or an observed incident fact.	"[""KBH-D058-57df42feca96"",""03_collection_plan/knowledge-corpus-historical/raw/source-snapshots/D058/files/content/en/docs/concepts/workloads/pods/pod-lifecycle.md"",""03_collection_plan/knowledge-corpus-historical/raw/source-snapshots/D058/files/content/en/docs/concepts/workloads/pods/pod-lifecycle.md.receipt.json""]"	"{""document_id"":""KBH-D058-57df42feca96"",""offset_unit"":""unicode_codepoint_in_source_document_text"",""start_offset"":63,""end_offset"":663,""text_sha256"":""97d1991c868092a1ac245f1caeea7bb3d9e4bd46115864eeb92a8f691724ecfe"",""document_text_sha256"":""a7b9b9857a1bb59e633401969a739882ad0be6498c48891c24a5cd5039dc85e9""}"	7e631d0318dc279cb2d31231d8823360e61e9304	https://github.com/kubernetes/website/blob/7e631d0318dc279cb2d31231d8823360e61e9304/content/en/docs/concepts/workloads/pods/pod-lifecycle.md	a7b9b9857a1bb59e633401969a739882ad0be6498c48891c24a5cd5039dc85e9	a7b9b9857a1bb59e633401969a739882ad0be6498c48891c24a5cd5039dc85e9	2023-12-31T15:40:05Z	conservative_repository_snapshot_commit_time_not_document_publication	2026-09-12T16:58:04.593269Z			[]	False
KBH-D058-6346769f861a	D058	content/en/docs/tasks/debug/debug-cluster/monitor-node-health.md	unknown	Node Problem Detector setup and node health monitoring; cluster/version compatibility is unverified.	pending			A	B			applicability-proposal-v1	codex_proposal_not_human_review	candidate_conditional	unknown	unknown	unknown	Require evidence Node Problem Detector is deployed and its configured problem daemons/events are available.	conditional_platform_diagnostic_reference	No use until required review/release gates. For a locally authorized candidate, use only as a conditional diagnostic/reference hypothesis; never claim compatibility, causal relevance or an observed incident fact.	"[""KBH-D058-6346769f861a"",""03_collection_plan/knowledge-corpus-historical/raw/source-snapshots/D058/files/content/en/docs/tasks/debug/debug-cluster/monitor-node-health.md"",""03_collection_plan/knowledge-corpus-historical/raw/source-snapshots/D058/files/content/en/docs/tasks/debug/debug-cluster/monitor-node-health.md.receipt.json""]"	"{""document_id"":""KBH-D058-6346769f861a"",""offset_unit"":""unicode_codepoint_in_source_document_text"",""start_offset"":102,""end_offset"":702,""text_sha256"":""e129f1d4a17e3a454e640945d79263a4ebc666c79b6d7f96054a54bd6d202015"",""document_text_sha256"":""9678cc29151f9a085a2c1855496211ec79184e3b8e077c9f93d0195ba9aa3871""}"	7e631d0318dc279cb2d31231d8823360e61e9304	https://github.com/kubernetes/website/blob/7e631d0318dc279cb2d31231d8823360e61e9304/content/en/docs/tasks/debug/debug-cluster/monitor-node-health.md	9678cc29151f9a085a2c1855496211ec79184e3b8e077c9f93d0195ba9aa3871	9678cc29151f9a085a2c1855496211ec79184e3b8e077c9f93d0195ba9aa3871	2023-12-31T15:40:05Z	conservative_repository_snapshot_commit_time_not_document_publication	2026-09-12T16:58:03.794217Z			[]	False
KBH-D058-714196198a9c	D058	content/en/docs/tasks/debug/debug-application/debug-pods.md	unknown	Inspect pending, waiting and crashing Pods; cluster/version compatibility is unverified.	pending			A	B			applicability-proposal-v1	codex_proposal_not_human_review	candidate_conditional	unknown	unknown	unknown	Require the observed Pod state/events; treat listed causes as hypotheses to verify.	conditional_platform_diagnostic_reference	No use until required review/release gates. For a locally authorized candidate, use only as a conditional diagnostic/reference hypothesis; never claim compatibility, causal relevance or an observed incident fact.	"[""KBH-D058-714196198a9c"",""03_collection_plan/knowledge-corpus-historical/raw/source-snapshots/D058/files/content/en/docs/tasks/debug/debug-application/debug-pods.md"",""03_collection_plan/knowledge-corpus-historical/raw/source-snapshots/D058/files/content/en/docs/tasks/debug/debug-application/debug-pods.md.receipt.json""]"	"{""document_id"":""KBH-D058-714196198a9c"",""offset_unit"":""unicode_codepoint_in_source_document_text"",""start_offset"":91,""end_offset"":691,""text_sha256"":""cf11dcf17296f5bd85cf7f3adee1ff9d58329f653a5f9db6c046d04d1f21f83a"",""document_text_sha256"":""e73b48cca4a82e88d14a8b46fbfd7d0251650e3ffb3b47b9747b80da49ea2591""}"	7e631d0318dc279cb2d31231d8823360e61e9304	https://github.com/kubernetes/website/blob/7e631d0318dc279cb2d31231d8823360e61e9304/content/en/docs/tasks/debug/debug-application/debug-pods.md	e73b48cca4a82e88d14a8b46fbfd7d0251650e3ffb3b47b9747b80da49ea2591	e73b48cca4a82e88d14a8b46fbfd7d0251650e3ffb3b47b9747b80da49ea2591	2023-12-31T15:40:05Z	conservative_repository_snapshot_commit_time_not_document_publication	2026-09-12T16:58:02.912634Z			[]	False
KBH-D058-7f4c1beb746e	D058	content/en/docs/tasks/debug/debug-application/_index.md	excluded	Troubleshooting collection introduction only; the specific diagnostic pages are separate sources.	pending			A	B			applicability-proposal-v1	codex_proposal_not_human_review	excluded	unknown	unknown	unknown	Retain in source registry; excluded from candidate retrieval pending A/B review.	non_operational_or_incomplete_source	No use until required review/release gates. For a locally authorized candidate, use only as a conditional diagnostic/reference hypothesis; never claim compatibility, causal relevance or an observed incident fact.	"[""KBH-D058-7f4c1beb746e"",""03_collection_plan/knowledge-corpus-historical/raw/source-snapshots/D058/files/content/en/docs/tasks/debug/debug-application/_index.md"",""03_collection_plan/knowledge-corpus-historical/raw/source-snapshots/D058/files/content/en/docs/tasks/debug/debug-application/_index.md.receipt.json""]"	"{""document_id"":""KBH-D058-7f4c1beb746e"",""offset_unit"":""unicode_codepoint_in_source_document_text"",""start_offset"":122,""end_offset"":409,""text_sha256"":""6b9c65773e87ed7ea5a62f678fa286d4d8093d1158806aca3acfc987e78880e3"",""document_text_sha256"":""3117b127ab7e5bd7b3c95c0dc2747d536ccea4211048fbe406778c07a8e0a7ff""}"	7e631d0318dc279cb2d31231d8823360e61e9304	https://github.com/kubernetes/website/blob/7e631d0318dc279cb2d31231d8823360e61e9304/content/en/docs/tasks/debug/debug-application/_index.md	3117b127ab7e5bd7b3c95c0dc2747d536ccea4211048fbe406778c07a8e0a7ff	3117b127ab7e5bd7b3c95c0dc2747d536ccea4211048fbe406778c07a8e0a7ff	2023-12-31T15:40:05Z	conservative_repository_snapshot_commit_time_not_document_publication	2026-09-12T16:58:02.701063Z			[]	False
KBH-D058-8f1d50e206b1	D058	content/en/docs/tasks/debug/debug-application/determine-reason-pod-failure.md	unknown	Read container termination state and termination messages; cluster/version compatibility is unverified.	pending			A	B			applicability-proposal-v1	codex_proposal_not_human_review	candidate_conditional	unknown	unknown	unknown	Require actual Pod/container termination records; tutorial examples are not observations.	conditional_platform_diagnostic_reference	No use until required review/release gates. For a locally authorized candidate, use only as a conditional diagnostic/reference hypothesis; never claim compatibility, causal relevance or an observed incident fact.	"[""KBH-D058-8f1d50e206b1"",""03_collection_plan/knowledge-corpus-historical/raw/source-snapshots/D058/files/content/en/docs/tasks/debug/debug-application/determine-reason-pod-failure.md"",""03_collection_plan/knowledge-corpus-historical/raw/source-snapshots/D058/files/content/en/docs/tasks/debug/debug-application/determine-reason-pod-failure.md.receipt.json""]"	"{""document_id"":""KBH-D058-8f1d50e206b1"",""offset_unit"":""unicode_codepoint_in_source_document_text"",""start_offset"":83,""end_offset"":683,""text_sha256"":""37b3fc4fa435faf00433920093787fdc4acd3f11c6e1e639a5c24bc67278bd38"",""document_text_sha256"":""520562da893454da01454dbdf2eb4de1fb847da099db0107ebcacf0eb4bc92dc""}"	7e631d0318dc279cb2d31231d8823360e61e9304	https://github.com/kubernetes/website/blob/7e631d0318dc279cb2d31231d8823360e61e9304/content/en/docs/tasks/debug/debug-application/determine-reason-pod-failure.md	520562da893454da01454dbdf2eb4de1fb847da099db0107ebcacf0eb4bc92dc	520562da893454da01454dbdf2eb4de1fb847da099db0107ebcacf0eb4bc92dc	2023-12-31T15:40:05Z	conservative_repository_snapshot_commit_time_not_document_publication	2026-09-12T16:58:03.508939Z			[]	False
KBH-D058-94f18a70ecb0	D058	content/en/docs/concepts/configuration/manage-resources-containers.md	unknown	Container CPU/memory/storage requests, limits and enforcement; cluster/version compatibility is unverified.	pending			A	B			applicability-proposal-v1	codex_proposal_not_human_review	candidate_conditional	unknown	unknown	unknown	Verify Pod requests/limits, scheduler/runtime/cgroup behavior and feature gates; version-specific storage features require evidence.	conditional_platform_diagnostic_reference	No use until required review/release gates. For a locally authorized candidate, use only as a conditional diagnostic/reference hypothesis; never claim compatibility, causal relevance or an observed incident fact.	"[""KBH-D058-94f18a70ecb0"",""03_collection_plan/knowledge-corpus-historical/raw/source-snapshots/D058/files/content/en/docs/concepts/configuration/manage-resources-containers.md"",""03_collection_plan/knowledge-corpus-historical/raw/source-snapshots/D058/files/content/en/docs/concepts/configuration/manage-resources-containers.md.receipt.json""]"	"{""document_id"":""KBH-D058-94f18a70ecb0"",""offset_unit"":""unicode_codepoint_in_source_document_text"",""start_offset"":388,""end_offset"":988,""text_sha256"":""52ffba1759e2723782f26f902ed06150c3c382ef6de2a56ebd92d935a78304ee"",""document_text_sha256"":""ad40cba32ae16d74cba965fea50c765ae3427e2fdee5c7e580585f7899b2669e""}"	7e631d0318dc279cb2d31231d8823360e61e9304	https://github.com/kubernetes/website/blob/7e631d0318dc279cb2d31231d8823360e61e9304/content/en/docs/concepts/configuration/manage-resources-containers.md	ad40cba32ae16d74cba965fea50c765ae3427e2fdee5c7e580585f7899b2669e	ad40cba32ae16d74cba965fea50c765ae3427e2fdee5c7e580585f7899b2669e	2023-12-31T15:40:05Z	conservative_repository_snapshot_commit_time_not_document_publication	2026-09-12T16:58:04.302588Z			[]	False
KBH-D058-aaa3e891815f	D058	content/en/docs/tasks/debug/debug-cluster/_index.md	unknown	Cluster troubleshooting workflow for nodes and control-plane components; cluster/version compatibility is unverified.	pending			A	B			applicability-proposal-v1	codex_proposal_not_human_review	candidate_conditional	unknown	unknown	unknown	Verify the cluster topology, provider, control-plane access and version; local examples do not identify the deployed stack.	conditional_platform_diagnostic_reference	No use until required review/release gates. For a locally authorized candidate, use only as a conditional diagnostic/reference hypothesis; never claim compatibility, causal relevance or an observed incident fact.	"[""KBH-D058-aaa3e891815f"",""03_collection_plan/knowledge-corpus-historical/raw/source-snapshots/D058/files/content/en/docs/tasks/debug/debug-cluster/_index.md"",""03_collection_plan/knowledge-corpus-historical/raw/source-snapshots/D058/files/content/en/docs/tasks/debug/debug-cluster/_index.md.receipt.json""]"	"{""document_id"":""KBH-D058-aaa3e891815f"",""offset_unit"":""unicode_codepoint_in_source_document_text"",""start_offset"":136,""end_offset"":736,""text_sha256"":""ab884db493bc403ef93f3afa7cbbc7e16294244003d96871e15702156d8b107e"",""document_text_sha256"":""9831bc5a5446ccd3ff3a9f875f1a0cf53d62438247e132011f06273656b44883""}"	7e631d0318dc279cb2d31231d8823360e61e9304	https://github.com/kubernetes/website/blob/7e631d0318dc279cb2d31231d8823360e61e9304/content/en/docs/tasks/debug/debug-cluster/_index.md	9831bc5a5446ccd3ff3a9f875f1a0cf53d62438247e132011f06273656b44883	9831bc5a5446ccd3ff3a9f875f1a0cf53d62438247e132011f06273656b44883	2023-12-31T15:40:05Z	conservative_repository_snapshot_commit_time_not_document_publication	2026-09-12T16:58:03.848989Z			[]	False
KBH-D058-ac5d7aedb7e6	D058	content/en/docs/tasks/debug/debug-application/debug-init-containers.md	unknown	Inspect init-container state, events and logs; cluster/version compatibility is unverified.	pending			A	B			applicability-proposal-v1	codex_proposal_not_human_review	candidate_conditional	unknown	unknown	unknown	Verify init containers exist and kubectl/API permissions; check version-specific syntax.	conditional_platform_diagnostic_reference	No use until required review/release gates. For a locally authorized candidate, use only as a conditional diagnostic/reference hypothesis; never claim compatibility, causal relevance or an observed incident fact.	"[""KBH-D058-ac5d7aedb7e6"",""03_collection_plan/knowledge-corpus-historical/raw/source-snapshots/D058/files/content/en/docs/tasks/debug/debug-application/debug-init-containers.md"",""03_collection_plan/knowledge-corpus-historical/raw/source-snapshots/D058/files/content/en/docs/tasks/debug/debug-application/debug-init-containers.md.receipt.json""]"	"{""document_id"":""KBH-D058-ac5d7aedb7e6"",""offset_unit"":""unicode_codepoint_in_source_document_text"",""start_offset"":158,""end_offset"":758,""text_sha256"":""72a918a51be0d0074cee45378f33a7a00852a44772a15dbcd30a18b54880ef65"",""document_text_sha256"":""a92f50329389487253656391f0da72e3005a0ba629a2b9b16c491d06760ffaf6""}"	7e631d0318dc279cb2d31231d8823360e61e9304	https://github.com/kubernetes/website/blob/7e631d0318dc279cb2d31231d8823360e61e9304/content/en/docs/tasks/debug/debug-application/debug-init-containers.md	a92f50329389487253656391f0da72e3005a0ba629a2b9b16c491d06760ffaf6	a92f50329389487253656391f0da72e3005a0ba629a2b9b16c491d06760ffaf6	2023-12-31T15:40:05Z	conservative_repository_snapshot_commit_time_not_document_publication	2026-09-12T16:58:02.858180Z			[]	False
KBH-D058-c2749095504f	D058	content/en/docs/concepts/cluster-administration/logging.md	unknown	Container/node logs, kubelet rotation and logging architectures; cluster/version compatibility is unverified.	pending			A	B			applicability-proposal-v1	codex_proposal_not_human_review	candidate_conditional	unknown	unknown	unknown	Verify runtime, kubelet log settings, agents and backend; sample sidecar manifests do not prove the logging deployment.	conditional_platform_diagnostic_reference	No use until required review/release gates. For a locally authorized candidate, use only as a conditional diagnostic/reference hypothesis; never claim compatibility, causal relevance or an observed incident fact.	"[""KBH-D058-c2749095504f"",""03_collection_plan/knowledge-corpus-historical/raw/source-snapshots/D058/files/content/en/docs/concepts/cluster-administration/logging.md"",""03_collection_plan/knowledge-corpus-historical/raw/source-snapshots/D058/files/content/en/docs/concepts/cluster-administration/logging.md.receipt.json""]"	"{""document_id"":""KBH-D058-c2749095504f"",""offset_unit"":""unicode_codepoint_in_source_document_text"",""start_offset"":96,""end_offset"":696,""text_sha256"":""2a506a8d4ef793f7403343d69aaac9c6cccd2661b7c75f0b66a2a8f6c53f3d18"",""document_text_sha256"":""d91da829c7ced149055afb04c32d0d545e6c882f35278571a80310da6d090ff6""}"	7e631d0318dc279cb2d31231d8823360e61e9304	https://github.com/kubernetes/website/blob/7e631d0318dc279cb2d31231d8823360e61e9304/content/en/docs/concepts/cluster-administration/logging.md	d91da829c7ced149055afb04c32d0d545e6c882f35278571a80310da6d090ff6	d91da829c7ced149055afb04c32d0d545e6c882f35278571a80310da6d090ff6	2023-12-31T15:40:05Z	conservative_repository_snapshot_commit_time_not_document_publication	2026-09-12T16:58:04.933226Z			[]	False
KBH-D059-0185ccfaeb29	D059	content/runbooks/kubernetes/KubeNodeReadinessFlapping.md	unknown	The KubeNodeReadinessFlapping runbook describes an alert/diagnostic scenario; deployed rules, telemetry and scenario occurrence are unverified.	pending			A	B			applicability-proposal-v1	codex_proposal_not_human_review	candidate_conditional	unknown	unknown	unknown	Require a time series of node Ready transitions and matching rule window; the source example uses a different alert name.	conditional_infrastructure_diagnostic_reference	No use until required review/release gates. For a locally authorized candidate, use only as a conditional diagnostic/reference hypothesis; never claim compatibility, causal relevance or an observed incident fact.	"[""KBH-D059-0185ccfaeb29"",""03_collection_plan/knowledge-corpus-historical/raw/source-snapshots/D059/files/content/runbooks/kubernetes/KubeNodeReadinessFlapping.md"",""03_collection_plan/knowledge-corpus-historical/raw/source-snapshots/D059/files/content/runbooks/kubernetes/KubeNodeReadinessFlapping.md.receipt.json""]"	"{""document_id"":""KBH-D059-0185ccfaeb29"",""offset_unit"":""unicode_codepoint_in_source_document_text"",""start_offset"":56,""end_offset"":656,""text_sha256"":""388da061782a324020d129141dea2b288226127b7c2aa96d49990886bdc80292"",""document_text_sha256"":""0592c17a714cdf9f904cab0444a40c141c794c884a53c158e6b23e541df04006""}"	f8061f3e9b3337d90107aa2f10a0111f3f6dc86f	https://github.com/prometheus-operator/runbooks/blob/f8061f3e9b3337d90107aa2f10a0111f3f6dc86f/content/runbooks/kubernetes/KubeNodeReadinessFlapping.md	0592c17a714cdf9f904cab0444a40c141c794c884a53c158e6b23e541df04006	0592c17a714cdf9f904cab0444a40c141c794c884a53c158e6b23e541df04006	2023-09-07T14:21:57Z	conservative_repository_snapshot_commit_time_not_document_publication	2026-09-12T16:58:07.478176Z			[]	False
KBH-D059-0980a5088584	D059	content/runbooks/kubernetes/KubeDeploymentReplicasMismatch.md	unknown	The KubeDeploymentReplicasMismatch runbook describes an alert/diagnostic scenario; deployed rules, telemetry and scenario occurrence are unverified.	pending			A	B			applicability-proposal-v1	codex_proposal_not_human_review	candidate_conditional	unknown	unknown	unknown	Require the Deployment desired/available replicas, scheduling events and workload constraints.	conditional_infrastructure_diagnostic_reference	No use until required review/release gates. For a locally authorized candidate, use only as a conditional diagnostic/reference hypothesis; never claim compatibility, causal relevance or an observed incident fact.	"[""KBH-D059-0980a5088584"",""03_collection_plan/knowledge-corpus-historical/raw/source-snapshots/D059/files/content/runbooks/kubernetes/KubeDeploymentReplicasMismatch.md"",""03_collection_plan/knowledge-corpus-historical/raw/source-snapshots/D059/files/content/runbooks/kubernetes/KubeDeploymentReplicasMismatch.md.receipt.json""]"	"{""document_id"":""KBH-D059-0980a5088584"",""offset_unit"":""unicode_codepoint_in_source_document_text"",""start_offset"":61,""end_offset"":661,""text_sha256"":""c107c33eac183e75ec02cb31871f4dcc2a87ec7cc53b41620683ef74855c0a47"",""document_text_sha256"":""637f49b98626d846ad76271574cfecb0bb6d752136b152c75aec01744747df5a""}"	f8061f3e9b3337d90107aa2f10a0111f3f6dc86f	https://github.com/prometheus-operator/runbooks/blob/f8061f3e9b3337d90107aa2f10a0111f3f6dc86f/content/runbooks/kubernetes/KubeDeploymentReplicasMismatch.md	637f49b98626d846ad76271574cfecb0bb6d752136b152c75aec01744747df5a	637f49b98626d846ad76271574cfecb0bb6d752136b152c75aec01744747df5a	2023-09-07T14:21:57Z	conservative_repository_snapshot_commit_time_not_document_publication	2026-09-12T16:58:05.698964Z			[]	False
KBH-D059-0d787d431d0c	D059	content/runbooks/kubernetes/KubePodNotReady.md	unknown	The KubePodNotReady runbook describes an alert/diagnostic scenario; deployed rules, telemetry and scenario occurrence are unverified.	pending			A	B			applicability-proposal-v1	codex_proposal_not_human_review	candidate_conditional	unknown	unknown	unknown	Require Pod conditions, readiness probes, events and endpoint membership.	conditional_infrastructure_diagnostic_reference	No use until required review/release gates. For a locally authorized candidate, use only as a conditional diagnostic/reference hypothesis; never claim compatibility, causal relevance or an observed incident fact.	"[""KBH-D059-0d787d431d0c"",""03_collection_plan/knowledge-corpus-historical/raw/source-snapshots/D059/files/content/runbooks/kubernetes/KubePodNotReady.md"",""03_collection_plan/knowledge-corpus-historical/raw/source-snapshots/D059/files/content/runbooks/kubernetes/KubePodNotReady.md.receipt.json""]"	"{""document_id"":""KBH-D059-0d787d431d0c"",""offset_unit"":""unicode_codepoint_in_source_document_text"",""start_offset"":46,""end_offset"":646,""text_sha256"":""5f064912c2d190151056bd01e4ef29ad45db0d9841d74ee0dbd1df298191d95b"",""document_text_sha256"":""cdbaa8f46e8bde001c3968687082794a74e2fb58729d58001b9210dfede66c4a""}"	f8061f3e9b3337d90107aa2f10a0111f3f6dc86f	https://github.com/prometheus-operator/runbooks/blob/f8061f3e9b3337d90107aa2f10a0111f3f6dc86f/content/runbooks/kubernetes/KubePodNotReady.md	cdbaa8f46e8bde001c3968687082794a74e2fb58729d58001b9210dfede66c4a	cdbaa8f46e8bde001c3968687082794a74e2fb58729d58001b9210dfede66c4a	2023-09-07T14:21:57Z	conservative_repository_snapshot_commit_time_not_document_publication	2026-09-12T16:58:07.414248Z			[]	False
KBH-D059-100adba8ab53	D059	content/runbooks/kubernetes/KubeNodeUnreachable.md	unknown	The KubeNodeUnreachable runbook describes an alert/diagnostic scenario; deployed rules, telemetry and scenario occurrence are unverified.	pending			A	B			applicability-proposal-v1	codex_proposal_not_human_review	candidate_conditional	unknown	unknown	unknown	Require observed node reachability/status and events; distinguish control-plane network loss from node failure.	conditional_infrastructure_diagnostic_reference	No use until required review/release gates. For a locally authorized candidate, use only as a conditional diagnostic/reference hypothesis; never claim compatibility, causal relevance or an observed incident fact.	"[""KBH-D059-100adba8ab53"",""03_collection_plan/knowledge-corpus-historical/raw/source-snapshots/D059/files/content/runbooks/kubernetes/KubeNodeUnreachable.md"",""03_collection_plan/knowledge-corpus-historical/raw/source-snapshots/D059/files/content/runbooks/kubernetes/KubeNodeUnreachable.md.receipt.json""]"	"{""document_id"":""KBH-D059-100adba8ab53"",""offset_unit"":""unicode_codepoint_in_source_document_text"",""start_offset"":49,""end_offset"":649,""text_sha256"":""f38d367c24e8721dfc190257e9ec225677dfdde397ea0d9115e876f595e4285a"",""document_text_sha256"":""db0ab0d0557e951c7e04d8095b2d7d8f6f6b9370e5631d0c178541faa2cc3180""}"	f8061f3e9b3337d90107aa2f10a0111f3f6dc86f	https://github.com/prometheus-operator/runbooks/blob/f8061f3e9b3337d90107aa2f10a0111f3f6dc86f/content/runbooks/kubernetes/KubeNodeUnreachable.md	db0ab0d0557e951c7e04d8095b2d7d8f6f6b9370e5631d0c178541faa2cc3180	db0ab0d0557e951c7e04d8095b2d7d8f6f6b9370e5631d0c178541faa2cc3180	2023-09-07T14:21:57Z	conservative_repository_snapshot_commit_time_not_document_publication	2026-09-12T16:58:06.914868Z			[]	False
KBH-D059-1e35988462b6	D059	content/runbooks/kubernetes/KubeCPUOvercommit.md	unknown	The KubeCPUOvercommit runbook describes an alert/diagnostic scenario; deployed rules, telemetry and scenario occurrence are unverified.	pending			A	B			applicability-proposal-v1	codex_proposal_not_human_review	candidate_conditional	unknown	unknown	unknown	Require aggregate CPU requests, node capacity and node failure tolerance assumptions; overcommit is not measured CPU saturation.	conditional_infrastructure_diagnostic_reference	No use until required review/release gates. For a locally authorized candidate, use only as a conditional diagnostic/reference hypothesis; never claim compatibility, causal relevance or an observed incident fact.	"[""KBH-D059-1e35988462b6"",""03_collection_plan/knowledge-corpus-historical/raw/source-snapshots/D059/files/content/runbooks/kubernetes/KubeCPUOvercommit.md"",""03_collection_plan/knowledge-corpus-historical/raw/source-snapshots/D059/files/content/runbooks/kubernetes/KubeCPUOvercommit.md.receipt.json""]"	"{""document_id"":""KBH-D059-1e35988462b6"",""offset_unit"":""unicode_codepoint_in_source_document_text"",""start_offset"":47,""end_offset"":647,""text_sha256"":""d2adc29dfaa4d052981d9ba7d5ec8dd4398326c0f425b017145e15ba4fd7be5c"",""document_text_sha256"":""72303893785cfe5b0ce083f44da1bb97a626cf2dfdda2b5b3436ab7a29938097""}"	f8061f3e9b3337d90107aa2f10a0111f3f6dc86f	https://github.com/prometheus-operator/runbooks/blob/f8061f3e9b3337d90107aa2f10a0111f3f6dc86f/content/runbooks/kubernetes/KubeCPUOvercommit.md	72303893785cfe5b0ce083f44da1bb97a626cf2dfdda2b5b3436ab7a29938097	72303893785cfe5b0ce083f44da1bb97a626cf2dfdda2b5b3436ab7a29938097	2023-09-07T14:21:57Z	conservative_repository_snapshot_commit_time_not_document_publication	2026-09-12T16:58:05.467329Z			[]	False
KBH-D059-2f773ad62c4d	D059	content/runbooks/kubernetes/KubePersistentVolumeFillingUp.md	unknown	The KubePersistentVolumeFillingUp runbook describes an alert/diagnostic scenario; deployed rules, telemetry and scenario occurrence are unverified.	pending			A	B			applicability-proposal-v1	codex_proposal_not_human_review	candidate_conditional	unknown	unknown	unknown	Require a PersistentVolume, observed filesystem usage and service retention policy; this source explicitly does not diagnose application-specific filling causes.	conditional_infrastructure_diagnostic_reference	No use until required review/release gates. For a locally authorized candidate, use only as a conditional diagnostic/reference hypothesis; never claim compatibility, causal relevance or an observed incident fact.	"[""KBH-D059-2f773ad62c4d"",""03_collection_plan/knowledge-corpus-historical/raw/source-snapshots/D059/files/content/runbooks/kubernetes/KubePersistentVolumeFillingUp.md"",""03_collection_plan/knowledge-corpus-historical/raw/source-snapshots/D059/files/content/runbooks/kubernetes/KubePersistentVolumeFillingUp.md.receipt.json""]"	"{""document_id"":""KBH-D059-2f773ad62c4d"",""offset_unit"":""unicode_codepoint_in_source_document_text"",""start_offset"":61,""end_offset"":661,""text_sha256"":""1b023a4267a0187969d2c2377b93980ccbc18a6217974e91204b12339edba6e4"",""document_text_sha256"":""63a559f73de27ded319053f88cd54a6644b6bf1cd165534c6859e7f945db724d""}"	f8061f3e9b3337d90107aa2f10a0111f3f6dc86f	https://github.com/prometheus-operator/runbooks/blob/f8061f3e9b3337d90107aa2f10a0111f3f6dc86f/content/runbooks/kubernetes/KubePersistentVolumeFillingUp.md	63a559f73de27ded319053f88cd54a6644b6bf1cd165534c6859e7f945db724d	63a559f73de27ded319053f88cd54a6644b6bf1cd165534c6859e7f945db724d	2023-09-07T14:21:57Z	conservative_repository_snapshot_commit_time_not_document_publication	2026-09-12T16:58:07.206217Z			[]	False
KBH-D059-320e57f48715	D059	content/runbooks/node/NodeNetworkReceiveErrs.md	unknown	The NodeNetworkReceiveErrs runbook describes an alert/diagnostic scenario; deployed rules, telemetry and scenario occurrence are unverified.	pending			A	B			applicability-proposal-v1	codex_proposal_not_human_review	candidate_conditional	unknown	unknown	unknown	Require interface identity, receive-error counters and network/hardware observations.	conditional_infrastructure_diagnostic_reference	No use until required review/release gates. For a locally authorized candidate, use only as a conditional diagnostic/reference hypothesis; never claim compatibility, causal relevance or an observed incident fact.	"[""KBH-D059-320e57f48715"",""03_collection_plan/knowledge-corpus-historical/raw/source-snapshots/D059/files/content/runbooks/node/NodeNetworkReceiveErrs.md"",""03_collection_plan/knowledge-corpus-historical/raw/source-snapshots/D059/files/content/runbooks/node/NodeNetworkReceiveErrs.md.receipt.json""]"	"{""document_id"":""KBH-D059-320e57f48715"",""offset_unit"":""unicode_codepoint_in_source_document_text"",""start_offset"":55,""end_offset"":655,""text_sha256"":""b8ed521be8ec5c856dfb4b51ee44894091738d7082d7566a5f98759d23f53237"",""document_text_sha256"":""9c118b4ea3fe14d8dfe0f89f034cca85dd6aaf44daec504e9efb91407c46a2dc""}"	f8061f3e9b3337d90107aa2f10a0111f3f6dc86f	https://github.com/prometheus-operator/runbooks/blob/f8061f3e9b3337d90107aa2f10a0111f3f6dc86f/content/runbooks/node/NodeNetworkReceiveErrs.md	9c118b4ea3fe14d8dfe0f89f034cca85dd6aaf44daec504e9efb91407c46a2dc	9c118b4ea3fe14d8dfe0f89f034cca85dd6aaf44daec504e9efb91407c46a2dc	2023-09-07T14:21:57Z	conservative_repository_snapshot_commit_time_not_document_publication	2026-09-12T16:58:08.569707Z			[]	False
KBH-D059-40feb3b71482	D059	content/runbooks/prometheus/PrometheusTargetSyncFailure.md	unknown	The PrometheusTargetSyncFailure runbook describes an alert/diagnostic scenario; deployed rules, telemetry and scenario occurrence are unverified.	pending			A	B			applicability-proposal-v1	codex_proposal_not_human_review	candidate_conditional	unknown	unknown	unknown	Require actual Prometheus sync errors and namespace; source oc commands require OpenShift or a separately verified equivalent.	conditional_monitoring_diagnostic_reference	No use until required review/release gates. For a locally authorized candidate, use only as a conditional diagnostic/reference hypothesis; never claim compatibility, causal relevance or an observed incident fact.	"[""KBH-D059-40feb3b71482"",""03_collection_plan/knowledge-corpus-historical/raw/source-snapshots/D059/files/content/runbooks/prometheus/PrometheusTargetSyncFailure.md"",""03_collection_plan/knowledge-corpus-historical/raw/source-snapshots/D059/files/content/runbooks/prometheus/PrometheusTargetSyncFailure.md.receipt.json""]"	"{""document_id"":""KBH-D059-40feb3b71482"",""offset_unit"":""unicode_codepoint_in_source_document_text"",""start_offset"":58,""end_offset"":658,""text_sha256"":""44600c8b7db873627e05be349ac7aa1598725b3c09e156a98ab1f346a39bce4b"",""document_text_sha256"":""15eff73f6d65bb08abf7093bac916d065d79673c12c46daafccb1a07eae07203""}"	f8061f3e9b3337d90107aa2f10a0111f3f6dc86f	https://github.com/prometheus-operator/runbooks/blob/f8061f3e9b3337d90107aa2f10a0111f3f6dc86f/content/runbooks/prometheus/PrometheusTargetSyncFailure.md	15eff73f6d65bb08abf7093bac916d065d79673c12c46daafccb1a07eae07203	15eff73f6d65bb08abf7093bac916d065d79673c12c46daafccb1a07eae07203	2023-09-07T14:21:57Z	conservative_repository_snapshot_commit_time_not_document_publication	2026-09-12T16:58:10.130719Z			[]	False
KBH-D059-44306ba7be54	D059	content/runbooks/node/NodeFileDescriptorLimit.md	unknown	The NodeFileDescriptorLimit runbook describes an alert/diagnostic scenario; deployed rules, telemetry and scenario occurrence are unverified.	pending			A	B			applicability-proposal-v1	codex_proposal_not_human_review	candidate_conditional	unknown	unknown	unknown	Require Linux node descriptor limits/usage and permissions; source oc debug commands require OpenShift or an independently validated equivalent.	conditional_infrastructure_diagnostic_reference	No use until required review/release gates. For a locally authorized candidate, use only as a conditional diagnostic/reference hypothesis; never claim compatibility, causal relevance or an observed incident fact.	"[""KBH-D059-44306ba7be54"",""03_collection_plan/knowledge-corpus-historical/raw/source-snapshots/D059/files/content/runbooks/node/NodeFileDescriptorLimit.md"",""03_collection_plan/knowledge-corpus-historical/raw/source-snapshots/D059/files/content/runbooks/node/NodeFileDescriptorLimit.md.receipt.json""]"	"{""document_id"":""KBH-D059-44306ba7be54"",""offset_unit"":""unicode_codepoint_in_source_document_text"",""start_offset"":54,""end_offset"":654,""text_sha256"":""c3da695520bee0e1a09a51de3df99c1ecdb89d82524a0986833d1d5ceb04c198"",""document_text_sha256"":""bf189ac7253633e76c02629bed3e6ac30a01cda13cad0091150dbf441246e67f""}"	f8061f3e9b3337d90107aa2f10a0111f3f6dc86f	https://github.com/prometheus-operator/runbooks/blob/f8061f3e9b3337d90107aa2f10a0111f3f6dc86f/content/runbooks/node/NodeFileDescriptorLimit.md	bf189ac7253633e76c02629bed3e6ac30a01cda13cad0091150dbf441246e67f	bf189ac7253633e76c02629bed3e6ac30a01cda13cad0091150dbf441246e67f	2023-09-07T14:21:57Z	conservative_repository_snapshot_commit_time_not_document_publication	2026-09-12T16:58:08.064565Z			[]	False
KBH-D059-4bb889d6dca3	D059	content/runbooks/prometheus/PrometheusBadConfig.md	unknown	The PrometheusBadConfig runbook describes an alert/diagnostic scenario; deployed rules, telemetry and scenario occurrence are unverified.	pending			A	B			applicability-proposal-v1	codex_proposal_not_human_review	candidate_conditional	unknown	unknown	unknown	Require deployed Prometheus/Operator versions, reload logs and rendered configuration/monitor objects.	conditional_monitoring_diagnostic_reference	No use until required review/release gates. For a locally authorized candidate, use only as a conditional diagnostic/reference hypothesis; never claim compatibility, causal relevance or an observed incident fact.	"[""KBH-D059-4bb889d6dca3"",""03_collection_plan/knowledge-corpus-historical/raw/source-snapshots/D059/files/content/runbooks/prometheus/PrometheusBadConfig.md"",""03_collection_plan/knowledge-corpus-historical/raw/source-snapshots/D059/files/content/runbooks/prometheus/PrometheusBadConfig.md.receipt.json""]"	"{""document_id"":""KBH-D059-4bb889d6dca3"",""offset_unit"":""unicode_codepoint_in_source_document_text"",""start_offset"":49,""end_offset"":649,""text_sha256"":""ffa3870e97535889353d8bdd4d7637c3cf97652344915a4f787a389fc78ef66a"",""document_text_sha256"":""b03527dfbd53160346735ad9d9a9bf1b4adb16e19e7b22f9e42736cfcf5bd840""}"	f8061f3e9b3337d90107aa2f10a0111f3f6dc86f	https://github.com/prometheus-operator/runbooks/blob/f8061f3e9b3337d90107aa2f10a0111f3f6dc86f/content/runbooks/prometheus/PrometheusBadConfig.md	b03527dfbd53160346735ad9d9a9bf1b4adb16e19e7b22f9e42736cfcf5bd840	b03527dfbd53160346735ad9d9a9bf1b4adb16e19e7b22f9e42736cfcf5bd840	2023-09-07T14:21:57Z	conservative_repository_snapshot_commit_time_not_document_publication	2026-09-12T16:58:09.583539Z			[]	False
KBH-D059-545ab1351883	D059	content/runbooks/kubernetes/KubePersistentVolumeErrors.md	unknown	The KubePersistentVolumeErrors runbook describes an alert/diagnostic scenario; deployed rules, telemetry and scenario occurrence are unverified.	pending			A	B			applicability-proposal-v1	codex_proposal_not_human_review	candidate_conditional	unknown	unknown	unknown	Require a bound/provisioning PersistentVolume and provider events; the upstream application redis example uses emptyDir, not proof of a PV.	conditional_infrastructure_diagnostic_reference	No use until required review/release gates. For a locally authorized candidate, use only as a conditional diagnostic/reference hypothesis; never claim compatibility, causal relevance or an observed incident fact.	"[""KBH-D059-545ab1351883"",""03_collection_plan/knowledge-corpus-historical/raw/source-snapshots/D059/files/content/runbooks/kubernetes/KubePersistentVolumeErrors.md"",""03_collection_plan/knowledge-corpus-historical/raw/source-snapshots/D059/files/content/runbooks/kubernetes/KubePersistentVolumeErrors.md.receipt.json""]"	"{""document_id"":""KBH-D059-545ab1351883"",""offset_unit"":""unicode_codepoint_in_source_document_text"",""start_offset"":57,""end_offset"":563,""text_sha256"":""1c146b631f2716a3875b439ee710b45f4b485cadf24c41b3de21f9144dc2755d"",""document_text_sha256"":""0ecd416dfadeeef3600bf4a548d92a1ed14dd3400e86bdde5080686c6c6ca5d5""}"	f8061f3e9b3337d90107aa2f10a0111f3f6dc86f	https://github.com/prometheus-operator/runbooks/blob/f8061f3e9b3337d90107aa2f10a0111f3f6dc86f/content/runbooks/kubernetes/KubePersistentVolumeErrors.md	0ecd416dfadeeef3600bf4a548d92a1ed14dd3400e86bdde5080686c6c6ca5d5	0ecd416dfadeeef3600bf4a548d92a1ed14dd3400e86bdde5080686c6c6ca5d5	2023-09-07T14:21:57Z	conservative_repository_snapshot_commit_time_not_document_publication	2026-09-12T16:58:06.868642Z			[]	False
KBH-D059-55680d49eefb	D059	content/runbooks/prometheus/PrometheusTargetLimitHit.md	unknown	The PrometheusTargetLimitHit runbook describes an alert/diagnostic scenario; deployed rules, telemetry and scenario occurrence are unverified.	pending			A	B			applicability-proposal-v1	codex_proposal_not_human_review	candidate_conditional	unknown	unknown	unknown	Require matching scrape target limits and dropped-target evidence; Diagnosis is empty and the short mitigation is not a validated remedy.	conditional_monitoring_diagnostic_reference	No use until required review/release gates. For a locally authorized candidate, use only as a conditional diagnostic/reference hypothesis; never claim compatibility, causal relevance or an observed incident fact.	"[""KBH-D059-55680d49eefb"",""03_collection_plan/knowledge-corpus-historical/raw/source-snapshots/D059/files/content/runbooks/prometheus/PrometheusTargetLimitHit.md"",""03_collection_plan/knowledge-corpus-historical/raw/source-snapshots/D059/files/content/runbooks/prometheus/PrometheusTargetLimitHit.md.receipt.json""]"	"{""document_id"":""KBH-D059-55680d49eefb"",""offset_unit"":""unicode_codepoint_in_source_document_text"",""start_offset"":55,""end_offset"":374,""text_sha256"":""f69dd2c234a407dfb7cec24593fa01987b242640a541dbf1259088768327631b"",""document_text_sha256"":""2b92fc6fc5925586ea54795b0489e951eac964bea86b85bebde1100a7cb3bc76""}"	f8061f3e9b3337d90107aa2f10a0111f3f6dc86f	https://github.com/prometheus-operator/runbooks/blob/f8061f3e9b3337d90107aa2f10a0111f3f6dc86f/content/runbooks/prometheus/PrometheusTargetLimitHit.md	2b92fc6fc5925586ea54795b0489e951eac964bea86b85bebde1100a7cb3bc76	2b92fc6fc5925586ea54795b0489e951eac964bea86b85bebde1100a7cb3bc76	2023-09-07T14:21:57Z	conservative_repository_snapshot_commit_time_not_document_publication	2026-09-12T16:58:09.701513Z			[]	False
KBH-D059-5b2f1ba3a5d0	D059	content/runbooks/node/NodeHighNumberConntrackEntriesUsed.md	unknown	The NodeHighNumberConntrackEntriesUsed runbook describes an alert/diagnostic scenario; deployed rules, telemetry and scenario occurrence are unverified.	pending			A	B			applicability-proposal-v1	codex_proposal_not_human_review	candidate_conditional	unknown	unknown	unknown	Require node conntrack usage/limit and relevant network namespace; do not assume a conntrack bottleneck from service traffic alone.	conditional_infrastructure_diagnostic_reference	No use until required review/release gates. For a locally authorized candidate, use only as a conditional diagnostic/reference hypothesis; never claim compatibility, causal relevance or an observed incident fact.	"[""KBH-D059-5b2f1ba3a5d0"",""03_collection_plan/knowledge-corpus-historical/raw/source-snapshots/D059/files/content/runbooks/node/NodeHighNumberConntrackEntriesUsed.md"",""03_collection_plan/knowledge-corpus-historical/raw/source-snapshots/D059/files/content/runbooks/node/NodeHighNumberConntrackEntriesUsed.md.receipt.json""]"	"{""document_id"":""KBH-D059-5b2f1ba3a5d0"",""offset_unit"":""unicode_codepoint_in_source_document_text"",""start_offset"":67,""end_offset"":532,""text_sha256"":""ddac07829a250817c3f96c23b8ef0030688adac6a62108f424616e145d6c11cf"",""document_text_sha256"":""6d496c8f8d823dc8650240d028a88a91ba7b21d4b7a16619b7071d8e3223d13b""}"	f8061f3e9b3337d90107aa2f10a0111f3f6dc86f	https://github.com/prometheus-operator/runbooks/blob/f8061f3e9b3337d90107aa2f10a0111f3f6dc86f/content/runbooks/node/NodeHighNumberConntrackEntriesUsed.md	6d496c8f8d823dc8650240d028a88a91ba7b21d4b7a16619b7071d8e3223d13b	6d496c8f8d823dc8650240d028a88a91ba7b21d4b7a16619b7071d8e3223d13b	2023-09-07T14:21:57Z	conservative_repository_snapshot_commit_time_not_document_publication	2026-09-12T16:58:08.532307Z			[]	False
KBH-D059-6c2b859da0cb	D059	content/runbooks/kubernetes/KubeHpaMaxedOut.md	unknown	The KubeHpaMaxedOut runbook describes an alert/diagnostic scenario; deployed rules, telemetry and scenario occurrence are unverified.	pending			A	B			applicability-proposal-v1	codex_proposal_not_human_review	candidate_conditional	unknown	unknown	unknown	Require a deployed HPA, its maxReplicas, requests and metric source; reaching the maximum can be intentional.	conditional_infrastructure_diagnostic_reference	No use until required review/release gates. For a locally authorized candidate, use only as a conditional diagnostic/reference hypothesis; never claim compatibility, causal relevance or an observed incident fact.	"[""KBH-D059-6c2b859da0cb"",""03_collection_plan/knowledge-corpus-historical/raw/source-snapshots/D059/files/content/runbooks/kubernetes/KubeHpaMaxedOut.md"",""03_collection_plan/knowledge-corpus-historical/raw/source-snapshots/D059/files/content/runbooks/kubernetes/KubeHpaMaxedOut.md.receipt.json""]"	"{""document_id"":""KBH-D059-6c2b859da0cb"",""offset_unit"":""unicode_codepoint_in_source_document_text"",""start_offset"":46,""end_offset"":646,""text_sha256"":""db12afde6ef71bf08cde4d86f0b5a3c6b0d41f7dddfac6edbb4ff96a9b8c9006"",""document_text_sha256"":""f7f831c97b86e74747530c89c8bb4028f440783e6121b0cb7ca5e942cc4cc753""}"	f8061f3e9b3337d90107aa2f10a0111f3f6dc86f	https://github.com/prometheus-operator/runbooks/blob/f8061f3e9b3337d90107aa2f10a0111f3f6dc86f/content/runbooks/kubernetes/KubeHpaMaxedOut.md	f7f831c97b86e74747530c89c8bb4028f440783e6121b0cb7ca5e942cc4cc753	f7f831c97b86e74747530c89c8bb4028f440783e6121b0cb7ca5e942cc4cc753	2023-09-07T14:21:57Z	conservative_repository_snapshot_commit_time_not_document_publication	2026-09-12T16:58:05.999347Z			[]	False
KBH-D059-7f69273da4ee	D059	content/runbooks/kubernetes/KubeHpaReplicasMismatch.md	unknown	The KubeHpaReplicasMismatch runbook describes an alert/diagnostic scenario; deployed rules, telemetry and scenario occurrence are unverified.	pending			A	B			applicability-proposal-v1	codex_proposal_not_human_review	candidate_conditional	unknown	unknown	unknown	Require a deployed HPA, desired/current replicas, scheduling capacity and resource quotas.	conditional_infrastructure_diagnostic_reference	No use until required review/release gates. For a locally authorized candidate, use only as a conditional diagnostic/reference hypothesis; never claim compatibility, causal relevance or an observed incident fact.	"[""KBH-D059-7f69273da4ee"",""03_collection_plan/knowledge-corpus-historical/raw/source-snapshots/D059/files/content/runbooks/kubernetes/KubeHpaReplicasMismatch.md"",""03_collection_plan/knowledge-corpus-historical/raw/source-snapshots/D059/files/content/runbooks/kubernetes/KubeHpaReplicasMismatch.md.receipt.json""]"	"{""document_id"":""KBH-D059-7f69273da4ee"",""offset_unit"":""unicode_codepoint_in_source_document_text"",""start_offset"":55,""end_offset"":545,""text_sha256"":""097f334c50f4c20c29c4db0033845abd4f0228eb27578390aeb22e3b54a10b8e"",""document_text_sha256"":""f3d980632c9d47965ceac322dcd2d0e3d4ea207d412708068c0d5c5a0b6952a3""}"	f8061f3e9b3337d90107aa2f10a0111f3f6dc86f	https://github.com/prometheus-operator/runbooks/blob/f8061f3e9b3337d90107aa2f10a0111f3f6dc86f/content/runbooks/kubernetes/KubeHpaReplicasMismatch.md	f3d980632c9d47965ceac322dcd2d0e3d4ea207d412708068c0d5c5a0b6952a3	f3d980632c9d47965ceac322dcd2d0e3d4ea207d412708068c0d5c5a0b6952a3	2023-09-07T14:21:57Z	conservative_repository_snapshot_commit_time_not_document_publication	2026-09-12T16:58:06.052625Z			[]	False
KBH-D059-880cd100599f	D059	content/runbooks/prometheus/PrometheusDuplicateTimestamps.md	unknown	The PrometheusDuplicateTimestamps runbook describes an alert/diagnostic scenario; deployed rules, telemetry and scenario occurrence are unverified.	pending			A	B			applicability-proposal-v1	codex_proposal_not_human_review	candidate_conditional	unknown	unknown	unknown	Require duplicate-timestamp ingestion errors, actual scrape labels and target configuration.	conditional_monitoring_diagnostic_reference	No use until required review/release gates. For a locally authorized candidate, use only as a conditional diagnostic/reference hypothesis; never claim compatibility, causal relevance or an observed incident fact.	"[""KBH-D059-880cd100599f"",""03_collection_plan/knowledge-corpus-historical/raw/source-snapshots/D059/files/content/runbooks/prometheus/PrometheusDuplicateTimestamps.md"",""03_collection_plan/knowledge-corpus-historical/raw/source-snapshots/D059/files/content/runbooks/prometheus/PrometheusDuplicateTimestamps.md.receipt.json""]"	"{""document_id"":""KBH-D059-880cd100599f"",""offset_unit"":""unicode_codepoint_in_source_document_text"",""start_offset"":59,""end_offset"":659,""text_sha256"":""0e5f5549b8836bbd9ac358fff5e60fefa6f63df127763ce7ba77a125d3abfbfd"",""document_text_sha256"":""235bd5384e859463338846d73ccef02b83c459d9912e71183eb77d57581cd997""}"	f8061f3e9b3337d90107aa2f10a0111f3f6dc86f	https://github.com/prometheus-operator/runbooks/blob/f8061f3e9b3337d90107aa2f10a0111f3f6dc86f/content/runbooks/prometheus/PrometheusDuplicateTimestamps.md	235bd5384e859463338846d73ccef02b83c459d9912e71183eb77d57581cd997	235bd5384e859463338846d73ccef02b83c459d9912e71183eb77d57581cd997	2023-09-07T14:21:57Z	conservative_repository_snapshot_commit_time_not_document_publication	2026-09-12T16:58:08.988600Z			[]	False
KBH-D059-8d06231c2525	D059	content/runbooks/general/TargetDown.md	unknown	The TargetDown runbook describes an alert/diagnostic scenario; deployed rules, telemetry and scenario occurrence are unverified.	pending			A	B			applicability-proposal-v1	codex_proposal_not_human_review	candidate_conditional	unknown	unknown	unknown	Require actual scrape targets, endpoint/selector/network configuration and matching alert rules; scrape failure does not establish application outage.	conditional_infrastructure_diagnostic_reference	No use until required review/release gates. For a locally authorized candidate, use only as a conditional diagnostic/reference hypothesis; never claim compatibility, causal relevance or an observed incident fact.	"[""KBH-D059-8d06231c2525"",""03_collection_plan/knowledge-corpus-historical/raw/source-snapshots/D059/files/content/runbooks/general/TargetDown.md"",""03_collection_plan/knowledge-corpus-historical/raw/source-snapshots/D059/files/content/runbooks/general/TargetDown.md.receipt.json""]"	"{""document_id"":""KBH-D059-8d06231c2525"",""offset_unit"":""unicode_codepoint_in_source_document_text"",""start_offset"":0,""end_offset"":600,""text_sha256"":""c1c5350b69f97bca8e4a81324825515f3914303b4a43964f9840cf47182d7795"",""document_text_sha256"":""be76111a7470c4222a5167853f5256a3c598ce4bdd656c0b2cf146759423de36""}"	f8061f3e9b3337d90107aa2f10a0111f3f6dc86f	https://github.com/prometheus-operator/runbooks/blob/f8061f3e9b3337d90107aa2f10a0111f3f6dc86f/content/runbooks/general/TargetDown.md	be76111a7470c4222a5167853f5256a3c598ce4bdd656c0b2cf146759423de36	be76111a7470c4222a5167853f5256a3c598ce4bdd656c0b2cf146759423de36	2023-09-07T14:21:57Z	conservative_repository_snapshot_commit_time_not_document_publication	2026-09-12T16:58:04.984945Z			[]	False
KBH-D059-90ee8fc78d14	D059	content/runbooks/prometheus/PrometheusRuleFailures.md	unknown	The PrometheusRuleFailures runbook describes an alert/diagnostic scenario; deployed rules, telemetry and scenario occurrence are unverified.	pending			A	B			applicability-proposal-v1	codex_proposal_not_human_review	candidate_conditional	unknown	unknown	unknown	Require the deployed rule expression and evaluation error; use as telemetry/rule debugging, not an application root-cause assertion.	conditional_monitoring_diagnostic_reference	No use until required review/release gates. For a locally authorized candidate, use only as a conditional diagnostic/reference hypothesis; never claim compatibility, causal relevance or an observed incident fact.	"[""KBH-D059-90ee8fc78d14"",""03_collection_plan/knowledge-corpus-historical/raw/source-snapshots/D059/files/content/runbooks/prometheus/PrometheusRuleFailures.md"",""03_collection_plan/knowledge-corpus-historical/raw/source-snapshots/D059/files/content/runbooks/prometheus/PrometheusRuleFailures.md.receipt.json""]"	"{""document_id"":""KBH-D059-90ee8fc78d14"",""offset_unit"":""unicode_codepoint_in_source_document_text"",""start_offset"":52,""end_offset"":515,""text_sha256"":""a94406de9c90bde408a4bd18a14de6b294c9a714bf68df66ee2d8817b52b22bd"",""document_text_sha256"":""2f143bb704e869a24279bda7d5212a1a4ff985b2c2416c94e3f16880ef5b6fda""}"	f8061f3e9b3337d90107aa2f10a0111f3f6dc86f	https://github.com/prometheus-operator/runbooks/blob/f8061f3e9b3337d90107aa2f10a0111f3f6dc86f/content/runbooks/prometheus/PrometheusRuleFailures.md	2f143bb704e869a24279bda7d5212a1a4ff985b2c2416c94e3f16880ef5b6fda	2f143bb704e869a24279bda7d5212a1a4ff985b2c2416c94e3f16880ef5b6fda	2023-09-07T14:21:57Z	conservative_repository_snapshot_commit_time_not_document_publication	2026-09-12T16:58:09.695981Z			[]	False
KBH-D059-91688933d572	D059	content/runbooks/general/NodeNetworkInterfaceFlapping.md	unknown	The NodeNetworkInterfaceFlapping runbook describes an alert/diagnostic scenario; deployed rules, telemetry and scenario occurrence are unverified.	pending			A	B			applicability-proposal-v1	codex_proposal_not_human_review	candidate_conditional	unknown	unknown	unknown	Require observed interface state transitions and relevant node/interface identity.	conditional_infrastructure_diagnostic_reference	No use until required review/release gates. For a locally authorized candidate, use only as a conditional diagnostic/reference hypothesis; never claim compatibility, causal relevance or an observed incident fact.	"[""KBH-D059-91688933d572"",""03_collection_plan/knowledge-corpus-historical/raw/source-snapshots/D059/files/content/runbooks/general/NodeNetworkInterfaceFlapping.md"",""03_collection_plan/knowledge-corpus-historical/raw/source-snapshots/D059/files/content/runbooks/general/NodeNetworkInterfaceFlapping.md.receipt.json""]"	"{""document_id"":""KBH-D059-91688933d572"",""offset_unit"":""unicode_codepoint_in_source_document_text"",""start_offset"":59,""end_offset"":516,""text_sha256"":""3ede1b1389105ba3e08203c2b2c3de4bcbfe2245326513d6f1944b291eaa53be"",""document_text_sha256"":""553464c2ec2318e4c448076e41a57be9078a3d8da0420b8118218f49dba39728""}"	f8061f3e9b3337d90107aa2f10a0111f3f6dc86f	https://github.com/prometheus-operator/runbooks/blob/f8061f3e9b3337d90107aa2f10a0111f3f6dc86f/content/runbooks/general/NodeNetworkInterfaceFlapping.md	553464c2ec2318e4c448076e41a57be9078a3d8da0420b8118218f49dba39728	553464c2ec2318e4c448076e41a57be9078a3d8da0420b8118218f49dba39728	2023-09-07T14:21:57Z	conservative_repository_snapshot_commit_time_not_document_publication	2026-09-12T16:58:04.984945Z			[]	False
KBH-D059-91bc8b32682b	D059	content/runbooks/kubernetes/KubeContainerWaiting.md	unknown	The KubeContainerWaiting runbook describes an alert/diagnostic scenario; deployed rules, telemetry and scenario occurrence are unverified.	pending			A	B			applicability-proposal-v1	codex_proposal_not_human_review	candidate_conditional	unknown	unknown	unknown	Require the actual container Waiting reason, Pod events and referenced configuration/volumes.	conditional_infrastructure_diagnostic_reference	No use until required review/release gates. For a locally authorized candidate, use only as a conditional diagnostic/reference hypothesis; never claim compatibility, causal relevance or an observed incident fact.	"[""KBH-D059-91bc8b32682b"",""03_collection_plan/knowledge-corpus-historical/raw/source-snapshots/D059/files/content/runbooks/kubernetes/KubeContainerWaiting.md"",""03_collection_plan/knowledge-corpus-historical/raw/source-snapshots/D059/files/content/runbooks/kubernetes/KubeContainerWaiting.md.receipt.json""]"	"{""document_id"":""KBH-D059-91bc8b32682b"",""offset_unit"":""unicode_codepoint_in_source_document_text"",""start_offset"":50,""end_offset"":644,""text_sha256"":""6eb30080bfe6efb53d19206f9b6431c47d320d4b7f7dde8d30712c9bb2d404c6"",""document_text_sha256"":""bd132a64bfcc6af5e81f944ca8f9bab13ce2cff5b712f946d265b9ee81a6097d""}"	f8061f3e9b3337d90107aa2f10a0111f3f6dc86f	https://github.com/prometheus-operator/runbooks/blob/f8061f3e9b3337d90107aa2f10a0111f3f6dc86f/content/runbooks/kubernetes/KubeContainerWaiting.md	bd132a64bfcc6af5e81f944ca8f9bab13ce2cff5b712f946d265b9ee81a6097d	bd132a64bfcc6af5e81f944ca8f9bab13ce2cff5b712f946d265b9ee81a6097d	2023-09-07T14:21:57Z	conservative_repository_snapshot_commit_time_not_document_publication	2026-09-12T16:58:05.519489Z			[]	False
KBH-D059-9bcf2fdf8ee8	D059	content/runbooks/kubernetes/KubeMemoryOvercommit.md	unknown	The KubeMemoryOvercommit runbook describes an alert/diagnostic scenario; deployed rules, telemetry and scenario occurrence are unverified.	pending			A	B			applicability-proposal-v1	codex_proposal_not_human_review	candidate_conditional	unknown	unknown	unknown	Require aggregate memory requests and node capacity/failure tolerance; requests are not measured memory use.	conditional_infrastructure_diagnostic_reference	No use until required review/release gates. For a locally authorized candidate, use only as a conditional diagnostic/reference hypothesis; never claim compatibility, causal relevance or an observed incident fact.	"[""KBH-D059-9bcf2fdf8ee8"",""03_collection_plan/knowledge-corpus-historical/raw/source-snapshots/D059/files/content/runbooks/kubernetes/KubeMemoryOvercommit.md"",""03_collection_plan/knowledge-corpus-historical/raw/source-snapshots/D059/files/content/runbooks/kubernetes/KubeMemoryOvercommit.md.receipt.json""]"	"{""document_id"":""KBH-D059-9bcf2fdf8ee8"",""offset_unit"":""unicode_codepoint_in_source_document_text"",""start_offset"":83,""end_offset"":683,""text_sha256"":""2e564394895c5114ae7924109bfe25a496c247d3b889a69741f34d6eec9de13e"",""document_text_sha256"":""d441f56b3548f015ebd9e2ad4483cd714322e67f25aee58a036159d8a6bc2ed1""}"	f8061f3e9b3337d90107aa2f10a0111f3f6dc86f	https://github.com/prometheus-operator/runbooks/blob/f8061f3e9b3337d90107aa2f10a0111f3f6dc86f/content/runbooks/kubernetes/KubeMemoryOvercommit.md	d441f56b3548f015ebd9e2ad4483cd714322e67f25aee58a036159d8a6bc2ed1	d441f56b3548f015ebd9e2ad4483cd714322e67f25aee58a036159d8a6bc2ed1	2023-09-07T14:21:57Z	conservative_repository_snapshot_commit_time_not_document_publication	2026-09-12T16:58:06.305853Z			[]	False
KBH-D059-ab767794153c	D059	content/runbooks/kubernetes/KubePodCrashLooping.md	unknown	The KubePodCrashLooping runbook describes an alert/diagnostic scenario; deployed rules, telemetry and scenario occurrence are unverified.	pending			A	B			applicability-proposal-v1	codex_proposal_not_human_review	candidate_conditional	unknown	unknown	unknown	Require actual restarts, termination reasons, probes, logs and resource configuration; listed causes remain hypotheses.	conditional_infrastructure_diagnostic_reference	No use until required review/release gates. For a locally authorized candidate, use only as a conditional diagnostic/reference hypothesis; never claim compatibility, causal relevance or an observed incident fact.	"[""KBH-D059-ab767794153c"",""03_collection_plan/knowledge-corpus-historical/raw/source-snapshots/D059/files/content/runbooks/kubernetes/KubePodCrashLooping.md"",""03_collection_plan/knowledge-corpus-historical/raw/source-snapshots/D059/files/content/runbooks/kubernetes/KubePodCrashLooping.md.receipt.json""]"	"{""document_id"":""KBH-D059-ab767794153c"",""offset_unit"":""unicode_codepoint_in_source_document_text"",""start_offset"":50,""end_offset"":650,""text_sha256"":""f49773860643f4775b7e388760a3ff2d916af21b2c07d557dd028f71c39f6dd8"",""document_text_sha256"":""ab82b5ca6c75becc78c9e91078a9d0b40e9de8ee7f590dbeff8052d5841bd747""}"	f8061f3e9b3337d90107aa2f10a0111f3f6dc86f	https://github.com/prometheus-operator/runbooks/blob/f8061f3e9b3337d90107aa2f10a0111f3f6dc86f/content/runbooks/kubernetes/KubePodCrashLooping.md	ab82b5ca6c75becc78c9e91078a9d0b40e9de8ee7f590dbeff8052d5841bd747	ab82b5ca6c75becc78c9e91078a9d0b40e9de8ee7f590dbeff8052d5841bd747	2023-09-07T14:21:57Z	conservative_repository_snapshot_commit_time_not_document_publication	2026-09-12T16:58:07.343748Z			[]	False
KBH-D059-b0277ce1f225	D059	content/runbooks/kubernetes/KubeDeploymentGenerationMismatch.md	unknown	The KubeDeploymentGenerationMismatch runbook describes an alert/diagnostic scenario; deployed rules, telemetry and scenario occurrence are unverified.	pending			A	B			applicability-proposal-v1	codex_proposal_not_human_review	candidate_conditional	unknown	unknown	unknown	Require a Deployment generation/observedGeneration and rollout history; mismatch does not by itself prove rollback.	conditional_infrastructure_diagnostic_reference	No use until required review/release gates. For a locally authorized candidate, use only as a conditional diagnostic/reference hypothesis; never claim compatibility, causal relevance or an observed incident fact.	"[""KBH-D059-b0277ce1f225"",""03_collection_plan/knowledge-corpus-historical/raw/source-snapshots/D059/files/content/runbooks/kubernetes/KubeDeploymentGenerationMismatch.md"",""03_collection_plan/knowledge-corpus-historical/raw/source-snapshots/D059/files/content/runbooks/kubernetes/KubeDeploymentGenerationMismatch.md.receipt.json""]"	"{""document_id"":""KBH-D059-b0277ce1f225"",""offset_unit"":""unicode_codepoint_in_source_document_text"",""start_offset"":63,""end_offset"":663,""text_sha256"":""6edd4c3b860a702cfa09f1e7d62865c609825da91688dbb578d6143a7140ffd2"",""document_text_sha256"":""68c5b9616d6162d05ed73cfc6e34849d380d636affca3a6f18667d129588f1f8""}"	f8061f3e9b3337d90107aa2f10a0111f3f6dc86f	https://github.com/prometheus-operator/runbooks/blob/f8061f3e9b3337d90107aa2f10a0111f3f6dc86f/content/runbooks/kubernetes/KubeDeploymentGenerationMismatch.md	68c5b9616d6162d05ed73cfc6e34849d380d636affca3a6f18667d129588f1f8	68c5b9616d6162d05ed73cfc6e34849d380d636affca3a6f18667d129588f1f8	2023-09-07T14:21:57Z	conservative_repository_snapshot_commit_time_not_document_publication	2026-09-12T16:58:05.750593Z			[]	False
KBH-D059-b32d4a918814	D059	content/runbooks/node/NodeNetworkTransmitErrs.md	unknown	The NodeNetworkTransmitErrs runbook describes an alert/diagnostic scenario; deployed rules, telemetry and scenario occurrence are unverified.	pending			A	B			applicability-proposal-v1	codex_proposal_not_human_review	candidate_conditional	unknown	unknown	unknown	Require interface identity, transmit-error counters, saturation and node resource observations.	conditional_infrastructure_diagnostic_reference	No use until required review/release gates. For a locally authorized candidate, use only as a conditional diagnostic/reference hypothesis; never claim compatibility, causal relevance or an observed incident fact.	"[""KBH-D059-b32d4a918814"",""03_collection_plan/knowledge-corpus-historical/raw/source-snapshots/D059/files/content/runbooks/node/NodeNetworkTransmitErrs.md"",""03_collection_plan/knowledge-corpus-historical/raw/source-snapshots/D059/files/content/runbooks/node/NodeNetworkTransmitErrs.md.receipt.json""]"	"{""document_id"":""KBH-D059-b32d4a918814"",""offset_unit"":""unicode_codepoint_in_source_document_text"",""start_offset"":56,""end_offset"":656,""text_sha256"":""8fa3a8266b03f7a1e95b7505663364a830eeb95cbfb0bb31c03d1652579c0d05"",""document_text_sha256"":""66e7dcd630b74bb305f9ba875b21799fc469c44c8373187ccd8fc0ea78d31f19""}"	f8061f3e9b3337d90107aa2f10a0111f3f6dc86f	https://github.com/prometheus-operator/runbooks/blob/f8061f3e9b3337d90107aa2f10a0111f3f6dc86f/content/runbooks/node/NodeNetworkTransmitErrs.md	66e7dcd630b74bb305f9ba875b21799fc469c44c8373187ccd8fc0ea78d31f19	66e7dcd630b74bb305f9ba875b21799fc469c44c8373187ccd8fc0ea78d31f19	2023-09-07T14:21:57Z	conservative_repository_snapshot_commit_time_not_document_publication	2026-09-12T16:58:08.798844Z			[]	False
KBH-D059-b8a720c3525a	D059	content/runbooks/kubernetes/KubeletDown.md	unknown	The KubeletDown runbook describes an alert/diagnostic scenario; deployed rules, telemetry and scenario occurrence are unverified.	pending			A	B			applicability-proposal-v1	codex_proposal_not_human_review	candidate_conditional	unknown	unknown	unknown	Require actual kubelet scrape endpoints and node status; monitoring network failure can mimic kubelet outage.	conditional_infrastructure_diagnostic_reference	No use until required review/release gates. For a locally authorized candidate, use only as a conditional diagnostic/reference hypothesis; never claim compatibility, causal relevance or an observed incident fact.	"[""KBH-D059-b8a720c3525a"",""03_collection_plan/knowledge-corpus-historical/raw/source-snapshots/D059/files/content/runbooks/kubernetes/KubeletDown.md"",""03_collection_plan/knowledge-corpus-historical/raw/source-snapshots/D059/files/content/runbooks/kubernetes/KubeletDown.md.receipt.json""]"	"{""document_id"":""KBH-D059-b8a720c3525a"",""offset_unit"":""unicode_codepoint_in_source_document_text"",""start_offset"":40,""end_offset"":640,""text_sha256"":""5fd74aff8b1448232aae7d86ac5469f2ca82471e8ab23e81438929f05888cc4e"",""document_text_sha256"":""656ead0fd43dc2e9cf034c01ae374ab708796fc341a46bf7a7b5618d537234f4""}"	f8061f3e9b3337d90107aa2f10a0111f3f6dc86f	https://github.com/prometheus-operator/runbooks/blob/f8061f3e9b3337d90107aa2f10a0111f3f6dc86f/content/runbooks/kubernetes/KubeletDown.md	656ead0fd43dc2e9cf034c01ae374ab708796fc341a46bf7a7b5618d537234f4	656ead0fd43dc2e9cf034c01ae374ab708796fc341a46bf7a7b5618d537234f4	2023-09-07T14:21:57Z	conservative_repository_snapshot_commit_time_not_document_publication	2026-09-12T16:58:07.915740Z			[]	False
KBH-D059-bcfb01413ab2	D059	content/runbooks/kubernetes/KubeQuotaExceeded.md	unknown	The KubeQuotaExceeded runbook describes an alert/diagnostic scenario; deployed rules, telemetry and scenario occurrence are unverified.	pending			A	B			applicability-proposal-v1	codex_proposal_not_human_review	candidate_conditional	unknown	unknown	unknown	Require the affected namespace ResourceQuota hard limits and time-aligned usage.	conditional_infrastructure_diagnostic_reference	No use until required review/release gates. For a locally authorized candidate, use only as a conditional diagnostic/reference hypothesis; never claim compatibility, causal relevance or an observed incident fact.	"[""KBH-D059-bcfb01413ab2"",""03_collection_plan/knowledge-corpus-historical/raw/source-snapshots/D059/files/content/runbooks/kubernetes/KubeQuotaExceeded.md"",""03_collection_plan/knowledge-corpus-historical/raw/source-snapshots/D059/files/content/runbooks/kubernetes/KubeQuotaExceeded.md.receipt.json""]"	"{""document_id"":""KBH-D059-bcfb01413ab2"",""offset_unit"":""unicode_codepoint_in_source_document_text"",""start_offset"":47,""end_offset"":551,""text_sha256"":""2194af3af090a933b31cfd9ef1f921d0b911415fc3df1b782de8689b2dbb02b9"",""document_text_sha256"":""0a140de4c248232b9d2fb33f31860af127746c5e0bb3874d7417dd882ae836b1""}"	f8061f3e9b3337d90107aa2f10a0111f3f6dc86f	https://github.com/prometheus-operator/runbooks/blob/f8061f3e9b3337d90107aa2f10a0111f3f6dc86f/content/runbooks/kubernetes/KubeQuotaExceeded.md	0a140de4c248232b9d2fb33f31860af127746c5e0bb3874d7417dd882ae836b1	0a140de4c248232b9d2fb33f31860af127746c5e0bb3874d7417dd882ae836b1	2023-09-07T14:21:57Z	conservative_repository_snapshot_commit_time_not_document_publication	2026-09-12T16:58:07.738051Z			[]	False
KBH-D059-c0ae2fc5e6c0	D059	content/runbooks/node/NodeFilesystemSpaceFillingUp.md	unknown	The NodeFilesystemSpaceFillingUp runbook describes an alert/diagnostic scenario; deployed rules, telemetry and scenario occurrence are unverified.	pending			A	B			applicability-proposal-v1	codex_proposal_not_human_review	candidate_conditional	unknown	unknown	unknown	Require mount identity, usage time series and the actual prediction rule/window; source forecasts are not incident observations.	conditional_infrastructure_diagnostic_reference	No use until required review/release gates. For a locally authorized candidate, use only as a conditional diagnostic/reference hypothesis; never claim compatibility, causal relevance or an observed incident fact.	"[""KBH-D059-c0ae2fc5e6c0"",""03_collection_plan/knowledge-corpus-historical/raw/source-snapshots/D059/files/content/runbooks/node/NodeFilesystemSpaceFillingUp.md"",""03_collection_plan/knowledge-corpus-historical/raw/source-snapshots/D059/files/content/runbooks/node/NodeFilesystemSpaceFillingUp.md.receipt.json""]"	"{""document_id"":""KBH-D059-c0ae2fc5e6c0"",""offset_unit"":""unicode_codepoint_in_source_document_text"",""start_offset"":60,""end_offset"":660,""text_sha256"":""51ddcd161ed28252d0c4ed9cb67e19b81bcb2dc3b9ca528791bab1bc296665f3"",""document_text_sha256"":""4308c3a95316b047bf586fb6b4d58a9a40d2714d2de839e8bbddb13e2c8dc8c0""}"	f8061f3e9b3337d90107aa2f10a0111f3f6dc86f	https://github.com/prometheus-operator/runbooks/blob/f8061f3e9b3337d90107aa2f10a0111f3f6dc86f/content/runbooks/node/NodeFilesystemSpaceFillingUp.md	4308c3a95316b047bf586fb6b4d58a9a40d2714d2de839e8bbddb13e2c8dc8c0	4308c3a95316b047bf586fb6b4d58a9a40d2714d2de839e8bbddb13e2c8dc8c0	2023-09-07T14:21:57Z	conservative_repository_snapshot_commit_time_not_document_publication	2026-09-12T16:58:08.432568Z			[]	False
KBH-D059-c21de076814a	D059	content/runbooks/kubernetes/CPUThrottlingHigh.md	unknown	The CPUThrottlingHigh runbook describes an alert/diagnostic scenario; deployed rules, telemetry and scenario occurrence are unverified.	pending			A	B			applicability-proposal-v1	codex_proposal_not_human_review	candidate_conditional	unknown	unknown	unknown	Require measured throttling plus application impairment and actual alert rules; source calls the alert informative and inhibited by default, so throttling alone is not a cause.	conditional_infrastructure_diagnostic_reference	No use until required review/release gates. For a locally authorized candidate, use only as a conditional diagnostic/reference hypothesis; never claim compatibility, causal relevance or an observed incident fact.	"[""KBH-D059-c21de076814a"",""03_collection_plan/knowledge-corpus-historical/raw/source-snapshots/D059/files/content/runbooks/kubernetes/CPUThrottlingHigh.md"",""03_collection_plan/knowledge-corpus-historical/raw/source-snapshots/D059/files/content/runbooks/kubernetes/CPUThrottlingHigh.md.receipt.json""]"	"{""document_id"":""KBH-D059-c21de076814a"",""offset_unit"":""unicode_codepoint_in_source_document_text"",""start_offset"":47,""end_offset"":647,""text_sha256"":""42dd9102a31cdc17277849eba23bb9a8d196043bf61bdccaf946eb34af5169a0"",""document_text_sha256"":""4801814bf4c952101130fd334096fbd3c9e08731a2c514a0b3f910328cea1622""}"	f8061f3e9b3337d90107aa2f10a0111f3f6dc86f	https://github.com/prometheus-operator/runbooks/blob/f8061f3e9b3337d90107aa2f10a0111f3f6dc86f/content/runbooks/kubernetes/CPUThrottlingHigh.md	4801814bf4c952101130fd334096fbd3c9e08731a2c514a0b3f910328cea1622	4801814bf4c952101130fd334096fbd3c9e08731a2c514a0b3f910328cea1622	2023-09-07T14:21:57Z	conservative_repository_snapshot_commit_time_not_document_publication	2026-09-12T16:58:05.194985Z			[]	False
KBH-D059-c5fd7b512fcf	D059	content/runbooks/prometheus/PrometheusLabelLimitHit.md	unknown	The PrometheusLabelLimitHit runbook describes an alert/diagnostic scenario; deployed rules, telemetry and scenario occurrence are unverified.	pending			A	B			applicability-proposal-v1	codex_proposal_not_human_review	candidate_conditional	unknown	unknown	unknown	Require matching Prometheus label limits and dropped-target evidence; Diagnosis is empty and the short mitigation is not a validated remedy.	conditional_monitoring_diagnostic_reference	No use until required review/release gates. For a locally authorized candidate, use only as a conditional diagnostic/reference hypothesis; never claim compatibility, causal relevance or an observed incident fact.	"[""KBH-D059-c5fd7b512fcf"",""03_collection_plan/knowledge-corpus-historical/raw/source-snapshots/D059/files/content/runbooks/prometheus/PrometheusLabelLimitHit.md"",""03_collection_plan/knowledge-corpus-historical/raw/source-snapshots/D059/files/content/runbooks/prometheus/PrometheusLabelLimitHit.md.receipt.json""]"	"{""document_id"":""KBH-D059-c5fd7b512fcf"",""offset_unit"":""unicode_codepoint_in_source_document_text"",""start_offset"":53,""end_offset"":370,""text_sha256"":""4defa0d502029d7040fff079ec2c79b206fdc0d6ad625a5a96a0083e073b78e7"",""document_text_sha256"":""63dfc300501ef05f0e2b847b262f5d8702957e4e115784587d13e6396a341b73""}"	f8061f3e9b3337d90107aa2f10a0111f3f6dc86f	https://github.com/prometheus-operator/runbooks/blob/f8061f3e9b3337d90107aa2f10a0111f3f6dc86f/content/runbooks/prometheus/PrometheusLabelLimitHit.md	63dfc300501ef05f0e2b847b262f5d8702957e4e115784587d13e6396a341b73	63dfc300501ef05f0e2b847b262f5d8702957e4e115784587d13e6396a341b73	2023-09-07T14:21:57Z	conservative_repository_snapshot_commit_time_not_document_publication	2026-09-12T16:58:09.109753Z			[]	False
KBH-D059-ce4a883f97c6	D059	content/runbooks/prometheus/PrometheusOutOfOrderTimestamps.md	excluded	A title and external blog link only; linked content was not acquired or licensed as a local source.	pending			A	B			applicability-proposal-v1	codex_proposal_not_human_review	excluded	unknown	unknown	unknown	Retain in source registry; excluded from candidate retrieval pending A/B review.	non_operational_or_incomplete_source	No use until required review/release gates. For a locally authorized candidate, use only as a conditional diagnostic/reference hypothesis; never claim compatibility, causal relevance or an observed incident fact.	"[""KBH-D059-ce4a883f97c6"",""03_collection_plan/knowledge-corpus-historical/raw/source-snapshots/D059/files/content/runbooks/prometheus/PrometheusOutOfOrderTimestamps.md"",""03_collection_plan/knowledge-corpus-historical/raw/source-snapshots/D059/files/content/runbooks/prometheus/PrometheusOutOfOrderTimestamps.md.receipt.json""]"	"{""document_id"":""KBH-D059-ce4a883f97c6"",""offset_unit"":""unicode_codepoint_in_source_document_text"",""start_offset"":62,""end_offset"":187,""text_sha256"":""a7716bb948edecd68240ff84dc00d0d16bf2436d2e7dbeabfc372344c668fca3"",""document_text_sha256"":""eb3a2046a4acef05206ac41d292de1993a350cd919ae098cb6900a98bdb04cbd""}"	f8061f3e9b3337d90107aa2f10a0111f3f6dc86f	https://github.com/prometheus-operator/runbooks/blob/f8061f3e9b3337d90107aa2f10a0111f3f6dc86f/content/runbooks/prometheus/PrometheusOutOfOrderTimestamps.md	eb3a2046a4acef05206ac41d292de1993a350cd919ae098cb6900a98bdb04cbd	eb3a2046a4acef05206ac41d292de1993a350cd919ae098cb6900a98bdb04cbd	2023-09-07T14:21:57Z	conservative_repository_snapshot_commit_time_not_document_publication	2026-09-12T16:58:09.545431Z			[]	False
KBH-D059-db6bc0dfb97f	D059	content/runbooks/kubernetes/KubeNodeNotReady.md	unknown	The KubeNodeNotReady runbook describes an alert/diagnostic scenario; deployed rules, telemetry and scenario occurrence are unverified.	pending			A	B			applicability-proposal-v1	codex_proposal_not_human_review	candidate_conditional	unknown	unknown	unknown	Require observed node Ready condition, events and matching node identity.	conditional_infrastructure_diagnostic_reference	No use until required review/release gates. For a locally authorized candidate, use only as a conditional diagnostic/reference hypothesis; never claim compatibility, causal relevance or an observed incident fact.	"[""KBH-D059-db6bc0dfb97f"",""03_collection_plan/knowledge-corpus-historical/raw/source-snapshots/D059/files/content/runbooks/kubernetes/KubeNodeNotReady.md"",""03_collection_plan/knowledge-corpus-historical/raw/source-snapshots/D059/files/content/runbooks/kubernetes/KubeNodeNotReady.md.receipt.json""]"	"{""document_id"":""KBH-D059-db6bc0dfb97f"",""offset_unit"":""unicode_codepoint_in_source_document_text"",""start_offset"":47,""end_offset"":647,""text_sha256"":""d92c485b8ef8e406ce3ae02818939404accdf72ec9133267c5142e17ae5d3bff"",""document_text_sha256"":""7f8347621b2dba5c38bcccd32e8fbd1fd7508bd99e278dee090535a3305df041""}"	f8061f3e9b3337d90107aa2f10a0111f3f6dc86f	https://github.com/prometheus-operator/runbooks/blob/f8061f3e9b3337d90107aa2f10a0111f3f6dc86f/content/runbooks/kubernetes/KubeNodeNotReady.md	7f8347621b2dba5c38bcccd32e8fbd1fd7508bd99e278dee090535a3305df041	7f8347621b2dba5c38bcccd32e8fbd1fd7508bd99e278dee090535a3305df041	2023-09-07T14:21:57Z	conservative_repository_snapshot_commit_time_not_document_publication	2026-09-12T16:58:06.512275Z			[]	False
KBH-D059-dc1287ef31f0	D059	content/runbooks/kubernetes/KubeMemoryQuotaOvercommit.md	unknown	The KubeMemoryQuotaOvercommit runbook describes an alert/diagnostic scenario; deployed rules, telemetry and scenario occurrence are unverified.	pending			A	B			applicability-proposal-v1	codex_proposal_not_human_review	candidate_conditional	unknown	unknown	unknown	Require actual namespace memory quotas, requests and available capacity.	conditional_infrastructure_diagnostic_reference	No use until required review/release gates. For a locally authorized candidate, use only as a conditional diagnostic/reference hypothesis; never claim compatibility, causal relevance or an observed incident fact.	"[""KBH-D059-dc1287ef31f0"",""03_collection_plan/knowledge-corpus-historical/raw/source-snapshots/D059/files/content/runbooks/kubernetes/KubeMemoryQuotaOvercommit.md"",""03_collection_plan/knowledge-corpus-historical/raw/source-snapshots/D059/files/content/runbooks/kubernetes/KubeMemoryQuotaOvercommit.md.receipt.json""]"	"{""document_id"":""KBH-D059-dc1287ef31f0"",""offset_unit"":""unicode_codepoint_in_source_document_text"",""start_offset"":94,""end_offset"":694,""text_sha256"":""7ebff2d208ed7b330e3201daed56887caa8046a8faf20b66eb92ab761921aa93"",""document_text_sha256"":""f429eedb5b957888c111e01e768c57c621d19fa5373be71432c65ebe6f94e941""}"	f8061f3e9b3337d90107aa2f10a0111f3f6dc86f	https://github.com/prometheus-operator/runbooks/blob/f8061f3e9b3337d90107aa2f10a0111f3f6dc86f/content/runbooks/kubernetes/KubeMemoryQuotaOvercommit.md	f429eedb5b957888c111e01e768c57c621d19fa5373be71432c65ebe6f94e941	f429eedb5b957888c111e01e768c57c621d19fa5373be71432c65ebe6f94e941	2023-09-07T14:21:57Z	conservative_repository_snapshot_commit_time_not_document_publication	2026-09-12T16:58:06.368435Z			[]	False
KBH-D059-de70fffe8993	D059	content/runbooks/node/NodeFilesystemAlmostOutOfSpace.md	unknown	The NodeFilesystemAlmostOutOfSpace runbook describes an alert/diagnostic scenario; deployed rules, telemetry and scenario occurrence are unverified.	pending			A	B			applicability-proposal-v1	codex_proposal_not_human_review	candidate_conditional	unknown	unknown	unknown	Require the mounted filesystem, free-space metrics and actual alert thresholds; thresholds in the source are not observed deployment settings.	conditional_infrastructure_diagnostic_reference	No use until required review/release gates. For a locally authorized candidate, use only as a conditional diagnostic/reference hypothesis; never claim compatibility, causal relevance or an observed incident fact.	"[""KBH-D059-de70fffe8993"",""03_collection_plan/knowledge-corpus-historical/raw/source-snapshots/D059/files/content/runbooks/node/NodeFilesystemAlmostOutOfSpace.md"",""03_collection_plan/knowledge-corpus-historical/raw/source-snapshots/D059/files/content/runbooks/node/NodeFilesystemAlmostOutOfSpace.md.receipt.json""]"	"{""document_id"":""KBH-D059-de70fffe8993"",""offset_unit"":""unicode_codepoint_in_source_document_text"",""start_offset"":63,""end_offset"":663,""text_sha256"":""f0996ef122b833f7f921d5dcc31613729f20f3fe55f039ce6c907602c44c0439"",""document_text_sha256"":""96a120d81d219c1ae359bb9878013ec83a1214e06d6fcea56e2c66d76555d533""}"	f8061f3e9b3337d90107aa2f10a0111f3f6dc86f	https://github.com/prometheus-operator/runbooks/blob/f8061f3e9b3337d90107aa2f10a0111f3f6dc86f/content/runbooks/node/NodeFilesystemAlmostOutOfSpace.md	96a120d81d219c1ae359bb9878013ec83a1214e06d6fcea56e2c66d76555d533	96a120d81d219c1ae359bb9878013ec83a1214e06d6fcea56e2c66d76555d533	2023-09-07T14:21:57Z	conservative_repository_snapshot_commit_time_not_document_publication	2026-09-12T16:58:08.207486Z			[]	False
KBH-D059-e0f954f2a2b6	D059	content/runbooks/prometheus/PrometheusNotIngestingSamples.md	excluded	Brief missing-metrics description with TODO diagnosis and mitigation; no completed diagnostic procedure.	pending			A	B			applicability-proposal-v1	codex_proposal_not_human_review	excluded	unknown	unknown	unknown	Retain in source registry; excluded from candidate retrieval pending A/B review.	non_operational_or_incomplete_source	No use until required review/release gates. For a locally authorized candidate, use only as a conditional diagnostic/reference hypothesis; never claim compatibility, causal relevance or an observed incident fact.	"[""KBH-D059-e0f954f2a2b6"",""03_collection_plan/knowledge-corpus-historical/raw/source-snapshots/D059/files/content/runbooks/prometheus/PrometheusNotIngestingSamples.md"",""03_collection_plan/knowledge-corpus-historical/raw/source-snapshots/D059/files/content/runbooks/prometheus/PrometheusNotIngestingSamples.md.receipt.json""]"	"{""document_id"":""KBH-D059-e0f954f2a2b6"",""offset_unit"":""unicode_codepoint_in_source_document_text"",""start_offset"":60,""end_offset"":212,""text_sha256"":""da279de47994262c0692f4c60287a79fd5dfaf32e7ea2e29b4d4dc7684ca45b0"",""document_text_sha256"":""8563f4a270c283e7bb1b2c2425a56ffe9289c6f7268eb8754b80d9d5968b7170""}"	f8061f3e9b3337d90107aa2f10a0111f3f6dc86f	https://github.com/prometheus-operator/runbooks/blob/f8061f3e9b3337d90107aa2f10a0111f3f6dc86f/content/runbooks/prometheus/PrometheusNotIngestingSamples.md	8563f4a270c283e7bb1b2c2425a56ffe9289c6f7268eb8754b80d9d5968b7170	8563f4a270c283e7bb1b2c2425a56ffe9289c6f7268eb8754b80d9d5968b7170	2023-09-07T14:21:57Z	conservative_repository_snapshot_commit_time_not_document_publication	2026-09-12T16:58:09.242716Z			[]	False
KBH-D059-f471acd3d532	D059	content/runbooks/kubernetes/KubeletPodStartUpLatencyHigh.md	unknown	The KubeletPodStartUpLatencyHigh runbook describes an alert/diagnostic scenario; deployed rules, telemetry and scenario occurrence are unverified.	pending			A	B			applicability-proposal-v1	codex_proposal_not_human_review	candidate_conditional	unknown	unknown	unknown	Require matching startup-latency metrics and node storage observations; the source has an unresolved XX-seconds placeholder and a conditional IOPS suggestion.	conditional_infrastructure_diagnostic_reference	No use until required review/release gates. For a locally authorized candidate, use only as a conditional diagnostic/reference hypothesis; never claim compatibility, causal relevance or an observed incident fact.	"[""KBH-D059-f471acd3d532"",""03_collection_plan/knowledge-corpus-historical/raw/source-snapshots/D059/files/content/runbooks/kubernetes/KubeletPodStartUpLatencyHigh.md"",""03_collection_plan/knowledge-corpus-historical/raw/source-snapshots/D059/files/content/runbooks/kubernetes/KubeletPodStartUpLatencyHigh.md.receipt.json""]"	"{""document_id"":""KBH-D059-f471acd3d532"",""offset_unit"":""unicode_codepoint_in_source_document_text"",""start_offset"":61,""end_offset"":426,""text_sha256"":""4c7a3c6ba4ab1d686a630aea46497445dafcac0d2c258b48ee87a9e0411ead45"",""document_text_sha256"":""c4a738508eecd332c879dbfb4e90d4a3d5a7890ae566ea25306d085dd2e7c112""}"	f8061f3e9b3337d90107aa2f10a0111f3f6dc86f	https://github.com/prometheus-operator/runbooks/blob/f8061f3e9b3337d90107aa2f10a0111f3f6dc86f/content/runbooks/kubernetes/KubeletPodStartUpLatencyHigh.md	c4a738508eecd332c879dbfb4e90d4a3d5a7890ae566ea25306d085dd2e7c112	c4a738508eecd332c879dbfb4e90d4a3d5a7890ae566ea25306d085dd2e7c112	2023-09-07T14:21:57Z	conservative_repository_snapshot_commit_time_not_document_publication	2026-09-12T16:58:07.993743Z			[]	False
